PC1,PC2
6.121605002659113,4.360653157047288
5.440622816248269,3.0520432381110685
6.430477426424799,4.335175038824999
-0.7889687282511619,0.4134952824840212
6.8171913158780075,1.4329769877324658
5.976708707721839,3.2653384097962235
5.981951676993352,0.45142583897351507
5.608506492428073,1.9805398286320874
4.699240255290592,-1.6067651193177697
-1.8858470442766786,0.29116796078009005
5.156068223323438,2.081375385047676
5.664599440828906,-0.15187262325360035
3.315707377385534,-2.296889932918346
4.477676217332899,1.8736206884906823
6.100747379522428,-0.9449747472796105
5.291207396993729,3.508892443090702
5.217353381764083,2.2004427721777398
5.357316681361464,2.8930313008503474
-2.151685472532938,0.050930571792895445
-2.4553642571465524,0.30774805500272545
4.882126258388056,-1.2502932132095101
4.775532059392011,1.5974540150665963
-1.4022295978908617,0.07768294170552129
4.204401323265162,3.3264417032133933
2.3450498476313335,-2.6052177860870738
5.6289165499457665,3.0685412136403305
5.555351202311282,2.2959061270038
5.118465469578677,-1.7261852595612694
4.582980884498741,1.7990403530451209
3.9517682817465305,3.8624852747294542
5.26290678134278,1.4423947709107763
5.569752168382506,1.7020670363969228
5.07830679646519,1.9772293737392759
4.39989250130727,2.5182834734333346
3.9375260590494046,-1.8577722632767124
5.538296400918604,-0.5232090090651881
5.401343031579246,1.5318335637262641
-2.4780343379791443,0.9717279419352572
3.409978368177109,2.717885886688189
3.124104736156237,-2.232123421395421
-3.039733013373454,0.027048618679606302
-3.6730207581097396,-0.24146777192927182
4.677508508324916,-1.5568147952104407
3.560753965748679,2.9367632463371245
3.3816132849762885,-2.6227728510921895
5.696194764665589,0.12142602463633739
-3.070291804326188,-0.016797588420065387
4.525733561834644,2.2490722517522306
4.0809245099381295,2.3423024029925656
5.292060674729927,0.14731960359260043
3.8315839710523214,3.3348156028669904
3.7203237067911403,-1.6297583585968667
4.867444454773562,0.3471595633838758
4.69904205247847,0.16015527981861255
3.269912068450856,-1.7537216141286287
4.550771630175427,2.8900280480252087
4.331880831874259,2.425406051364073
-1.4915770170191172,0.4821527479734926
4.487819757273925,2.6145331162976935
4.1370361220314775,-1.7631766170905698
4.522433616756039,2.7536423173561064
5.266275611051243,1.0746643496264314
3.885486648898929,-1.6381601875982386
4.824673963951248,-0.07186889335644611
4.839805152007972,-0.9145944849288491
4.234202749842319,2.202931945435485
4.161328748703141,1.5173739103889083
4.483760562766169,0.573979084565821
4.140827959844301,2.2783395334886185
4.147156331571965,-1.5151758902408572
3.284849330910799,-1.9806643004136744
3.513354428569756,-1.9675701948117381
4.387694321833699,-0.23676614422482864
2.999158576046947,-2.068209105116214
2.7071750894788313,3.051034622360786
3.8381480296447394,-1.2118816555294956
2.906841717204102,0.8831945002972398
3.5802819453456656,-1.9311224167357852
5.313929550132025,-0.4573188326912403
4.241053407585114,2.343777050826952
4.102462938040643,2.1662786050132823
-2.628102307742306,0.06759453297333672
4.459852634146741,-0.3787626690886504
5.2438454688402105,-0.19256534750113163
3.5911476911328903,2.8824867931179265
4.829637891221463,-0.47263995268090137
4.7914534482089755,-0.028304554716393853
4.13238186107212,2.096926230037605
2.5802491454202316,-2.503590016307578
2.5491643657306438,-1.9214861898484483
3.8140765298186317,-0.5754357261963531
5.084531921595933,-0.5379096770365168
-3.2785698027612207,0.17849286000346926
3.7853785670699422,1.6474609747273088
3.495851392528499,2.6712505222737115
2.9383206814827654,-2.262946809914805
3.9272655119061683,-1.3226000980563493
4.688620737240741,0.8112568770828816
2.8873115085383376,1.4203108116857421
4.293601497585957,-1.3327144613318211
3.1071615147277543,1.251712452962736
5.027004784565727,-0.8275263355681759
2.208590355537932,-1.9413406209035668
4.554167410239438,-1.031159385540604
2.3753175171111005,-2.008411391669456
2.910471040555574,2.606604548906358
3.9916422385448884,-1.1088633360887499
2.3606821333743064,-2.2154019059118095
1.9020431897318832,-2.190618608518419
1.6251969042266539,1.5145180368778897
3.469440850113115,-1.7273242053276257
2.416545646938596,-2.3357023281821503
4.784328189460089,-0.26718717887250176
2.941214080148806,-1.9614875906658293
4.614703917049079,0.46064877345771627
2.6901158894765795,-2.625357535677639
3.9277564750297356,2.1316727826281983
5.019556018369796,0.3763032372845565
4.647320282599409,-1.1230106651856235
3.3133464981594614,-1.7824351124287359
3.878173539606226,-2.0491525525011824
4.212197173087129,-0.450800706478837
3.6904370067646606,2.3196921088222906
4.0584550461655615,-1.1708774051526492
3.659889003522328,2.313588765442216
3.8583560330696014,2.6009152816309546
-2.9070555055746143,0.13435809480200675
2.5361256539780586,-2.3184273475007866
-3.417823074677783,0.8189284418360242
4.169279787036119,0.9878590263624016
2.964489625969923,2.8321604987820437
-2.7633840006643147,-0.03552327796406034
3.9581345085146245,-1.611183039340163
-4.585397757000967,0.3055801314029407
3.950556896767722,-0.8805214860373762
4.320265928626243,-0.8331355877573688
3.93991919005458,-0.028103975486699052
3.464171117543867,2.5642419350966277
3.3695639971517313,1.7603371732441482
3.695676332347932,-0.014513667295076181
4.054848562612908,1.520270516007091
-2.9397061002987326,-0.090335943638079
3.7021791020689516,-0.16469854670629508
4.401534979710974,-0.8335451595805777
2.956523459574722,1.8237933158332686
2.0030299938010665,2.1165233086916846
2.2247338253235127,-1.9576751840838944
-3.565376472441088,-0.4161824129710444
2.510837415568383,1.3804567149943858
-3.2116315949482592,0.28931625609650113
1.4860852616101192,-2.7555203465672666
3.1442969301203703,2.919578401541917
1.4110008174924005,-2.67913363657572
1.7370315633969284,3.022910519998787
2.3797932094886782,2.4058880268170126
3.404040204196478,3.346545948312969
3.546152823620149,2.816496329018546
3.559931590264621,1.978188486592276
2.7781992285448545,-1.7863419792649013
2.2641464661908084,1.958411675680238
3.235142160675429,-2.0656212836937846
4.01285442964161,0.4634552980800603
4.333588582969946,-0.5664600344866687
4.238848572997031,1.0679453543694832
2.968272027911636,3.37763317443446
2.429875089343434,-2.635486458297127
3.9318131081842953,0.8376900270052792
3.4713473736963083,3.1702515943204364
4.456082750115982,-0.7561594961363084
4.706171573848754,-0.2912510111871524
3.432560800640012,2.892837906524284
3.9997177779467834,0.698402615330407
3.520010500495152,1.6888902075470544
3.009403568124768,2.998312837321381
3.1119224355844874,1.7578803214219658
2.5746434256103337,-2.283208956758981
4.422719525682028,-0.10431490849853281
-3.9277406402462955,0.04059942932517449
3.6896988909273607,0.1013439961547261
3.532122942171179,2.1539419550550343
-2.420272467095107,-0.23603663861286564
1.6636996274063964,-2.2620543357620284
3.1946966554790617,-1.8819548027715216
2.7568497532912,3.029298701113375
3.9291900958784325,0.8427927618493362
3.942246140922767,1.3480974064420463
3.5497024360237064,2.138394886312491
4.040038399781426,-1.6026728774807193
2.967494150012777,-1.9763056220581432
-3.3784859174469943,0.16503525345441417
4.832703104606092,-0.9105077308755409
2.5191810045418057,-2.525919223676474
4.304829381530137,-0.6008112315095551
3.3377399257223668,2.165854162894942
3.8515724256086865,0.5423228862279953
3.778590987270133,0.6060276785569285
-3.3880608335290594,0.36750015342689035
-3.3947266063798516,-0.11885382974776444
3.789275454676165,-1.4601186324951771
3.6121075674932106,1.014330692199456
4.351923448525327,-0.7321257456025095
-4.113047974748905,-0.4760255086910214
1.2987673042710741,-3.0836376930931895
3.8626654986114044,-1.2589166278523631
2.469843220481271,0.45440080598926585
3.026806917164545,2.1772131365388714
2.652162538437719,2.1785285965011725
3.1795096534531937,-1.8912693289109865
3.4104939777453738,1.5522902710293547
2.5934505005449755,-1.7089157476688948
-3.9135701092115185,-0.46542826932426457
2.1792938966807713,2.706916818572319
-3.720735116766914,-0.30109925697843526
-3.1538214171071157,-0.18655963066688305
-2.947093254988776,-0.07645206676035624
2.451114017322124,-2.514611280626298
3.6105936363392592,-1.4976482055638327
3.50858988116202,-1.0055771708553376
-3.9693608895856998,-0.044350686288427164
2.2523922595050476,0.7673044249505477
4.133401004811084,-1.1009407300940965
1.7439622625005722,2.4666064846999056
-4.116505792938981,-0.1373505641817269
2.6490718315908124,-1.946600444129859
-4.102190343896433,-0.2964268359155813
-4.640952257547604,0.0887171433009298
3.2137097831926162,-1.644804637784623
4.005257950383365,-0.9302405583690453
4.063258937899881,0.08112094286159986
-2.825617529038052,0.06995620388533941
3.988206709426837,-0.9897429780049732
2.360470614280788,-1.674899357580704
-4.622971863597105,-0.8877075782504351
3.5212951389720653,2.2965003007772826
3.451775420066925,2.116751813708096
3.9089078082431277,-1.0777322706969998
2.868708905960902,2.67268845310575
-3.1137933858247546,0.6736599778131236
3.5461471816797165,-1.3662362539803385
2.610283107530192,-2.151227292163539
2.505958065966366,2.8582826338805276
3.99771762274588,-0.5150874473797209
2.7225234682934767,-2.133908295622997
3.752615726147247,1.1910570261127793
2.9282088426114528,2.7567649840934147
2.236685630310393,-2.17498626678302
2.7935054455717494,2.348642021277187
4.330073265867328,-0.14890424267662633
2.6686541260146805,-2.204816636659739
4.299360248040365,-1.003693279123727
4.382933821065757,0.028651601707552675
3.1872299396614876,1.5324787309279504
2.8050013152932416,2.08416076107328
2.5596379868940216,1.9348241001420652
3.54847206535769,1.7709508681277697
2.5139875026133343,0.8103254273309873
3.36385286207917,2.0881502988355365
2.2570104098810466,-2.0468039068270385
4.09726438041459,-0.22025310343665425
2.508664250668562,-2.2051826086621147
4.4451614005826405,-0.7637453541208128
2.398091382949834,-2.5096594486147437
4.447496237411483,-1.2890393577612629
3.770012424674367,0.23877764790481898
2.680593042325462,-1.8573462683732815
2.5239182404399214,2.7585068617689195
-3.1897123065912605,-0.14803669948320627
2.8164402097231944,2.3795032688776274
3.1039979294388065,2.1136096021010125
3.1975970547002173,1.7067166732839496
3.0599833134109,2.6398288283514857
2.8150046001376046,2.515353230318558
3.935097164433276,0.33735871626267405
3.058856113543117,-1.1988417880935012
2.815860663211399,-2.411253732635295
2.5940374669098065,1.2765107735102323
3.8607656893771916,-0.8382359398029906
2.1140961833339365,-2.576356672948933
4.216196578141276,-0.9649899435061139
-3.3539557976927608,-0.2189939137178559
3.360166519756938,0.6215171483156372
2.5657184895187313,-1.60255365228566
3.1245906125564264,0.6003805193156537
2.4629024085428197,2.3541719170712807
3.9509226900694787,0.10720916478849588
-3.54980617248187,-0.18315962358781512
3.4601309134197784,1.6914395437891314
3.344518910108619,-1.9629642142724961
3.3680405057939087,1.6358994010724524
3.9498801088511937,0.10266646484180485
3.4345138534271102,-0.9523957851317396
3.3026665299057134,-1.3079420897140854
3.1173252410183987,0.4790767067032543
2.4152762805337433,3.291778546324849
3.319381216454346,1.1053904670828312
2.464161871921579,2.3276627954524827
3.745525374483308,-0.925732764252346
2.6799729662107725,1.586046123012833
3.4861061240141877,-1.0314489992010047
3.03005038882933,-2.0449782285129294
2.3812608817144105,-2.438574807582402
2.4033615019445786,-2.044980159130738
4.158808344859587,-0.24700321587830915
1.3850531749925183,-3.14518266429759
1.7158336969033243,0.596833513142952
2.44937329190387,-1.9628672549984096
3.5385030813935123,-0.06975355061891915
1.5257321140571138,-2.4964269074631016
1.6991384707365844,-2.5889174733583307
-4.2155066840606334,0.018921583550558785
-4.451767863215978,0.41520894510961315
1.883889781080125,-2.0890404293869316
-4.6805383711274064,0.09345764828126196
3.0135258568329095,-1.000788093457863
3.082020591863598,-0.14834787205952962
1.6989496342783414,2.237374368962123
1.353461224747331,1.3672005631206978
-4.526771061405419,-0.3236172373586229
-3.9513362687138263,-0.005501459493968637
3.372152258793922,1.9612447804890416
1.658123884587915,3.0977587982876176
2.634672379840076,3.0744229563982644
3.2297581308522068,-1.6715084201125268
3.76968738275088,-0.43584647688719586
3.8563330325095855,-0.3549808917278851
3.709531147116994,-0.06473208122266026
3.719030663165688,-0.20361477400398423
2.5229141502276757,-2.0079105066746834
3.620071261917489,-0.08459928337963214
3.1529442045971185,2.33446646510286
3.4947347861558042,1.4589231251277626
3.451168121851039,-0.07263250752847253
2.634933703030881,2.836418826463761
3.7874904183231886,-0.4509421033194683
3.076783457236812,2.073481905578104
3.2014861437437343,1.6811975750628407
2.6570274281207773,-1.7191719897859223
3.5058896573903273,-0.1724678264369737
-4.241711686003586,0.21563061512194426
3.576031128288592,-0.9479098989795549
3.694433624222309,0.5200261218724365
3.981308491041782,-0.09687730015269495
3.7059924719969812,-0.46893744077078015
3.5725030847686954,0.3878958148231293
4.252544352850966,-1.0671081915720209
2.1521274489068873,2.8695176880366655
1.6630583304883462,2.28936191227908
2.9146247845737987,1.4922227283983456
3.5698761432351374,-0.8766093247976542
1.7026984362482365,-2.0572708748543285
2.217468114772064,1.7281597835800298
3.478725020922984,0.737156805837106
3.537036482946312,-1.37052600255998
2.9092526105477896,-1.6867452027592287
3.469688971137456,-1.2168998172979857
2.8539458732013037,1.5927062777816294
2.7416117224554575,2.2203001643950255
2.700651556074246,1.0669123099608555
3.6934362970029,-0.6435327239141465
-4.713391851512357,0.010991225508339152
2.3090293215885316,1.4895381232873435
3.4983498484796467,0.9372862713433073
2.067351764608069,2.863598002402885
2.443157931599358,2.105030489193765
2.639966223339558,-1.3172824648262762
2.0645706483161117,2.06572776530198
3.3042207475115934,-0.3630700980530573
2.744213982371716,2.239082946750142
1.726319864717495,-2.4006321480600845
2.7396530852793357,-2.348050832110233
3.104654796748023,0.905404120763751
2.6885829147621765,2.647307998877088
-3.3726378716373477,-0.384423913900822
3.2361110771895008,-1.4811920118625035
3.856274734210294,-0.7481218454025366
3.6259360582247244,1.090842298071169
2.3746391480153,2.7520520093006557
2.360436982714758,-1.7870227808164902
3.2933206952380623,0.8048841327173916
2.815645507512043,1.5042410216151683
2.2969881108185217,3.0016335508523944
2.5354034227771014,2.1942868707429026
3.200488839384287,0.4798743922125662
2.3714500196839,-1.7406353042962142
2.304501106152923,2.0852240276100567
-2.7915589750681966,0.09475820828313176
1.64591416369733,-1.9939680917660432
2.157954662249694,-1.8761422488867046
2.6106514375341194,-2.015263616974613
1.9296761720529956,3.0680430249831603
2.2009811327578,1.3972182381458347
3.183502782709533,-0.5010781323161376
3.2673756596445123,-1.0370217832276512
3.499468688504057,0.33286939001009846
3.9758414229444052,-0.18832228555900776
3.126238657608168,1.2746901406034987
3.39003777146937,-0.9191274918527172
2.513571753151084,2.380258874738997
3.368668725263039,-0.5906395525223359
3.700112616757631,-0.9690280283953701
-4.803213571013624,0.08628744805978611
3.075332590486834,-0.16591444537685385
2.658746338363362,-0.2609888579008391
1.3467223112894005,2.037705905295733
2.0593344068745387,1.4041852345446642
3.355031726861327,0.09268943028651003
3.9133420473797345,-0.833709140410414
2.1168686792320583,1.587825101461364
2.0256759999666976,2.3593173552452393
3.485573051300653,-1.0796400222254297
2.6784979591366707,-1.9822077131710933
1.5410298775127653,1.774298370610381
1.7870475673270854,2.135017570912669
2.754995462945628,2.169570210623174
3.737076237614459,-0.5026298179814527
3.7267936713352565,0.7261337061460832
3.5742374988552137,0.44457327933012725
3.0238755764323093,-0.7047308891226687
3.3473624316188175,1.7757179133782337
3.319734253667409,-0.7696253235938347
3.0352886754674087,-1.173208686351879
2.322486066104141,2.485970582050947
1.812718793645411,-2.5199898281882134
2.4273111249132584,1.3821392669899752
2.7706300047863137,-1.676101304892519
3.4937602312716596,-1.4840638702336937
-3.18222918359669,0.37392617642970166
3.4880778583399414,0.35191606275235043
3.869374750167949,-0.98091506656384
3.1723008565028263,-0.7164156316523304
2.822591144508541,1.347177707364081
1.8038484396320218,-2.349623211146705
1.9239047493064334,-2.023903029522862
3.4959612058345635,-0.7826425388663236
3.0926791907233566,-1.8256671336057333
3.5139972895545872,0.015809599898349656
2.6690154620397184,2.654353530008397
2.730368803348691,2.2731313475478157
-3.623945767467167,-0.2430105884420536
-4.156404924648431,-0.6783300612375598
2.1490454229555795,2.6776600786777647
2.8559009701148064,1.2759829609201174
2.9346459371577094,0.5905220485332845
3.6800759787283117,-0.060236354223200825
3.340515424376894,-1.0718272538829727
3.5680838252252456,-0.4056695063505398
3.6548725506305857,-0.41676157121134694
-3.9084996629065585,-0.5464007305293067
3.7920196721006247,-1.2765230213063046
2.9203139040030632,0.8900127416481538
2.714382575132713,-1.6471437873876598
2.3537485892069587,-1.8394431117414973
2.647592851272769,-0.7891220750027321
2.8093032152167408,-1.5912080145227432
3.4517365464477106,-0.8675484740157273
1.8212508299634205,-2.182379819976142
2.391473418270001,0.9630391697440936
2.182131039847043,2.79121577311935
2.366191765954997,2.0334502540182102
3.8175959218191116,0.5476593076993969
1.6090849496900061,2.1739734595701408
2.418419740414905,1.707552529102241
-4.574450090958674,-0.6891941622642037
-3.7777004548825635,-0.30454898123094803
3.4720385433176055,-0.19985646989103242
2.9124555167201582,-1.5429058653676573
-2.961003947603218,-0.2908714748342308
0.5743247675469215,-3.361876654461325
2.109980054324537,-2.0323614577641105
2.270747575059108,2.8801402869617356
2.9462603556190636,-1.8960371267202167
2.188731527667836,-1.8579730900391287
2.667950876259131,-1.377243149916173
3.7472820533187168,-0.667200134810571
3.3243823238652017,-0.7604373531662953
3.2614500417281054,-0.8893956217682946
2.3132529611721213,1.9888806950020048
2.2636339363544127,2.7367993282274
2.103156334248514,-1.7097529936509308
2.368985145670155,2.5706889410706513
2.704266097709876,1.8580123326531572
3.91509001772146,0.09374607460913768
3.2749783305906845,-0.9889843262749048
2.4903123965461558,-1.9603298059964658
3.20838393869425,-1.6245754294369261
2.5852162697715864,0.7627401470913057
2.386178169682811,1.2907192938678906
2.6032212677808846,-1.7749679431851757
3.1259221792313556,-1.4980407180382236
2.622695225645278,0.6044564292386337
3.2238296817070693,-0.9656407168642737
3.402770500849912,0.4804242171366192
3.4072542222418494,-0.9034973495740228
1.6585629767974968,-2.4941619035388642
2.7486562329203825,-1.841218646013302
-3.67022218407306,-0.2141290571557002
1.8777979481113085,2.251586468503711
1.6161642297101804,1.980471234151317
2.2081631209766095,2.5444308210580213
2.0545069424137936,0.5422385657531781
-3.5035185592866633,-0.09954398621589333
2.512243834156654,1.9575863584715583
1.9336044560040546,2.0767251438738246
3.084989003322614,-0.7551412454238385
-3.8342944466132347,-0.3630911581274234
3.048993443305402,-2.0506028654435187
2.0611436727533494,-1.7007592376117504
2.057358879004207,2.137603649166161
2.6983247885400496,-1.7495039331676865
-4.387444833189427,0.608279065247478
2.159202884764598,-1.8481056186979958
2.4316670577471657,1.0463730225218837
-4.04597281273911,-0.33219411677378896
1.5482889966874411,-1.571702433424024
3.523671050509279,-0.6924538888344716
3.1243274389883826,0.40091038027673226
2.033418435786338,-2.615508384579805
3.262811918354841,-0.8349259553045278
2.0797684005147947,2.443827632994142
3.245182493022754,-0.8839698681417837
2.6045157768582308,-1.1010424481974714
2.3843214300286135,-0.935530801553365
3.1978480903908912,-0.605273606440925
2.3837074646202114,2.069897984671426
3.3979096624069594,0.6420884391019586
2.589734865547686,0.5364380949497296
-3.9209541226185776,-0.387608576600085
3.3780672318768823,-1.0620699589004436
2.0836652582704183,1.5317285271350471
1.374440438661556,2.7207527473906454
2.9469768522187634,-0.6849216391422233
3.1160057435652915,-0.7784833975343078
1.4028995770468258,-2.638971613100849
2.397332825559468,-1.60051724871329
1.1992614114500568,-1.9969332674787188
2.610262110465441,-1.4655279961966898
2.3174696121469758,-1.8082976682603478
1.0807796764840285,-2.424610625110448
1.191967553188768,-2.5164613633588826
2.116458355878514,0.5176822084642719
1.1051059598351458,1.550150753446516
-4.283286069435866,-0.14559317875862557
2.9065896735494197,-0.9854491254180543
3.132332801238133,-0.8791366495635251
-4.275966886640847,-0.05140071957086942
1.7644071159294328,0.578582617602676
2.9280618252659565,1.3337973478170266
2.0276523447791788,-1.996354395164526
-4.106770792752656,0.4933313813640168
3.1193540095246406,-0.8740422394953105
1.8990584446024106,-1.4000121069124953
-4.906459835461912,0.07330122661611087
2.602225517104812,0.31552612863756074
1.381858706578285,2.4182527797352735
-4.526209029252042,-0.6193101574107862
2.454476012785652,2.5178476320712497
1.726139355880825,-2.167639583386044
2.662753980557628,2.3414412216139935
3.0933775605466214,1.527300254845915
2.2273413972535874,2.365771484363642
2.912673612373167,1.6836241145067967
2.033388753320669,1.9040532169762758
4.206509838038158,-1.1647476463793829
2.0048713618194824,2.731927457945088
-4.89694513602281,0.6622304506294998
3.50535865091842,-0.98731826304378
1.4711856918800243,-1.7356189443661418
2.6894173379904673,-0.7943117621496365
-4.466816931750314,-0.25811208203594743
2.803886434116374,1.2760224099712165
2.360394890927279,2.689935176708977
-3.665312399866668,-0.80385628189203
2.953168686262993,-1.916897264784956
2.513539786308579,-1.6894358416887543
2.347094153890714,1.8647615262394153
2.531293663459402,2.1933464033012022
2.8044756545471055,-1.4536653192757183
3.8520434011648956,0.6033669712676633
-4.067538789569232,-0.6401302937899417
3.225682151242412,1.4813715507282053
1.8141996479604519,2.4582896524083746
2.7785369719157216,-0.3271407299651843
3.032086546567384,2.0511857478878035
2.7652485117212344,-1.389867783544698
2.6828847710120822,-1.6065554347728896
2.868989204740786,1.445853709683772
1.9399493173007571,2.509567446717422
3.710879197704759,-1.34999137028706
2.668471422975258,1.72072598543744
2.03030648351239,3.1271558738330407
3.296890762107111,-0.611580017270066
1.6781635032441458,2.0751245203192012
1.9268790696623261,2.1830641133493196
2.200559686331411,-2.400624438320018
3.348804320979798,-1.4724462890402308
3.450057060019207,-1.2346719458804971
2.5863739023821344,1.780224546922377
3.833410418950791,-0.23436884235228678
3.073052353204923,0.15946023751036356
2.4865171397525416,2.625581661623203
2.7404953826967176,2.3477461505551553
2.720062561780436,-1.1864015794920475
2.166122749390429,1.733480092081742
2.5565170233317014,1.5302109386541218
2.6555714833332145,-1.389977503835748
3.2028088856688393,-1.151864750165694
3.1849221560971177,-1.368567716547172
2.8994525985555315,-1.7432102902617908
2.1574745934687605,1.7512325878914579
-4.263240885537076,0.374229199713495
2.6917849196969446,-1.756865337429846
2.998004090201777,0.044919501443854114
1.942310260748569,-1.9423721433505592
3.0628461744910873,0.9801741883324604
1.2963415682277863,-2.4983440839566002
2.9227259296117807,-0.74691688674581
2.035727004988572,-1.823310780805778
1.6082273327905918,-2.0863522281165285
3.444481864987929,-0.608300910937732
2.164729630496235,-1.7260471860686035
-3.6668128350020512,0.505869786354519
1.6562234175632906,1.9404019287910959
3.1359403680422986,-0.19080056016809127
2.7173523593297415,2.0182744500385446
2.758209928077468,1.4526612958650287
2.2221798159639947,-0.7520922965162062
3.6148250063303244,-0.6702664580884226
2.4743422368713373,-1.910414288857901
2.150944781809216,-1.8679434166080555
2.1347267184824,-1.4921895878348392
3.296950156973443,-0.5765498882078319
3.419412834126196,-0.45632943772840645
1.740403477929413,2.003736749669284
2.6664560994010453,-1.6928343107065176
-3.5701605609843905,-0.4561407386242808
2.204771242161004,-1.6424451074049722
3.6274804160126597,-0.6893624297253416
2.025340939445077,2.1476025212537073
2.110000213907566,2.0671312421932506
3.130697331525309,-0.21167320323247002
3.1342084898547276,-0.5697337123363301
3.1343383769553665,-0.029286380120505908
2.1118441658552864,1.455958129551415
2.0312733672770946,1.3161229251509108
2.5597169839735785,1.235997480287196
3.262557279496198,-0.9935935629264746
2.6585517629905815,0.6004773318163342
-3.617408167250558,-0.30008225647011233
1.9579579862988756,1.919420242456048
2.4535457272806793,-1.6438884423132103
2.8388886468934684,-1.6740034794644436
2.6679364055478763,-0.3800757864016086
3.4954854031014553,-0.21787694154270543
2.4871075275531638,1.7261949559907879
1.7361199727552143,-1.9870586534974999
3.1302319385463235,0.316574181481782
3.0839240805768333,0.6641576375447618
1.031532708666369,-2.047988276863507
2.904338401537231,-0.7251567499261891
1.931713292086329,1.7332767050243336
2.980573167522052,-0.9343897200087832
1.825417024218755,1.3641329392246824
2.8223209482907543,0.41149132169900354
2.3851934416139127,1.8524269219772633
2.934746551671821,0.5267973468149996
2.973811826566569,-0.8112095887469462
-3.7491578316649625,-0.3371854384508215
3.617866812903448,-0.5881385635519041
1.4908045055533048,-2.290087371755473
3.2300204556336523,-0.9003622558880073
2.10339240871707,-1.8343220340237578
2.4797566767820998,0.27393843978729154
0.6745579783959724,-2.6946474132190055
3.27322660431829,-1.5987303156266672
3.005016989190839,-1.4078241997967396
3.341519517425638,1.1773683314079857
2.9117251018075176,-0.1299145755640815
3.31536608014255,-0.36827738582835945
3.117258230890927,-1.1488720223854025
3.2312670906020706,-0.8840436325724108
-4.473334528210723,0.2317819650593532
2.7995078972062015,-0.823622468055635
1.934847853123892,1.4218602986751985
3.086644115596983,-0.626408014196985
2.1048365429482283,2.4458891675795447
2.662460796639049,-0.5749420787299757
2.934139762075102,-1.7599006976240688
1.815061722992831,2.2102452849653442
2.519942260632835,-1.516000686583345
1.677833504068123,0.8724074177390303
-4.671660719300202,-0.4107632020212106
1.4827309442799261,-3.0872150326704078
1.9567720286713364,-2.2349844389141555
2.0903405615789916,1.9748733827402465
2.0475364213276053,2.891896732781843
1.0359799646621661,2.5753177804202863
-3.1389239883290156,0.36318895323754197
-3.8347778933161942,-0.5499313126084721
1.4605320213695099,2.4756108474251555
2.573744770750239,-1.4792914728860558
2.6208718199853367,-1.6312974211240912
3.048372140031885,-1.6270639505228903
-4.714594256596026,0.3472935703990886
-3.9212052690307546,-0.2396208628764687
-3.789369941355745,-0.15046941095130612
1.8161154943908187,-1.439628460690432
2.9148478872614767,-0.9872991654096961
0.8372728123018679,-2.6678371581058964
2.114913400823037,2.3296688410181283
0.8580751644732617,1.845053659951152
-3.7035419717297087,-0.08589030089759914
1.319116944514106,1.9976150529629424
1.860129268259967,-1.7645583945546344
2.2543491000413405,1.945138461991885
1.859335691345617,1.8827056305923502
2.2093007325808367,1.2592928931881477
2.3649409149695972,1.786629912324613
2.8787074557757593,-0.5628375065940917
-3.7030290960024264,0.35449752840764437
2.883319504766476,0.5953058346471274
1.97647512148016,-1.6674933800480636
1.516512048107614,1.6659734827555952
-4.722243545151115,-0.2240284539292264
2.4814705402253305,-1.3947327415743354
1.0339008471036288,1.5683466442464447
1.618208864789543,-0.5457652614627769
0.9209948662847042,3.2202898571542438
2.787454029567823,-1.267329077396973
2.3395685394095973,2.1632621643997405
2.5068921794144963,1.4111295827764294
3.532359257564743,-0.2442897804781466
2.7877201426515126,2.7567614396619113
1.7487538399170746,2.174904739339956
2.7626743382609757,-1.5495527258850867
-3.307029257587399,-0.269593101748485
2.973143633100683,-0.44758234121879864
2.571032923499987,0.3182689769162285
2.765129936468962,-1.4285275265717017
3.225152984704889,-0.33322704837995126
1.4408134128077805,2.137018706378374
2.511342559720474,0.3635684465010534
3.296629810758586,-0.03179124105372779
2.931670116278054,-0.7924139051150592
2.8412434655017558,0.6511573808453146
2.61020416981086,-1.173722803211692
3.577548921072687,-0.46235961540678466
3.058164210568044,-0.40132952802109806
2.3371634076794665,1.2415892772433272
1.7201790076557935,3.5784627373307383
-4.5237751409765155,-0.7264277213851464
1.9016666852103206,2.678435804636591
3.4477670508776797,-0.6857693676170447
2.361090626069773,2.252309424047067
2.7775566431900898,0.3905564084246405
2.1114697539536316,-1.3900250280595983
2.495183746934564,-1.8440919932852649
2.8716341565860275,0.7371219145183922
3.0702116055248236,-0.10353244496457205
1.1486260434550835,1.3995966268452538
3.4631517778709484,-0.30473516027756636
-4.227038168136562,-0.4932967118590976
2.713957629487943,-0.35883485236951884
1.756912536138884,1.247050446646909
2.0780424336265098,0.801802318257902
2.898207038065097,-1.745090839022721
3.501727996806214,-1.055759994219482
3.1540837712481693,-0.28296614037550516
2.297197556585802,-1.8527158168799815
-3.457636278326976,-0.1054094292671895
1.590499303596015,-2.1332290915696817
1.6831387711515344,-1.9797846202019562
1.7741702785130327,2.168211637813728
2.5178941376209467,1.907898219071687
1.7022033453663332,-2.0657847090599577
3.016986628838714,-0.18489837861057218
2.6362787922527207,-0.4909573095687022
2.562504595511518,-1.0366892354328598
2.6009419867318337,-1.353698934073885
3.3322387279451293,-0.7939054783380992
-3.870758925277813,-0.40086744786247047
1.3564465159924814,-2.239510120823256
1.025871259179003,-2.673820696417455
1.2392054011121028,1.6951866357312884
2.497352450901487,1.6538112031388141
2.4965534276848658,2.242487614086412
1.2033828725177762,-2.5891621046423046
2.8551493583483376,-1.999427780227013
3.2143637282164366,-0.2028776779827129
-4.056616261495071,-0.12213469183501033
1.9621344488165724,2.0676206838586846
3.434385675919171,0.49064507919726374
2.9768293098772975,-0.6708191380597088
2.6445934943006324,-1.32635434715543
3.1633971999922754,-0.5301484994960798
3.327061303543466,-1.4324785478932065
3.2618509787315295,-0.03236864120116489
2.8758448262995824,1.2378703076489457
2.8661205664442915,-0.618447130292139
3.0538595297950932,-1.1330686407883963
3.2087281319474816,-0.6808563114423708
1.8429941624091362,2.2837765735930367
2.712910074944829,-1.2196225876357187
0.8453931172211377,2.7171888361633902
-3.861397772506606,0.18045355070203742
2.5763760550478954,0.970880092727668
2.8069144611277976,-1.1637230673098231
2.424888150744255,-1.5371063803453162
3.1561066875736645,0.259356814625135
1.7964311141811327,2.3186322138494595
2.620572243985082,-0.29225838579873376
-4.145214182890721,-0.5883662458675569
2.8287784955846993,1.9111312507833909
2.9208199740922214,0.47368271251761596
1.904953539104826,2.7135675218863766
3.0903550495902414,-0.20968917302987894
2.7529987698696674,-1.219832590659719
1.9527530889688873,2.1631822205360525
1.8573564325564893,-1.403680655495114
0.7353929851444628,1.5492708434576936
-4.426487823646523,0.06476124081685548
2.905762467459667,-0.35549071840729757
1.3260763588580133,1.4632316967531482
2.61858702969427,-0.5515561040901463
2.207623272491759,0.9766601804387958
2.870758722843093,-0.28371250592578556
1.1883487052583546,1.4416837328501522
3.26421654216358,-0.6659175807895411
-4.2108016602784915,-0.014942769821068813
2.2018428152726406,0.7437924754168027
3.0761862675477767,-0.5470202942594301
1.122433269794627,-2.497166925738931
2.0628397691855787,-1.8570725884134864
2.0722632325244135,1.9918695407930571
1.5209041281643882,-2.183456125688001
1.4483197906590302,2.8881801239068077
3.2046462699616565,-0.7654304938062413
3.060890661920133,0.3725806505150574
1.8472529716001465,1.722644136402692
1.6100859197820998,-2.3809588836934927
1.075687470624777,-2.5585304918351723
2.5819732445609263,0.8305310962719423
2.1778996127733325,-1.7520802550935939
1.2666304613496755,-2.244107206187744
2.6963382872646067,-0.6742350911093632
1.5316261923034724,1.287510667087551
1.4747660131491804,-2.518456515252434
1.613263820797795,-2.705823751810575
1.8812614205796379,2.0255442490582074
2.516552978371168,-0.42250517145747296
-3.5849816935185665,-0.41382137443959055
1.956201224224032,-2.038317428973111
2.3606482278558176,-1.758131266884682
2.2994950697181453,1.0374691414689194
2.8459257013427024,0.1470962045220388
2.0340817687126815,1.107000578260953
0.1371296538203466,-2.681567893442358
2.3960299048421354,1.7971725146460429
2.663316503037153,-0.8243905889557512
3.4219543667620824,-0.2164640886822173
3.226753906354636,-0.2047806637158773
2.0894921083885682,-0.6474447345703688
2.7360874416797976,-1.7715260157765151
3.321516936803481,-0.4021445783791241
-4.142878377702066,0.08750895181755451
0.6170524711158821,-2.181439641644092
2.9616146049479575,-1.6300258185881638
2.0361593917972947,0.5561792150419472
2.3761516720459603,1.687448967548688
1.3923115067283003,2.1093556961275417
2.230643293106773,1.7899979353352897
1.0486638882258283,-1.9186202011050346
-2.941616419528143,-0.14314761003676268
2.0897301425636754,-0.6579865716676998
2.123073188263414,1.042084746035678
1.1152329392834015,1.2012325504697912
2.671422960695444,-0.885335834401162
2.5623133862569567,-1.4402598688772212
-4.347843949264096,0.04985913532009381
1.7790177756851928,-1.543805471923528
1.305889576767781,-1.7741759183653318
3.0434773364579506,-1.5468161072407893
0.8489314856340584,-2.601717540746597
-4.059990439795646,-0.4900852382703309
2.152766508402205,2.388701469342978
2.6774847696452584,-0.187060153265039
2.1481122623617828,0.6118388841240427
3.106840697997733,-1.0111763176977038
2.2335316347258285,1.9370048990638935
2.8436114842724183,-0.7122016068126175
1.0930490762518477,-2.363377231969338
1.9749469720425006,1.1630826295066181
2.9534203139400623,-0.6309167710190867
2.478783945987417,-1.6226434206992424
2.374475001914963,1.831236205956774
2.3619483692432928,-0.07646866521317555
1.9528608758764612,1.3463170059504226
2.0638516914011116,2.608222192704999
1.7436878772477138,1.4952297239625125
2.504534009153752,-0.29259114154763377
2.224460010250893,-1.2080670306241206
2.922005669746123,0.2694547288530347
1.3223002576501128,-1.6182027923698163
1.5929798883708677,2.0387703766703256
2.4594925009092594,1.2922724333455347
2.5574038489155013,-1.0173148158822907
0.9300750254680155,-2.6505024904819847
2.1615222820218443,-1.8120637373088304
3.308332620697752,-0.5457356579544698
1.6510936908470029,1.917050947912143
1.859687296713048,2.0316661802096383
1.3420273205339726,0.2109663525795594
1.088121434986281,1.8462317381251345
2.2576838035340545,1.4312768416551722
1.6741047310301422,-1.693896822767524
2.776691320532996,-1.0995170992166499
1.8728827842725562,2.5126844853942245
2.7815004816678273,-1.0180589157451105
2.0930063618329906,-0.05442632377828619
1.4838200763735425,-2.3731300970381763
2.721522078049275,-0.7099077673466161
-3.4367459450535898,-0.6030348881605619
3.2933045425142344,-0.8890040053176635
1.758367005654368,2.1255958516660827
2.499694002435211,-1.2300635797401696
1.8411665968809208,2.101671794587047
1.1157103312727925,2.3108259051958506
-4.672239935208404,0.050141824083928345
2.26451454262316,1.0073675492982297
1.955527785826311,1.745829201049726
1.5212861756410585,-2.102488770462803
2.5984079307622547,0.9553237456695906
2.884752400644235,-0.5165051435959688
2.880577389079566,0.10622845494083115
2.1573328606213624,1.6553413678015967
1.780978057490214,-2.135005932643164
0.37161204852611207,-3.5628459962972077
2.534486927705619,1.7610820097198083
-4.688229940986262,-0.23344218666662842
2.7213691723124134,-0.305474525170669
2.5807964277998146,-0.9559263827026898
3.100256519566301,-0.9790973335641833
1.4898636372516783,1.5065695928425715
3.360799772758128,0.08786561968113678
2.0028966884674273,-1.9827381606300352
3.0995725314277225,-0.15840608340586454
2.005510796899656,-0.5315063486326583
1.2648629744520852,-2.364061056321736
1.452769531835738,-2.2130246897161068
1.8521634242778353,0.28295940944490283
2.395226195892225,-1.7320286243328564
2.391927253941071,0.8579791968625269
1.778918351782533,1.06941035029887
0.6981115458937983,-0.06123963487722278
0.990248445348462,-2.1534140467227885
-4.416553911577978,-0.686771557656549
1.0197741708818437,1.7130240599534705
-3.840271818264571,-0.2213393671595117
1.662597668192731,2.187019261046045
1.4340022499910159,-2.054069716493172
2.7889440860684123,-1.0891658920952652
2.1690400630077438,-1.6915646755249913
-3.8953989272948486,-0.2760714964306667
1.4786608320580408,1.1767282259538752
2.353026073044061,1.7134571822533171
1.688538857458951,1.3847877498617516
1.897166575840375,1.481337033106989
2.2080088687433763,1.5258421396753277
3.0752076128633377,0.22366527523258428
1.9422082883321616,1.5493043406218896
0.38574323828478957,1.1702988146952658
1.2409536162456374,1.2470699766240685
2.089197530229852,-0.9269415692989035
2.7873400355546845,-0.929990415978706
0.24271197458850274,1.1992142767227691
2.636796787676815,-0.8817710586993373
0.36417151041498463,-2.9143560493421847
2.76671569813305,-0.8441157036261485
-3.3040169016612286,0.041798246655137296
2.845568415505537,-0.189631663284219
2.183895563015219,0.4439507283524883
2.814060614438264,1.133843768393804
0.8823966471080216,1.5471067671682799
2.0908959670370164,-2.070535127246644
2.873051415754433,-0.8218066925530896
2.802303901081714,-1.030856325642061
0.7940416403061649,-2.093543858863192
1.900754326217344,1.7743306430831154
0.9152709109077365,-2.3969112026076314
-3.981193076902767,-0.5763320528804227
2.998562117395907,-1.613373033092159
2.3812679355363366,-0.8175482883759463
2.663392197930837,-0.9697696841630752
0.03246516725203235,1.1581709729221141
1.6829379245822174,-2.0731719472233006
1.6337005459439569,1.3418205188145684
2.866030261969296,-0.07383180005844003
2.691500259868012,0.042021909725130244
2.9904724085646,-0.1472923258035257
2.4153813102396273,0.3224470343705395
2.6946164951751443,-0.8502733983541166
2.8282894705342043,-0.44704562735156506
0.6936225662674934,0.6893775969890675
0.7449098776269775,-2.059273788180509
1.9042958836001318,2.0129290285928407
1.8840969185446992,2.773261669738482
2.7605554764870166,-1.024666506436251
2.840478739387169,-0.8680758439696222
1.7839606106643757,2.697799890677397
1.4514313001339583,2.4369943953137043
2.28372011141897,-1.2162889989192065
1.870267976491141,2.6512018459794824
1.638991064518679,1.673605666126845
1.2951703012010445,1.5006961426852299
-4.426011543921681,-0.10348194927853005
2.497638311764121,-1.8317009874782453
3.8444092142625514,-0.892814725101413
2.2410716965028006,-1.577270508877208
2.8750103941468694,-0.9892852553160452
1.732418220562274,-1.7615160740108937
0.7348390269386381,0.210243501129363
1.767043903664007,-1.5902988129856492
2.2438469282348534,1.6322861454316868
1.9352649387329708,1.4053584204612763
1.9556584545800633,2.7822338334716274
-3.4749038352850308,-0.011930759779152221
2.5695967097254067,-0.6655732922540707
1.6507977281725026,-1.751838837267562
0.20829107093174865,2.8172902635024304
1.861922567326387,0.006606714276004938
1.5395857970219058,2.501481991170521
2.01391322777829,1.8436714958527922
-3.907335918236931,-0.591893926110979
2.4373476681789805,1.4713242018801276
0.465179605829784,-2.5365482723700628
2.5465032916019026,-1.2864959949100279
1.5406778241378443,-2.330429079138838
2.4516844989504882,-1.4884121055708277
1.4410840162051342,-1.5517612985362021
2.5934321358734587,-0.9297792659047974
1.8633914870176596,-1.761209560347161
1.459604315353495,1.107030041147202
0.8582567498333123,2.4541290394022566
2.70094362962868,-1.3831962142758256
0.8073806094141538,-2.6604447720810604
1.7385277740878107,1.5910492981304545
2.1337513552414964,0.2712689355386976
2.6993222996067345,-0.21360997104906027
1.8450928691694382,-1.7563483620463274
2.381750290880518,-1.5896121343914877
3.502145059462838,-0.4920952323460103
1.7053940248387054,-1.9089483439044466
2.577419440765261,-0.37252299839962805
0.7243230652409535,1.9096483004429599
-3.7238399034398,0.44006939750350904
1.9692993898282187,1.620009627546739
2.342196458527214,-1.5585188341438199
0.10590663155712782,0.5299147264503659
3.1230673085721117,-0.691519617592473
-3.781180385588416,0.2537557437494515
-4.716691935859958,0.6771753259632991
3.5287840896750433,-1.013512104497091
2.1883261790643784,-1.64825003827229
1.385231021929792,1.0074811537144956
1.5847148702596217,1.998182657971892
3.3636942293560934,-1.0396172657571077
2.422008728017571,0.8466058241874264
1.5374483330823807,1.4878407282396149
2.6357999105378247,-0.804816647027905
2.87595894546373,-0.4088145206036176
2.510787711507412,-1.2516273750496494
1.4904790402880739,2.5334235311215645
-4.167333485739037,0.07123588978802137
3.576639838783033,-0.4781138045824625
-0.02361991567707716,-3.6903281888438517
1.4283285688751652,0.4694569987185991
-3.4306428920352094,0.6925299655694579
0.8191691408336415,-2.60978956650463
3.085278857384764,-0.6375453987821614
0.20361933211819463,-2.398552805995785
3.154967772159847,-1.5224440986646721
2.717136010145015,0.2668183562841675
1.8792566758244549,2.219051761299295
0.9367660946063555,-2.0471018610481204
3.043630214465368,-0.5300318645458336
0.3195306281513758,-2.9254664612850765
3.0216988354126486,-0.11649876304055232
0.5252178352235675,-2.8818292029708186
2.6658947878720083,-1.5349878465696856
0.7218307051706757,1.584239777762089
2.3389960868194257,-1.4703119504385758
1.144312502499061,1.3018545862173125
1.6092524039503506,2.461516354884063
1.6323437329682884,1.9766033273574604
3.1466783896807744,0.7071601575782814
1.375746574603083,1.0927818866693524
2.0624534886485053,1.2521034579908434
1.4235264355656214,-2.1052527693531355
3.4014920843959575,-0.7781835323652512
1.7389255263547005,2.857655662663492
1.4510738347221,-2.3055830936161903
-4.194646420975113,-0.4777772633125425
0.9723001709977014,-2.3402553869498663
2.91952793720526,-0.21939451109562136
1.4379915884413284,1.428600745728316
2.876466083336178,-0.12600272536840793
2.494746933588709,-0.05117961245602733
1.5427669170214242,2.9439438384449708
1.8883668839336076,-1.419850104403503
3.022595223380871,-0.9443214520343004
3.443957622347825,-0.13510191153958478
2.2253826416481934,-1.7891199634731085
2.8675351513923992,-0.8167383568383156
-3.829562943224823,-0.6991077989374528
2.6156594453278537,0.7729901688113016
1.9455735988390497,-2.0666173869764144
3.0837563488282806,-0.23330375825587768
1.3840910630325165,1.989685187713542
-0.30545827747966375,-2.590572600707316
2.7628905707355575,0.5975291258104704
0.41778574026740734,1.8554168512290101
-4.99732546343609,-0.25665209780333614
1.3449462368319256,2.4346107867526254
2.7334250482080242,-1.2615067642922801
2.3250420998496084,1.9221636432226323
2.234832571406755,1.0967245718557694
1.5460529843433284,1.0698752197670442
1.8761526568270457,1.3952145129137428
2.300619073563806,2.050201386978475
2.2671561645720346,-1.1015274432716202
2.8310797620365187,-0.33104587346423153
3.195796493012935,-1.0559959729777917
1.8076291144886854,-1.7177693640996836
2.080382428659836,1.9605335258054541
3.54728000560863,-0.6587237533570793
1.251334073527866,-2.1574511219298937
1.6110760610789492,1.5605250531483035
2.2483104660477635,0.5933861331864858
0.6883115830382033,2.658615678582946
3.0102919115578697,-0.5612545507124558
1.5773380740089677,-2.132613897287382
-4.397462608693259,0.1724925802888135
2.973622713018829,-0.6020071016416362
2.8179714288440536,-0.23102294058300243
2.2254035451658454,2.791847423221965
2.6234047761018022,-0.25227133117589645
1.3829037969625284,-2.2927183687621273
1.7845100352414134,1.9199172634642412
-3.6782902421911907,-0.02065382090846328
2.760404624423467,-1.1754288122751437
3.2109035074034873,-0.29539089370111055
3.1058374278524603,-0.6431674154394604
2.606202957854138,-1.105490440658369
1.1778914358980372,-2.3847544147969613
3.112732151462475,-0.8997933284208027
2.489776460775672,-1.7155737935811988
1.5717320031552229,1.3012588606430158
2.962764564942413,-1.2163965052401404
2.525564664650999,-1.003414844195373
-3.969901205855647,-0.2566785455422116
1.854049072005174,2.672735111824587
1.586077122648686,2.770484138954313
1.8279593314626512,1.6151858959662684
2.281055659033839,-1.8526981905046624
-4.48486940579663,-0.4961765921416523
2.402501749610574,0.9420294560937732
1.0732736052452976,3.1934997128882348
2.316850004807921,-1.0944263896655493
1.5136040644137683,-2.2979422859539165
2.3933520081364197,-1.3108309888612941
2.0596405715026846,-0.2170394712214415
1.4686801458207417,2.908697028007813
3.000826828049672,0.14847463533930774
3.3611475176439947,-0.06725171217480405
3.3818598773888757,-0.46960031851588413
1.242320590338761,-2.689676128520594
1.0453702284449524,2.902823351109811
2.2537002526539403,-0.7414947291034566
2.9333484953407147,-1.6654464274386176
1.6650990480958183,-1.9029382979475642
0.32272853356618125,-2.694615758480422
1.7260298716206899,-1.6701985774735275
2.7928650026074036,-1.2682734173819215
1.2397673559132991,0.8771441429538402
2.8947803178523004,-0.28898280081593103
2.3483073946118,0.5370208074947991
0.7143120632433199,2.1395010700464328
1.294648187861063,-1.8265511131601457
2.4717733021762416,-1.5944339034922779
2.8952950062954836,-0.7855399016391101
2.487514913752291,0.9098593088978081
1.4569949703057765,2.371500464475228
3.198940947505608,0.22025607820235757
3.235537448132841,0.6682925944968029
1.1976096894506691,-2.4801387922164317
3.027818263910057,-0.029645719680056356
1.5165380584035084,1.5892762633453088
3.2749865652595145,-0.17435294971056442
2.8235259926788516,-1.2017296666562145
1.9832202589916297,-1.5079426502674242
-4.433153123704521,-0.6215876275026456
2.36460401969351,-0.6468195510309543
1.4449860454328272,2.9706440158645195
2.567866045050504,-0.8536091390224954
0.3562375579656996,-2.7074742877947555
-4.813361107578095,-0.723732397828585
1.9117817408172129,-1.3682605005763873
1.1700704141552325,1.2502527033165352
2.3502210419676253,-1.4823366452806424
1.7837728139702544,2.652174461732858
1.4949939028211372,2.378870532923908
0.8979865186481918,2.699506078040043
1.8084248760451866,1.3153735649764078
-4.438229837680961,-0.10341102250286072
-4.685747917739401,-0.36300821552640433
2.4227334274328762,-1.3492801086327748
0.16171997028395513,0.33876821845129773
1.3048360322237555,1.8543620706393498
2.019905374033031,-1.3239939986888916
2.9521524559090375,-0.007699221291330623
2.1556696703903873,-1.2052113447415713
-0.17053934549216881,-2.743434043294814
2.1955359037680235,0.2650190422043882
1.4111495419032483,-2.714789841100039
1.4286495587141543,2.378305342897115
1.5677950925899704,1.8362071924090733
-3.6898275239883307,-0.9723706642528871
3.2728094076818515,1.143378645739328
0.4857149918055099,-2.550622352000305
-4.20669497068557,-0.3717017610551334
2.0720292070414894,-1.5372878320105376
2.219109655675362,-1.2636698216272013
3.225667223971351,-0.2738695033194722
2.70685412917874,-0.3120513121997833
2.827976251179227,-1.6507525736928066
1.7151694324596438,0.6520822222164674
1.3415598655970056,1.3713202624111904
0.6356260177240438,-2.2991429608495704
2.2633816555620965,1.768473530490258
2.9525601817869296,-0.19046857188910962
1.650588116514225,2.0189812749201668
2.1140554950282007,0.8922889766529414
2.386341436188456,0.17102456805773242
1.5078648778886823,2.032054934534592
3.3067616160396356,-0.38659704836264397
1.626843934066546,-1.530764166692715
2.812060867078471,0.20191608168500516
2.710058658897318,-0.788375730360971
2.1464839544661483,-1.1091289433151292
-4.236185917664523,-0.14576208784039354
2.322556396365717,-1.1736486126376782
1.185583606731163,0.4138080571494305
1.4286586177726863,2.5601942113730702
2.204021933515034,-1.5922580662015682
1.6656544448541135,1.8157281752285541
3.2241672651623787,-0.3069077029121462
2.5744586608891327,0.010773715209460896
2.013470436656791,2.1228602862703108
1.4351268856443375,2.1449421782697797
2.7402352309342866,0.3399458053477713
2.694069916491875,-0.42900680088933374
0.7663778287754209,0.8490081191559395
1.7648668182279477,-1.4021560207073436
2.8961557899246246,-0.7474766789618705
-0.09759199169916302,-2.3598540656642326
1.817045680876485,1.1439551222106301
1.9181079835507207,0.565473271573975
1.4914030958331599,2.0832475149823098
1.5731111946166614,-2.2430174106271332
2.4877887210664076,-1.1015847799000749
1.6351828192927778,2.3036174222927044
2.520642520021054,-0.6838103721653175
1.755823994903799,-0.20620191686598968
1.203242967796198,-2.4150092499502303
1.3637246529712563,0.2350087927272798
2.057644428364029,-1.19513897342196
1.6688385266120602,2.520307039942302
0.8047947710541613,1.173218406224029
3.033875176210833,-0.588014078966319
2.486123647178179,0.9967912064599601
2.446413991405255,1.1680231509988186
1.8776188169553274,-1.6538610259748807
1.4182032846611041,1.665476827489867
2.663874565140497,-0.45180886210121474
2.0680232571530803,-1.7512032290353692
3.601724088658023,-0.9670372200981545
2.6082644887390654,0.0035360453677216706
1.1924396498675915,-1.8488872945276065
-4.382208395764246,-0.2739022225661426
2.090347079362071,1.6638700156558943
2.4160698269667154,-0.02285199600629757
1.5362425827211912,0.9109844456668932
1.9997643627985062,1.2810278658087761
0.7468653789599541,2.3857701925545256
2.0709890481010578,0.8609762903492598
-4.629753152945944,0.3391190315031134
2.251960315362204,-0.06436405381954395
1.7621108547586148,3.259386648690875
1.5990549869866046,2.8785096088775446
2.025165548238786,2.071632612684448
2.0226301015051407,1.6156879096579067
1.90373660961247,1.8712624064584946
1.6267563499612252,-2.0971120314747043
1.05593201081449,1.581116019995373
1.9502456170939,-1.597035329318015
0.6635119393428219,-2.4374233183371685
2.6626686592919016,-0.8976445206976378
1.5681334203381234,0.5031630644789056
-3.901091858335553,-0.04235691817940155
2.5125269326134725,-1.131713520918715
2.6505571119857434,0.03832122164980301
1.135183391242212,1.0987190507516222
2.159796092842759,-1.045197335584885
3.263261589314717,-0.336550437193958
2.578404093794708,-0.7721793591562388
2.4570343322894432,-0.9709015265586687
3.3670325659637466,0.2480011660327323
3.2228326436401047,-0.37116532282070014
2.0216932325953625,1.6736866143085956
0.24494180778902258,-2.506820076160991
2.6429288066985124,-0.42185462130479623
3.009523971188603,-1.3086234757637756
1.857223509484359,-1.5360729629521654
1.6929617615535695,1.7918472731875328
1.0755793099924782,-2.9223525577368474
1.5848806093759202,1.2817167245683512
3.1247022415774164,0.027712520649596013
2.6232068048230466,-1.55323001121716
1.4124191074964048,2.1045780575136037
0.7821074887867995,-2.1557854237530445
1.5924363051454098,1.9449283618522368
0.7573639577845125,-2.2104922537476446
0.866145392188364,2.0991035048234
2.699558876339856,-0.5522751747840856
-0.4025411837451821,0.7911543043624293
1.698490101798196,-1.7918746073238294
1.7981653247854141,1.341825707660489
2.149273299255787,1.433584407219071
2.1638054860030675,-1.2952815291374904
1.053276417889004,-2.0410487727481086
2.4968883380555598,0.6922476744308339
1.7101688969851463,1.7825547415115037
2.03015686079919,-1.8227383239089798
1.7833616343190282,1.8598547104918195
1.6031408220013954,2.9240226203555206
0.820382544234853,-1.8967562851370423
1.2078215159119603,1.8381640585730095
2.1744365245679074,0.7267750978352057
1.613865405530836,1.9581827716745686
2.5746245919994033,-0.9391954800411354
-4.330070987111501,-0.3328583213681595
-4.092621340073554,0.2594951728732095
3.204351937697364,-0.6494548773378458
1.1048571063051587,2.060322364850768
1.9721738697481612,1.2266814498215224
-4.603817994638302,-0.02266035836012111
1.8418698978284755,1.3399223882778455
1.3236124148585482,-1.8420088970470958
1.6505873844015464,0.14396786969027195
3.0906771407184634,-0.10941970532941833
0.5144030923034834,-2.882622466903771
-4.56680084644425,0.046911211029702755
1.8604973872497432,-1.6201720915711857
1.0398146291276713,2.898741059055354
1.018822677614948,2.0849059882359486
-4.50173625795129,-0.10597269710714728
3.0878927276531574,-0.3742989933140184
2.1854653218730964,1.657996884350709
1.7815361517131851,-1.7580415541583783
2.9357637062090327,-0.5372759184525032
2.5835470037859527,-1.0365351845811719
3.0477868914706927,-0.6727798486036909
0.8781307326372341,-2.700126997514381
2.021968251360208,1.901948786706622
1.4224931307460356,0.9520353249136592
-3.998334453487872,-0.2182659281288057
1.5194739582332193,1.7012274561528935
1.8474206167765743,-1.845061097507662
0.06967299352519281,-3.3158778454466167
2.0170276585894475,1.8598785434912373
1.788571649009041,2.164732959161455
3.2609083886756705,-0.32948394228827815
2.5885690657454092,-0.39515813769548225
2.6439827402393687,-1.3132458472689714
-3.5727557480029843,-0.4076007526959807
2.7347858753422596,-0.0818144120043637
2.4095297892464873,0.8895336014867125
1.3076463291085234,2.4054600868069893
1.204678894416049,2.074400455812324
1.2436115532078071,-1.9623193014429632
1.8137291799005129,-1.3378976943437888
1.2580246529316346,-2.8319786230201816
1.9696946358758478,0.9646977547562334
1.3666190588315823,-2.163852363365781
2.3046562376179804,1.1233617437061998
2.6743266747561885,-1.7289536655577304
-0.03519723677578622,-2.9337173522398197
0.9144567437652116,-2.256519251079163
1.7926932948921863,1.7177459649518771
0.23356716254180815,-2.6689125878194075
2.4123341617428826,-1.5449743143421701
1.9426388999444433,1.53365910628785
2.2530230191909117,-0.039864038755851434
1.1095215283010886,-1.9579927726758253
1.4801359041594746,2.141243402759936
2.2282124045946627,1.3628312704031407
2.0383376850279777,1.3518294288913304
2.868203685695821,-1.2431607946674355
2.183130724570364,0.3650325588675393
1.4618755886055406,1.5576316137433681
0.979015716265975,2.052451255068678
2.1634355629028184,-1.774411345214842
-5.336680647335835,-0.6451814658159941
3.0978516300647927,-0.3839900094448494
1.5447575722639544,1.9951331368005025
2.825394427383507,-0.42723519366933804
2.3972337993559827,1.371526618243658
1.6845422338871288,2.7925404340769933
2.6102416926138967,-0.9752285027625116
1.3399653445294701,0.28031985211095944
2.7773047299662186,0.33104532990302765
0.8322429475648487,1.2273169891021098
2.337751750266839,-1.1214828963781813
2.0322072713173953,1.3514758189357075
1.3552460927839705,1.7808642942005295
1.308484880153366,-2.184487625019011
0.4094704230167061,-2.939880566866606
-4.353156381456795,-0.9049768393966499
1.0240081470240914,-2.515168869560873
3.1611411871862005,-0.15006222588392826
1.511435257824319,-2.2904019316644204
2.7851218112866363,-1.547968967382066
1.246308739183808,-2.500897658465755
-3.7936246165678544,1.0876069097373835
0.9500576545788133,-1.7801145859896501
2.639333890660874,1.6372239857937363
1.9693905664424,-0.8133671907925535
2.128529841138341,-1.2635787449801186
0.23914177434082562,-2.8596761735423812
2.3869288010647782,0.46353982243182007
0.870447647110995,0.9659681800935987
1.9779621220874728,1.5671935818802814
2.9263557452164535,-0.4637873790789632
1.8972071214212707,-1.3771649936291634
2.281227476286582,1.0365589011958074
2.517784684901533,-0.8040285111349741
2.800972212138751,-0.414950243503384
2.745782398327977,-1.1421835231996076
2.612947040004641,-1.4043329941930387
1.9286392152051033,1.1423355968837954
1.9863279876896032,1.2701315880270083
2.566403993115219,-0.8767255816129562
1.00757064191246,-2.26715674021386
2.661650614150183,-0.6937197323233403
2.2048255882810404,1.2911157521267713
-4.51267383690411,-0.7347326046707292
2.532096539211328,-0.3530181686171157
2.358195217005232,-1.1658041489260558
1.490359090481651,-1.9952936693719507
-5.424557447326657,-1.1821804976245491
1.764107220472659,2.1486762674759627
-3.941282214538343,-0.5244576529880248
2.7173195615875736,0.5374069197465803
2.449628120721753,-0.6709228896134054
2.7920020015393505,0.3282722579795541
0.7824601221445104,-2.4397193420800893
2.9050624944454966,-1.2493883338584781
1.751046548141141,2.188990738252902
2.407289944739234,-0.8138829592052068
2.607752185972978,-0.48433196201157513
1.6952390571940468,1.7945021290298098
1.364713418719842,2.5527276328451105
1.4872657490845536,2.1154824197648856
2.450681904564981,1.598663666459213
1.2954551082357144,-2.0818198702546926
1.4507014491867252,1.9177917231426558
2.9312870705233576,-0.18598910021664086
1.5558826399128596,-1.361707060435976
1.584735619909919,1.0502400191159376
2.5373098641491767,-0.2618194290383562
3.223137324843773,-0.6069699351026483
-3.64864376358298,-0.1520981702705783
1.2454753125047437,-2.3181828053426003
2.533740880867726,1.2693242855651414
2.6351884656891853,-0.670976343450011
1.496514208601513,1.851520532136134
1.7273988496420878,-1.8402817542037553
2.8469138142460433,-0.11439129976352999
1.2241190792805312,-2.3379566824892697
1.7610284732458468,-1.6325274627015984
2.377495564931278,2.4532833673533556
2.208216499727738,1.9103999349280312
2.280502872999064,0.4977141166750977
2.341969976068634,-0.902788157046426
-4.354502367079836,-0.6010268895699813
1.137162720802483,-2.0781304927333575
1.5017519398522576,-2.0143161615202
1.750381079071469,1.5619693592346324
2.048631228177564,1.649339492628386
2.4641693074900792,-1.3711566985095593
0.8563299349875387,-2.647366072432749
2.5815256182841875,1.349298138206611
2.4272315712695907,1.022007757968908
3.0076166485598916,-0.7633802467115071
2.3572592490368747,-1.4613184985739671
1.0525550183162138,-2.5640776656155153
2.8760244867237184,-0.5494520984966444
1.4807937948757195,-1.9351217534261858
1.0961547605919844,2.6502943832388537
2.220501436243683,-1.5359584258923522
1.809313004103705,1.634298969934008
-4.347462129099656,0.3433168344354834
3.0195554277499066,-0.18424498507900788
1.060652091729747,0.2577802542846028
-0.35562062049327575,-2.6470667744197365
0.4279994408992127,-2.325590885026873
1.3983011602447306,2.53697955156291
1.6571370737554265,1.461576948831158
0.2518259288311049,-2.9674432814409806
-4.51874156361708,-0.04388055957396196
1.6257389944747374,2.5459353827288416
2.091462825371014,1.345684387048587
1.831952774486449,-1.2402010824791532
1.3137177826292756,2.245343875675872
2.7114932752720513,-0.9441099383033457
3.090389950637859,0.2967224863679417
2.377402709142648,-1.7859506860024759
3.0897446960611084,-0.30163272318106993
1.5800315605383155,2.476101108367887
2.7901374613888783,-0.6747258550808584
2.3616003098918026,-0.44539172008278916
2.4444838343924418,0.31734050553613247
2.8275185575440394,0.4132533801094328
-2.8354464265146837,0.42870225772689174
1.59982159242464,1.7347872319551023
1.4705913654667038,-2.1031576434503485
2.892165942516998,-0.8345117836949068
2.27878437200532,-1.1279994921323544
1.69251498013177,2.665269304513128
1.4109385446662144,3.202910351846489
1.502058076513187,1.3209965766634904
2.76109245333502,-1.0538119336032277
1.5017770310639156,1.9035533280782324
1.453642077212917,0.9357422714622473
2.485338333978741,-0.9347502247211181
-5.037869981655503,-0.4549023723747727
2.4781717259755665,-1.4125344984700168
1.8834447658862683,-1.313406393750338
2.8347944503265734,-0.47466524359679024
3.118110482304022,-0.9756978879441338
-3.9670074173816197,-0.24474037947692212
1.9951481596820952,2.3189507750840677
0.49676720757283543,-2.2851114657880647
2.4006389672339834,-1.4080302014148456
1.7483228522517478,-1.687331868102306
1.8737992366905603,1.592247706281405
1.6332591765995388,-2.013077674988013
-4.251751362747826,0.11109543092951693
-5.261258230370412,0.20455227091091668
1.5751013569859194,2.292058129873206
1.5007859407874544,3.02673988561647
2.6634553979451936,-1.347596168026765
2.481350010813313,0.4386330524696886
1.9964084349154427,-1.5156287126629133
2.4205551851051594,-1.0239659296253194
2.910053503831899,-1.6876332948309547
1.7205994541612184,-1.4886700480760584
2.4293559507435867,0.7706275314198647
2.1801441587432295,-0.9843615821987697
2.6393679404976558,-1.5378887608529448
1.2170793007746261,1.6391198131368856
2.9952725887913214,-0.5943041759501323
-0.5691845568031412,-2.7433667784723443
2.8298117527240847,-0.6907088142994615
1.270335679496613,-1.979056031148567
2.99010125872152,-0.9138682370861453
1.064565896250007,-2.288352757957094
2.9807464329393802,-0.5608896688708613
2.1849839154246253,1.260279767915819
1.8699553811301473,1.817819182175819
0.8600195736821657,-2.646417650665587
2.883612736948157,-0.6775095195652806
1.498433724392384,2.472756885224084
1.740690087813503,1.2923408247619146
1.769510620764066,1.558364926992184
2.7112776861302637,-0.30886971711099953
1.2963533475826061,2.960627305737701
0.9012694871672928,-2.313364283535161
1.6357479578066578,1.0726369401068723
-4.587828160126889,0.02692281946487205
0.7297235044787073,1.6948379907214568
1.7393823268551927,2.251115397620119
0.10207039725349103,-2.8581275020032404
1.7353288731551355,1.6141182862395511
1.7217360087055604,-1.5365258124579324
1.7673244125280587,0.14332785617801078
2.960894194302134,-0.192366765939237
-0.29227518632976435,-3.19269992419514
1.5877867340661942,-1.1765339885930182
2.1165519401814414,-1.682789926903941
0.7179468551785243,-3.059216751531198
2.11134853024596,1.4993500447928816
1.4685604075622842,1.3579813426900533
2.2285932937046047,-0.9386300800378489
1.2987641313228437,-2.2069923197532693
2.2545017651210006,-1.2755456299743155
1.6764023813869662,-2.2196430923118804
1.622572442556071,1.0004307335486502
2.195064822486312,0.3894469834275019
-3.9093294448227582,-0.3624687474409819
1.4637194728310472,1.2998431848924137
2.339084236672807,-0.6070054969548053
2.2850436322034766,0.05432512215378101
1.502268573148974,2.4021804787078262
-5.017906701412944,0.11176642032674806
1.8276551416996765,-1.755381008848445
1.030739217237723,-1.879581155277551
2.46332110887293,0.18605413386745892
1.4173181917106181,1.012453886755965
1.399125518153939,2.0963967157914962
2.0608812067223266,-1.8920594520387355
-3.8689289398766116,-0.2340359497435927
-4.1599424382177865,0.03346250300189316
1.7146573759558223,3.034188724552342
1.0220958434441059,2.1478191468053924
0.09372752007269412,3.0525641352500124
-1.301896379241767,-3.114694945156317
2.0250664746834084,0.6734265823394491
0.8027516955494592,1.349989143271061
2.7980942480145132,-0.9558505355502095
2.4934761729823447,-1.0375754822611782
2.806218962168978,-0.5761062878635007
2.1179915652169155,0.7205812214229439
2.5969516811530244,-0.7254231672894745
1.9510801079032818,2.22695719617164
2.09783780401776,1.0363687587235793
2.067484628818978,-2.077275493558786
2.908411529440793,-0.24756089200986858
2.3343980142094205,-0.957498558851495
0.5194778570023937,1.3269628440786398
0.5967879514753663,1.1166203892632167
1.8921205479174703,0.29880624050951105
-4.19249875849925,-0.5941433042306923
-4.3244701090459525,-0.2778947713748998
1.4105418495954694,-2.0260752199740306
0.7959761878271314,-2.071923104483116
0.8160896852459121,-2.5163773567737184
1.3674334204704597,2.3671942805893025
1.661170960041285,0.8938847701760563
2.1947528889973658,-0.20111916472264801
0.9698295430272735,1.1374173101607594
2.570262342328119,-1.0049312293780994
-0.0906409713230418,-2.8895062107139253
2.59436610465134,0.21606223934863325
0.21786131649654988,-2.9102954008519486
2.852070650079487,-0.39992990903950154
1.7414978546961974,-2.178741341985563
2.8205193799654507,0.07902877538111072
2.2641942112348596,1.6992353463251568
1.8664283260863064,1.3500020094062102
0.9802778833648557,-1.9295054149837854
2.2953634578251285,-0.6181496175681503
-4.227936668743699,-0.6950664228405847
1.4508068000032808,2.3616460455617636
2.0608468236379927,-0.8109971792848546
2.212108759657213,-0.24851471095685662
2.0493733860174466,2.2044951138169626
1.9212272664486059,-1.2930810268259225
2.400544686812198,-1.5538407891749848
-5.03789087873949,0.06352889712544751
2.592329237435368,-0.6922425822087909
2.6745214513818043,-0.08340455164966107
2.021266833569967,-1.4948294646772464
1.7578970301380974,0.7975125159265439
2.607330747363628,-0.7756953211324379
0.2274980380233845,-2.2966298740140294
1.7998777558788686,1.0295699741808344
-4.737090441132397,-0.036079966058532975
-0.9401522888750429,-2.9826049295124273
0.49112504909554566,-2.6477725844921944
1.1625295858368963,1.0882266489057515
1.2098945928887053,3.62274083850786
2.419219783485375,-1.184775998927218
1.756508367318607,-1.9538390848460447
1.87240170693416,1.8236126375801087
-5.163027091231183,-0.28782157643948536
2.394292675058449,-0.9678310149451056
1.9124913195920858,-0.16126240339621598
2.4454355437631285,-0.3486926509482151
-4.452680412282373,-0.00871913556822745
1.641830091059832,1.9380583422995716
2.3736216809382458,-0.820890838348492
1.8088562841206872,0.5163609190892782
0.8180043335611973,1.3710940069736408
2.163010536664899,-0.9216231714253138
3.227810001213222,0.5339873541255066
1.5652725626578234,1.8287584804183887
1.8379170256685267,-0.9975044656074914
1.234857773125245,3.023941300856295
0.8544891929479264,-2.8939020333804693
2.114431066811501,-1.1036078889415326
3.112933774587489,-0.5283979393193561
2.3079310813498055,-1.7158297027158294
2.2116812289341317,1.2910813259698775
1.8447480946714347,-1.2865713447022138
-4.909031466814959,-0.4018905190518052
1.348116335138034,1.5389763511597077
2.0237494127070312,-1.5901999020072637
2.02512686577887,2.2794399402459753
2.1171004881954514,-1.4303765009792442
1.7544679416190052,1.317652046232107
1.1669084267657996,1.9463463453150651
1.118030840774864,2.3748621373040186
2.64423318621448,-0.6944192785172045
0.565085995068839,-2.4789099472877476
2.736180111822511,-0.35818292439289867
2.625582683949367,-0.9629516486020933
3.3766418223115826,-0.1704973505866155
2.176660417877687,1.6930581827017261
1.3500701770616603,2.099268586278104
1.025589956142205,3.1718824704940176
-4.756962963918375,-1.0525424178361182
0.9036733986519438,1.7823478649607218
2.539612695016023,-1.3366702513303534
1.063820746376777,-2.3896867528733465
1.800922493153487,-2.3737666308621743
2.112467079775165,-0.9037176030313794
2.304039215722186,1.3435425806919836
1.6827934245548086,1.3522405051840103
1.3660035388646865,-2.0957984925561104
1.3220429731332144,0.9228778067250686
1.5895179386669167,0.9389978842703222
1.0962592021390785,-1.8126789538492596
2.787675058776754,-1.4023585015674218
2.2002290179939923,0.9744807853309378
2.8922842701984113,-0.8571912778139945
2.8441513487183894,-0.03080470298450125
1.0878404945692095,-2.1205457897726343
1.556927225057439,-1.9115233409516856
1.7831937252395607,-2.0081097646872847
1.2001805708471813,-1.5218429960260167
0.9538236714438806,1.7936865429628086
2.3208954284647465,1.553310462641919
2.095620875688165,-1.3337697004412652
1.4855224135354628,2.343024257211725
-4.89622164954675,-0.17517620791786237
2.947004265565066,-0.6810154673642184
0.6669998667796916,-1.8158032768371581
0.8168761785181152,-2.3153216861883488
1.9387383498443216,1.4407556087291302
2.8266272260437315,0.7846501740116433
1.6342826811873123,-1.7871405251506078
2.444353614456082,-0.6179153188521209
2.298404409330005,0.31254560212614296
1.5608453325926122,-1.7613453046887537
1.794121995593277,2.9596024540268306
1.8960273379702837,2.296267227250643
1.3390287526204654,-1.4769891715002728
1.6566066620646638,-0.5857841527577322
2.745663793437537,-0.995792046380265
1.9759856938326936,-0.9896064877641305
2.373534682240495,-0.05667650304890551
2.6656377848128847,0.2676361215843003
1.8231505189469295,1.8870025939407538
-3.9852396227219278,-0.10306796418592334
1.6849231582442323,-1.6189053805685099
2.2774912392583335,0.46267366097958873
-4.432416267225312,0.10708815334206656
2.604247541874005,-0.3118996388716402
1.8008581404164068,-1.854678223022318
2.995706881603831,-0.45311271183008883
1.3698953897921755,1.6897258677294147
-0.0818877080727303,-2.2385306949941004
1.7835417439457977,-1.5819789900310284
2.0454628076895456,-1.189436368880478
1.1082957150440822,2.276609491479065
3.0645739835307184,-0.18901878667688768
0.5943983885939441,2.791147067640171
-4.238171466293811,-0.2687949033514952
1.7249719386570976,0.8462482920247791
2.0133211469437984,1.092910274990043
-4.677710532135147,-0.5590854206661716
1.346698999162832,2.327858576374888
1.6408085430843051,-1.8368951868824197
1.8198691067372317,-1.4440450538972427
0.612976080613015,1.548092152896041
-3.831809453670363,-0.23827830526917793
1.223192939310543,2.2128110795145535
2.130644509835175,0.8219389702109848
1.2988242511126145,-1.7623764465671727
-3.899330610910937,-0.14480843870849416
1.6023923687431396,1.548129703253321
1.7551529343146914,1.6379828083759493
-4.298500868109949,-0.1635539871480837
2.602968555829005,-0.6728132564712381
1.9436615337385987,2.016150566263723
2.2149065991528256,0.8515710577517075
1.482704255510149,2.5166404584191593
2.1074500662385347,-2.0233529883246586
-4.109826188794108,-0.10403366202265624
2.1490368795029053,1.1591173093674205
3.0725352119411484,0.7525692614049325
2.446076705238281,-0.6491655829211816
1.5078919044729824,2.208691739416654
1.4548578847058322,1.2754225486065494
-4.42065909592405,-0.33152315064638
1.7931054362909804,1.1395658481203645
2.047743270653224,1.4789885091373656
0.9197763719609382,1.8948431352863933
1.2095414403877456,-1.9188735925708058
3.183669622965515,-0.4135784193130973
0.6990465284475557,-2.473055466873917
2.7744406533321886,-0.7411303716638253
1.2439107476828681,0.7726560636842623
2.7167557579406334,-0.2187001081639379
2.5204976624834545,-0.18781627981541013
2.2358663743594134,0.32792155027316794
2.564198327459603,0.4599251116398138
1.2146845283722472,2.412635452424329
1.9836017721274033,1.1305637089677512
1.1218316552363665,3.0869275885040763
1.6790497331877634,2.465798166972696
1.534936829616285,-1.5563782260591543
-5.010057713473071,0.2616006889985646
1.6925599196998815,1.9320643751120328
2.4776868946108817,-0.9140138848862592
1.7685562286292136,-2.0724110685941706
2.434786831693434,-0.9285870607693216
1.2878491622270787,2.552194288616571
1.9902420822302216,1.2465604071139755
1.676799230023133,0.5332557765443029
1.6533770256463312,1.5746200982978318
1.726214232451451,-1.4894757293782397
2.932160775592092,-0.23115512403611801
1.7334724928024556,-1.3918694143260437
1.3179181909675908,2.9299695403107715
1.6555854265638288,2.2135439887537105
1.3448045617592512,1.6936475483697406
2.0472248374833217,-0.9521952758584926
0.8941014118509504,1.9922565627483106
2.369968917034797,-1.5232640185857782
0.06074087427100462,-3.0033675887818503
-3.7008453879916186,-0.5258224790110195
1.5070786070268491,1.3000249524730692
2.2124142989830355,1.2898624244363555
1.8156963732520919,-1.3007959578816157
2.334430362663151,-1.311672324308519
1.6788183084347075,1.2271849460477873
1.0551983966890996,-2.3758957136387457
-4.880761994980989,-0.44305933418135685
0.29281015351088513,-2.6614203208434914
2.1234540947885354,-0.6169918226661166
1.7511558473937399,1.2305087292982162
0.2811349584213993,2.24880335002876
0.21190343959798796,-2.615876878858303
2.3237643622145328,-1.1385915806530968
1.6591031979471023,-1.47093830591815
1.4765743987091131,2.2186884458183482
1.1317044637912763,-2.3426701278575788
2.976495672227982,-1.251617867483982
2.057831611567504,1.6563087469333335
2.3325927887662385,-1.3316368193000268
1.772437099579409,-1.411540063165179
2.516741236743103,-0.3250512129913131
-1.0618450126317245,-2.9177609539410794
3.112668128789366,-1.1579464621010294
-3.9934666015949216,-0.4068773332388333
1.5593155016421345,2.129544548009564
2.689046240347546,-0.3612058597583743
2.273176367437391,0.4686328231332171
2.823054199084548,-1.5238603771359
-4.025188539631137,-0.31008449803314864
1.622286137502864,2.2875154241208535
1.8346016078705072,-1.7285269553032798
3.3196886639968164,-0.059736833183030406
1.466011972106862,1.7772700892764102
2.5697170775673808,0.6070152958135275
2.2019650732589633,-0.7382704292504725
1.1345093167086475,-1.8307774799949228
2.2767706934051555,-1.415199624489171
1.7557848223848125,-1.4013410440492213
2.947522507662733,-1.087453360090233
2.7786414502407264,-1.250374774086872
1.7955318000566605,-1.5245300149429382
2.370909198223303,-0.9852946406407785
2.3875813151276515,-1.2752628121745961
2.5108565088533648,-0.18615675215507158
1.5537268808451878,0.5889665608227954
1.6373662609015303,2.0813935464544358
2.3609194653345735,-0.6063025851209863
1.194666577886091,-2.1670758684766196
1.4059162266795597,-1.7765598825520632
1.4502710715004425,1.8556900222959114
2.7588044263577425,-0.9741355520202085
2.5160225324333254,0.6098302792393602
2.5242420484470776,-1.0305635647839484
1.0154610274886604,-1.9351473258952923
2.1092266170285265,-1.419070985519343
2.3919082527169024,-0.1486367019826585
2.3899500946581123,-0.23469178197310409
1.896486367856851,-1.1385085565958644
2.5086265996905355,-0.6030527286869005
2.20037712354683,0.9448480510815292
1.2954417070640227,1.972893356546799
2.7211051992199784,1.0424610337419984
1.8444266355635195,-1.8165842165645
2.364164933820569,-0.7806635050673516
1.0061216622645892,1.683759215842074
1.378453430637716,-2.1531060220157454
2.270566751376606,-0.8433514394967282
2.228781954605561,-0.7170423494767338
1.759225169393221,1.2378631073393307
0.44028260968306215,-2.277537059179956
1.9434422152842283,1.1415787527605563
2.4701977619592808,-0.8844060496844404
2.3910449348247096,-0.4115865525224749
-3.9030339437408,0.8073883880279695
2.8797133074229957,0.12345127918669621
1.0916386053287626,2.029676560847686
2.7618799284743356,-0.9792660640549464
2.330299602109927,-0.6667868952693895
1.5839992212039247,2.484915514950819
1.8334626510312102,1.631952537105108
3.1034153208230064,-0.7916593372817363
-3.4022516279496404,-0.5484472284680212
-4.491742506961847,0.06441319558153824
1.6816729756050017,-1.7047700598203166
0.2157173680567079,-2.649200185295116
1.259257829222028,1.529212554426638
1.0676888202088246,2.853831116494756
2.713080880808337,-0.8551229864066711
-0.681370650997024,-3.1979319902551877
2.1467977121095974,-1.4073776385450072
3.07562334541827,-0.5964277614973037
1.1260704388086753,1.6291142220194086
-4.6665042578264675,-0.41223367428736674
-4.785909530765569,-0.9927860710311571
1.9146788906272882,1.0899744597063503
1.6915546488062043,1.8328465601639996
2.111189367088053,-1.2439047084305281
2.4964486729356543,-0.6310765015460864
0.7869380032329683,0.9559122248067419
1.1491182297497369,-2.0653341891523453
2.753955252831712,-0.7842271770053897
2.6185009456065713,-1.1031485756949575
2.304889520750867,-1.7039665464238458
2.7672383346128577,0.30904163526505884
1.3110748507705265,2.3183488511997004
1.23786108815344,-1.8126033630301834
2.568297572219461,-1.4197994134553689
1.5797088964649462,1.3273186616899784
1.3993831510952977,-1.8794528552490197
1.1422532745643772,-1.6210301797611084
2.340011935668899,-1.7100938639021073
3.0756681247611315,-0.4826085037760198
2.6630045273696767,0.06676293978073884
2.1358685106678372,0.6193692159474551
2.3655868100311697,-1.434859377339468
1.7165865297121385,-1.8713948012075508
2.1520907379600733,0.371146625017339
1.5324161457356638,-0.36990470613789367
2.458584984578104,-0.7252398260024395
1.7827094653546822,-1.6774568963530472
1.4770813197109196,-1.5789415937400633
2.30014170878251,-1.353783164919881
1.8478709988287878,1.2442303569122934
0.2821449446706398,-2.6409300036679997
2.8080579738277085,-0.7006594599891718
1.3163020510284698,2.275018256820568
2.1168957954453265,1.8509898168667973
1.995724069183128,1.6867823156941302
2.233549071809126,-1.4175037925795153
1.1358641521954955,0.27716807366064267
2.1050210898076926,1.5696789288260398
2.212514570131708,0.6561238625768101
2.919491769077813,-0.5838976380436
0.9421085073031339,3.267888091236385
1.2150234583993815,1.6962913305757634
2.1708584473580417,-1.2229687819950439
-3.437292090245311,-0.23951517865359281
0.7888066612300688,-2.1272301876059387
2.319689572806924,-0.48550108483429294
1.375769978073533,-1.1390293958732178
1.6979517232203554,-2.152768582365068
1.461902134242219,-2.4308145274477817
2.3873247894934684,-0.9978333772474361
-4.028198642314369,-0.279093555878091
2.409420883894922,0.9914413164959124
-4.758610722165754,-0.5148940885686542
1.5820560345003327,-1.1911075285490829
1.407000111442352,1.7000677154129433
1.859778557665648,-1.3599343430444455
2.22799967363872,1.3244222101031873
1.6934220505043573,-1.5856231554697142
1.2688119709492556,1.7580207428119343
-3.8741152300096395,-0.1537624076456285
1.7139777563075183,1.8731757708416215
0.5919225274967351,-2.608012696602965
1.713408592983147,2.1936951649391037
1.9135208797931955,0.39601334434589563
1.3231311786574984,-1.837855597873508
-0.05583743616212093,-2.996115902773794
1.0289551511543193,1.0476112146798784
2.1843951448152352,0.9606185870452221
0.8582189084990658,1.7038622712359202
2.5857566819009623,0.40881251370816135
2.343628682838708,0.9283543935637666
1.2649985153168624,2.7841547967315186
0.35521896457165225,-2.59374228128131
-3.1305632108523316,0.3159689723340294
1.8698661505677823,-0.5778220222916547
2.4652780850054663,-1.5029008280658822
-0.4050862922587565,-2.6978899166070156
1.6821797383377939,2.067086370679778
0.37720144879499734,-2.4849422747866856
1.3196668149578201,-1.5381770141564892
2.111062558009188,-1.4196851790512783
0.8345532450385901,-1.9416390136829664
1.6197967879523734,1.5797059955601092
1.757068153801072,1.3516383282215543
2.267940314658862,-1.6171194382225094
2.779140908433955,-0.5465300155826477
2.763150773488217,0.025495614725358138
2.5809847516374735,-0.6882230443895606
2.4075701156498392,1.3917306822169428
2.074435909075742,0.9616971716581745
0.5919807484577353,1.7956375708963113
1.0031511375621405,1.6093227184254355
2.586810128784571,-0.11490522501739793
1.6938056390723693,-2.008449061787392
1.6249612574537908,1.9174416827724843
2.272218951127323,-0.5791233141977552
1.935439838646689,0.07495889441332355
1.1651346107903868,-1.720057428254904
2.6435083817674863,0.11321569291999498
0.8569800684739065,-2.221004903281222
1.9749027296192736,-1.1575657501542034
1.986292863613971,0.8480587019389106
0.822238592167277,1.5194871461513815
1.683823350754058,-1.2928333123223275
1.571605372867857,0.6316152957476643
2.217761604606913,-0.5677610947768688
1.1211054226765693,-2.273655002869611
0.49305810327120825,-2.5439671890206563
-0.7636496218787087,-3.323742983415198
1.4200353610612066,1.552038383762915
2.7690833425147363,-0.6442086976660724
3.0232495700050834,-0.2058781545128338
2.932175785452087,0.2791155086166999
2.1738389769910333,1.535923481534746
1.1054057343499217,-2.4924976224946898
2.323965023292329,-1.420527533626248
2.738102985324601,-1.186581700057629
2.1846208507447926,1.9408410169706285
1.7651456355718924,1.3369861870641249
0.9606293119791558,2.4406918653619654
0.5536208966331765,1.9610555163638825
2.3276208093870445,-1.4205196617240654
1.4225405186962956,1.5440007091020584
2.6118899839693683,0.08486127606867178
2.4118683582452856,-0.2957188586591749
-4.356367219713348,-0.45833961655313177
1.7164814522536718,0.13698248266288274
-4.923208861772927,0.03358734201950778
1.0752777696094618,2.456959882868507
1.583504176205147,1.3238731947103655
2.154094713156884,-1.271930045910142
2.385498613515936,1.9081342396435148
1.8967592261664339,1.5977048246734304
1.4836012808878387,-1.453677692014392
0.6506121151922161,2.2542760628791574
2.118406901832762,-1.331554782098582
1.9788867432207318,1.3656623269392079
0.42061806167781,-2.238658044379864
0.8257693100870808,-1.9733015707754484
2.7389029526316375,-1.0634558728044912
1.3067360701150947,2.302192086981504
2.242654604035012,-0.6817778147483812
0.13906909203848467,-2.2942827694070047
1.4932891656604073,1.5318334122740953
0.6706230694518615,0.9252860957015019
-0.24118034525321166,-2.7410755126382447
1.6648644450126588,-0.42100495178973757
2.090491182665497,-1.6752815145668403
1.4721924238885982,0.8893659819241535
-3.5931759962557215,-0.23229892525504842
1.857329602086491,-0.8895445992210679
1.9688286446279262,-0.8745146327588901
-4.845428376668888,-0.3421572877608404
1.5205277605486613,0.9541863609974909
1.1984181626935875,-2.088643502798943
1.9125159857125504,1.2804894630898882
1.862676703516957,1.513434362403409
-3.979331629128754,-0.2476790631095807
1.3280814178292435,3.451165295117536
1.5549191580196278,-2.113398235760771
-3.9783378807492555,-0.8581205647555222
0.7068436525116707,-2.3801868514174833
2.4292923813031275,-0.4795272540271584
1.6771364013398942,1.2894089134820388
1.3324689666546454,-1.6367137259298965
0.8979683894977639,1.5545152163943945
1.0647312053044629,-2.0086965113823125
1.6133486719842363,2.154697732320538
0.38394842556651776,1.642207975579133
0.5304118511411057,-2.332933492599799
2.974724790392524,-0.46061662569213374
2.110854986716555,-0.9996663935394091
1.4307231092665553,1.601545382647427
2.1558867476144083,-1.1913603172528342
1.3557949799252536,0.7303892796369073
2.1040309440995797,-0.747285070081154
1.3234786626710568,2.33047505492899
2.3141937648245974,-1.1862677369712855
2.2005560935319903,-0.6550830817521318
1.9723634843778668,-1.0812498097844379
2.3044719225156283,0.7840916872472875
-4.263218113400693,0.05605641438404796
2.3057433852852025,-1.141416392598673
2.197462243360207,-0.529961701041814
1.250036828264925,-1.9098323974102698
2.501560587095015,-1.3466433936748616
0.6861226479564754,3.489749032327892
1.4003117832809604,-1.4742475786077962
1.0071643764360296,-1.9356959028116645
1.7243842356729369,-2.1249553893302418
2.959985851529672,-0.2983949155663122
1.0623236313607853,2.0134276226840826
1.5900703888115737,-0.7327983754720826
2.2798079234152926,-1.2182708438904026
1.2843526565303771,2.727770250155418
2.503135444709083,-0.8025142787131279
-5.0262112657338776,-0.4157063507664017
-4.429173997881994,-0.4703014476830123
2.3574281839233384,0.5964230177848162
2.0748520835339805,-1.0888921055529726
2.4718566086045715,-1.226929816298356
3.003579034150655,-0.7432883693311174
2.420087922434536,-1.358755379798298
-1.0326782693166023,-2.4649452049140415
1.5149425337342097,1.8061337950391079
0.48385437688236643,-3.0448160114794485
2.3108019668992306,-0.29199508651211936
-0.032667545798646704,-2.43749617950863
2.403057888013103,-0.42237315030105177
2.6014390482325083,-0.5419936983806889
2.4497158362996694,-0.4121583323799835
1.7853481079012345,-1.7535497136429326
0.9053164276020417,2.2142959708629624
1.7072964232677688,1.7001206195669303
2.474588124488621,-0.49334103837079696
0.6544035868032909,1.3767901483758094
1.513473240202934,-2.179092362541286
1.8916573026901295,-0.948345067128883
0.9841616124517046,2.4478311996647015
2.4235563607341537,-0.7895024257941577
-4.449195963216061,0.10186900919558495
0.8629012501690041,1.0505948959571092
1.254522657289778,2.464774218409019
2.527500612493012,-0.41654191400587603
2.3283187489394614,-0.7289354459911472
0.4520648836062336,-2.9639520272780038
1.5794033205602238,-1.4653082475789043
1.986114410496598,1.0056892571293556
2.401739208527224,-0.39818229069883476
2.2886608128298147,1.5340644843346576
1.9555548072746165,2.366461121860764
2.190471994169883,-1.1296829667211037
1.169877109846063,-2.16208175087353
1.0175173453497137,2.442431939790806
2.528814662152663,0.5095487304252466
1.8767740078655237,-1.6588019736038686
0.5628843979085324,2.1693385389551687
1.6113297021820545,-1.8411374786749726
1.3310745623793525,-1.9659842789811002
1.562372350695442,1.6048767000552602
0.013646524683937823,-3.1504724533927333
2.0009865413708843,-0.7136069184241004
-4.292940802748544,-0.47808350096879065
-3.9648513524252906,0.39747707521829595
2.4055124541650623,-0.503995049135382
2.6049803482810994,-0.5382450223033737
1.2346322682323565,2.330186008145849
2.178100632300716,-0.5982692248050483
2.505274478771914,-0.7471943590064062
1.5126487856975386,-1.8466416764774944
2.093124509644489,-0.9630706842877024
0.6921552708529841,-2.243083644879965
1.9478004485482605,1.2425360835689492
1.2340078730087527,-2.0157370238359897
1.5468654085216715,-1.7324796275937129
2.455672161989901,0.020517644674000378
1.314407542199896,-1.788077211703211
2.4143713172367196,-0.7864419218880632
0.41514803461842903,-2.5241596127289245
1.3095944737874998,2.1789842747343102
2.599501958838882,-0.27340840793996407
0.48086334204546366,2.3345770629923206
2.5388663074574773,0.4258091698442421
0.8239462444613717,-1.7381301983438395
-4.286077164163197,-0.18084405718374597
0.12216397783736706,-2.4083799358313542
2.7196088107325105,-0.642027832898293
1.9339168868159196,-1.88694985670004
0.829358279850643,3.756653828845138
2.337484375153881,-0.588929326324039
0.9899444755971877,-2.856342536369992
2.22606241717487,-0.1918270740539312
0.4199206337367304,-2.0447577474226075
1.5468847753761152,-1.6544996363522009
0.16140363259652887,-1.655276181586491
1.4188677992852057,0.35761354872474593
1.4924005224605652,1.2808790763813367
1.9617681464654169,1.2785275002678973
0.9934487989430474,3.1493708575378467
2.237187918378565,-0.20285993484526102
0.24777053406007224,0.5418640896418405
2.0139309886004146,-0.01086735322960759
1.0538662109998496,0.9604342407764799
2.5319174021673434,-0.7374773919592118
1.617136383795879,1.2013691388673031
0.24699651186373345,-2.4466322774987272
1.5252764330863537,1.3260153328013882
0.4858112584385267,-2.47449500454379
2.6275246843321836,-1.0516865719124764
1.5351663930898956,-1.8395461405864357
0.1078046417228385,0.752732378747774
1.8690493904895,1.2715596443980126
1.1311021041551463,-1.8724827865998996
2.2543557504968947,-1.04749982660136
2.485471553654833,-0.8585637203211365
2.5071205346057353,-0.8212042707251177
1.80385285822075,1.5639853022840577
-4.539711088047857,0.18834852060401258
0.9916233734304363,-2.091856659460041
1.3944385444073768,1.886537612594034
1.901314927905009,-1.5106597110251851
1.185262178871562,2.707897937059503
2.3684051130597106,-0.6477896377655695
1.1452484041906241,-1.0595864357727804
0.8576731299452266,2.7117361830253044
2.436999003842323,-0.6153314084122942
0.32129182072542944,1.0877471974717448
0.9946368677313445,1.391604751523254
1.4205384470330025,-1.5558693060313098
1.011625123268808,1.6500788225720713
1.99481545554413,0.41261557708543933
2.464172260976335,-0.7675653851212088
0.9569513456217701,2.1243553330188343
1.7150960269265008,-1.420544291817953
1.4741753896277707,-1.589890869621276
1.0752706970540986,0.9896648389395042
1.1714046106203215,1.4367259705935622
1.5063221342975777,2.6133254671523978
1.705420767694081,1.2784666882628806
1.9194962874294295,0.9356791564365876
2.8325693858737293,0.12514826925514316
-0.29381950350132136,-2.6816265174511256
0.9092272093503878,1.6036748814705322
1.8775500191548968,-1.5070236731966145
1.4804396369097843,2.0509749292368205
1.3558835555100275,-1.7365943800459098
2.1395342875469407,-1.441044500495368
1.8855663776254228,1.4521997725403835
2.480060258939164,-0.5504345596956298
2.3706829784262786,-0.7219295431526157
2.3000496014983796,-1.2500420895535849
0.2152738205977113,1.2393953349171363
-4.335759916004163,-0.4905776959804873
1.0195351314508951,1.8497227119041695
2.114394360008268,-0.8178096020912815
2.6493059727778547,-1.1951178504909978
2.2032252698811714,1.5937966952672022
2.306428624837392,-0.878921541084529
1.6603546522139598,-1.7453078530184107
2.7392223684333037,0.10081207635919101
1.2360686616250955,-1.8698637845821737
1.000954646287374,1.4726546636548614
1.758692580632263,-1.3419163269526546
0.621683132635589,1.8479817425525638
1.841476968811414,1.5030083005726893
0.9180756690374865,-1.9516501251779501
2.109674046622963,-0.7743270634032063
1.7379127524420275,2.3304793418305088
1.4179905953383425,1.5032295174502561
2.1611268150417646,1.6466175726209007
-3.926787563105153,-0.21800525868420162
0.9740391105427898,2.5028740148828255
1.1954404982698692,-1.7193562168874692
-4.097876775882671,-0.325560321316739
2.9084789087790432,-0.6852327502154663
2.367302282577838,-1.4610934196714185
2.5641517347711082,-0.4315906830018126
1.6521096492910823,-1.7366369532461798
-0.06922849701022993,-2.6603465141676788
1.8524213722372187,0.6181797074617026
2.460665501438848,-0.8422832945902843
1.9793658347856653,-0.8579605709606292
2.875201345728898,0.11361148932068461
2.0452465420394725,-0.7239745546148576
2.8493107172782945,-0.8430138864360832
1.5086135749579135,1.9065527006242073
2.006211546194644,0.29363242986842325
1.7370557908878552,1.856813899405699
2.545192084170679,-0.5459979968995335
0.9455180961128846,2.5166640214142455
1.124710505340323,2.229457580987064
0.4571587035376355,1.5153147345093347
1.754482691138472,1.0865955748902438
0.859709033726781,-2.33281434319328
0.1435265341000184,0.874072279030454
-4.617787577158669,-0.21180906518018797
0.8374845907506326,-2.004164244060082
-4.707190066182076,-0.7376342121300574
-4.740164064063494,-0.616736637535276
1.1835472004815422,1.5663011967119818
2.155076376261575,-0.5522437033262304
2.070808908150606,-0.10466005539550365
1.4123188660432175,-1.9017058181239899
1.6027350756288679,1.2718018759247156
2.4882652198944313,-0.25729776710858493
2.0058542390418204,-1.2976591833319415
2.0349823398087454,0.9927167224100196
1.1460666520581044,1.6919631654341516
2.1323754961665182,-0.907694012097388
0.4931868325708317,-2.434405101701928
2.128063455753015,-0.04788150862830887
1.3242555013409862,1.6837429953928271
0.9482105574762909,-2.2221572632694944
2.501650594517051,-1.1148384165349476
0.9895816670887166,3.4639565946446282
2.1549509844247767,0.40336445310749586
1.2444400374042413,1.625473582244782
0.9393058751841502,-2.0932201489328546
1.4764243185132726,0.8625627090406393
1.7027933660048316,1.148453061412677
-3.3721592965128924,0.16261347734919
2.0982539590208753,-1.4808808500656196
2.060133364512167,-1.6364693336869043
1.9416477382114243,0.15635517192557005
2.5176571399738656,-0.7795295308542471
2.4246512050932916,-1.1667386018845856
2.357928603368391,-1.334189980568789
1.2699711059201644,0.5891272362684485
0.5677638436659719,-2.5985580954711622
2.055653646648484,0.8141245146429232
2.0160999845469147,-1.9548046128650205
1.7283231233967584,-0.7648452273427092
1.2995637834464453,-2.4445721126087596
1.2988029093670184,-1.6117902346099904
1.751856844493937,-0.9526463429238616
1.3880285704214301,1.3797929616414248
0.06652039026867966,-2.6554911328632693
1.301864095363727,0.7558448784196783
1.9091135897014737,-1.4916463211722868
0.9114537279693689,-2.1291554713202605
2.6836608485156592,-0.5235306255596059
1.3182294049087242,1.911273569230627
0.08813321501570007,2.8092721891191696
0.2151473523133681,1.4296122480873854
-0.3329591973058009,-2.51175178362395
2.333981548491136,-0.6558429001093881
1.6239373751633193,-1.4689427960387393
2.297629198018649,-0.45932765590536767
1.1923490432898296,-1.6537907258826778
1.3369367490777913,-1.8477907731160454
-3.9267773537879522,-0.18410618829661526
1.5849311745695296,-1.3486031206748448
2.1914154405711486,0.7910133097418961
2.286083130705711,0.3794814637930932
1.179635655893476,1.2474953560669724
2.84117031340207,0.07553429613166825
1.4221807064568348,2.590215662641734
1.0373797940754332,2.1001053329663995
1.5353330843085558,2.4071607792333647
1.6113847217807056,1.0372641634742878
-4.310897526689765,0.18267346370728907
2.5326452001221362,-0.2575430448007422
0.9781972166527214,-2.0370789170680825
1.8729071729812772,-1.6385137795363034
-4.774061919675174,0.2663836046917866
1.038004649063082,-1.8328756445856176
1.8491377783156977,-0.009102443884420063
1.111690419820894,3.015263103422118
1.7407687977319668,-1.706649029959311
3.231471413633518,-0.4189616596444127
2.695956628708147,-1.3488833964654598
0.839363048765318,-2.764563650294749
0.36150842073742484,-1.9763754786292198
-0.4022264722209779,-2.8274689990022908
2.143905471481337,-0.6304534913472106
2.132643763386247,0.5710912871580945
1.4254124303780429,1.8828896503455337
1.5118680448975612,2.09703353921084
0.9406478502640266,1.7719726620143832
2.464212967464107,0.5915973682331619
2.781947738511097,-0.0866612144981201
2.1612134265437897,0.9213090516801479
1.5810920877582983,0.28125897460732513
1.7999191947735524,-2.0044166568785258
1.6817323874168677,1.7633396690669059
1.0709878048530674,0.7907823088119925
-4.6726170375953675,-0.07913840262742425
1.1598163423761527,2.7131744449936996
2.3280979179818697,-1.0519787633037125
1.849173319502514,0.4944324496514781
1.3080340286152252,1.9733111283203335
1.3997912363350324,2.081024387318133
1.1486902188098242,1.724130218695076
0.9123746315696475,3.1584824550133757
0.25672584190103026,-2.788210152833274
0.7362678857515373,2.6363079211357494
1.3642746200897466,2.05253293174206
0.9022895503086513,1.9353870106462001
0.5653113898823052,-1.8035510103278258
1.819513664572807,-0.01970424359856509
0.888470390401136,-2.421034679793136
1.028131364234816,0.6604562313495332
2.591264812965764,-1.0540362381151842
1.7708886034070606,1.408986141928026
1.497839289457128,2.254506178589964
1.5571155565953352,0.7561077212297901
2.729695582420063,-0.14371722296603273
1.472544865435328,0.16487471212808363
2.4808750413301675,-1.6820576868060768
0.6170264289229234,-2.44704029841503
1.6855599770241088,-1.3663220576202157
2.5783161142511477,-1.067157601642808
0.9048043638485488,-1.5484608378184905
1.610862596162667,2.4466067938208256
2.1776507271991603,-1.3203567464435109
2.4051532095483337,0.08604860970926732
1.1061049068871645,3.3547564246060393
0.7753169849014364,-2.391184378968426
-4.626339753643305,-0.4160289727289677
-4.037453908381301,-0.23169123847162537
0.23093753393446947,2.1438348917592784
-0.8070432755963582,-3.229204972075524
1.5043984565661288,-1.5570385021396105
2.253743218838864,-0.7228672207295499
0.9058030856417021,1.1895525529248283
1.607635777727169,1.942575353527775
2.5132318378873544,0.0008022541178685034
-4.675149160161119,-0.22876574032396657
0.7668523073853173,2.722155197523035
2.727784869697197,0.3778950548497232
1.4722867034876765,1.7523897948545508
2.4612846724753856,-0.9884732340725297
2.0108177390602626,-0.6729078775318489
1.9922845826026139,0.9682844340944771
2.6356214767302237,0.6701781582742996
1.7283352009537067,-1.7251014575075398
2.295364014588538,-0.34142481455313733
1.5550989271629743,1.651947754099185
-5.039203419870999,-0.8917665361482556
1.8397710322936478,-1.0501837567156418
1.0556886726690136,1.7833093854749908
1.335652309588233,-1.3966930348837296
2.6020499612903722,-0.8084649600623443
2.4745185772579896,-1.1051435712867796
2.3241491633118185,-0.8658272119580568
1.999281628777228,-1.3487462161626664
-5.028389794721095,0.07846616236559027
-3.406688027296654,-0.47785586544562664
-6.074459910350617,-0.26367608764667033
1.6893429379498697,1.726046083964103
1.407188746212483,1.6939853682733315
2.140805248087041,-1.141254170611692
1.4187219740743033,0.905813159738507
1.01609124727346,2.005091074132641
1.1810711906584732,-2.202018071823028
1.9610151072308155,1.4135991342704814
1.3568089117421689,2.313712731199662
-4.9157113940657915,-0.41313491289387777
1.8071485792823136,0.5560858055256046
-0.2956858947772473,-2.958697806086942
1.6045622543951583,1.1196529213220157
1.197688919478438,2.356094371077095
1.8255898613230648,-0.988255924130796
2.061307230423429,-0.19922129667499483
1.5565973984285746,1.2390260037271312
1.9886279096795092,0.4727664910738538
0.8398284990801436,2.369258780201614
1.3101712005245818,2.064369620944688
2.421557979281573,0.6347060162616286
-4.205397432257555,-0.17604352341222423
2.598504969590405,-0.45533763055504994
2.1033815482966447,1.173238184278483
2.6259814654947276,-0.332478500310426
1.6775759701135604,-1.8793592112623303
0.8397483270954589,1.3183029814586644
1.647466674251023,-1.9270942743831203
1.8642414001572314,-1.4088585151027064
0.37865159207886556,-2.0659876844577547
1.366101950502504,2.299130698658035
1.4001173901007478,-1.6992346567603773
1.196380711199957,2.2363129524809335
1.731944483294639,-1.5625849458669223
2.221033710667252,-1.1781425162998629
2.740295386301858,-0.477810104780005
0.9288165644919163,-1.772801032402701
1.9130642528681452,-0.13231066805409875
1.4626051563485454,2.002698329533401
-4.446213739765952,-0.5329467075676217
2.216345920976399,-1.2995381037770186
-4.139354287268062,-0.5052190073873138
2.7798939439306465,0.7077958254143065
2.1304198458961308,-0.4734840806219065
1.0081810426253994,-2.09888158177255
2.95162393442428,-0.4333227359140852
0.252375740707495,-2.7630418565840715
1.2034445205639848,3.171437572572695
1.6477738684998395,-2.011774465289865
-4.331411514234397,-0.6185825285992188
2.16048033826293,0.135810120584135
2.194104721892365,-0.11336137263919466
2.5549282458468663,-0.35330911278835075
-4.656280978222202,1.0173040058320864
1.116427234455727,0.205039683132082
2.161924236745455,-0.7249078644324077
2.006101027957789,0.5794627778509943
1.4627777639983641,-2.0138484237454777
1.9409193611592603,2.317595152486287
2.152771392337718,-0.5231373703383145
1.4174480092294537,-0.3455986304783869
2.4409502240294736,-0.5361792825114113
1.9502724745623348,0.08873161945445644
1.7910060194549478,-1.6548861022667471
1.2609731841178522,2.1132930481306462
1.9269325070911856,-0.5589644483987511
0.33350775257843684,-2.379041305606744
2.1552846761117164,-0.860124991775538
1.7651340615039839,-1.079766847858862
2.522797069496977,-0.5803319894101795
1.2698726505195312,2.535660510640949
1.0355761157553787,-2.0954718522339824
2.6317186071025773,-0.4468930603896478
0.656794136349424,1.5175586570118358
2.2744432373924983,1.5629707925063185
1.3580878050712213,-1.6134025449836469
0.5057962996755201,-2.1390996786502874
2.080871380703869,-0.8855519819823547
0.36309052117309193,-2.8753556569364283
0.734300882663367,1.8118663546524405
-5.019721602117405,0.4542517731328764
2.713992459419916,-0.3730362110154881
0.5088522800014376,-2.1451782861544535
1.4844324795792239,1.315277901913709
2.2630062737436845,-0.647998521767654
1.6118441941037955,2.574925610666932
0.10379546882216807,1.1096457948900211
1.8072447935831937,1.0937774018417352
-3.955531194538369,-0.20846068155064115
2.833013829213139,-0.313673633406097
2.8074664299720573,-0.2360425779137868
0.8853747866212398,-2.290032090527311
2.6547601772663167,-0.08998673583317413
2.8465780652496453,-0.8288181776928017
1.312684286381937,2.2181390241583587
2.0895992282278226,-0.9625997812358409
-0.12533193263963788,-2.7133980478984214
2.1296903187335308,-0.5675007164782664
-3.7939193073292277,-0.42050092635266617
1.5367183765898902,-1.4506121930987688
2.7559761480430995,-0.37737922658931045
1.734954042886949,1.759982012121771
1.6801789230503181,-1.3336642271282202
1.552443162253778,-0.8938078383962743
1.7518925903830997,0.2994324719498694
1.668511965674158,-2.3275354381985585
1.2352337629843586,1.594719360212504
1.2865092275032832,-2.0429901296101387
2.9169104391470393,-0.5772074735419888
0.25181810130726207,-2.1333622682333497
2.8555895207012942,-0.5880096783724816
-0.17432863122926318,-2.652624538871613
2.4602571536195077,-0.5575062380248181
-4.172397527158113,-0.2663643738244453
-0.22795406101022997,-2.954242486118319
-4.922908001663464,-0.650714890814273
2.3167904759640527,-1.2286584536519336
1.2538167039681665,-1.6247913401056246
2.446594320809267,-0.9249851187877703
1.5543272513519875,-1.2787962685789676
1.3303223345072246,-1.625872743572114
2.0110851003018424,1.2879712604581925
1.9236007959410908,1.6835007219737441
2.2235570093458716,-0.6080770731993654
1.598908466890089,2.284642983631243
1.76708920032369,0.7970361957151803
-5.212088768313646,0.44078384817699856
1.052137948677258,-2.141838827851338
1.736937366632339,1.5853044087786463
1.7964074329707762,1.09730213431416
2.3245484961678846,-0.8994087317785597
1.619479379141598,-1.6290638992277995
-4.798427955774935,0.4659037684528763
2.9114302817967594,-0.0677602836345239
2.7010442026966497,0.10530422838522616
1.6829555984128532,-1.3952657055669662
1.3773425599763014,1.8317738143496005
2.6295571407808205,-0.19017716554234795
1.0553642777219505,2.0205850896747926
1.9967176613593396,1.0794301227079974
1.648491335658197,-1.660445602548221
0.8874084926973065,2.2525256855814413
-0.8378572256737747,-2.887731844682585
0.9511363310396745,1.5091465584662476
1.9834152650539065,-1.3894908855870527
0.6006172731944697,2.4396187457297085
1.827951311448015,1.3768007932753423
1.5734996064305438,1.6334259535350173
2.1333113359088722,-1.2245178966843873
2.2097355582059808,-1.5264088611840743
1.0201763171705123,1.3565378403073391
1.0805306513167774,-2.3282595372495636
-0.0291734100832777,0.5245433005715957
0.3334177836995791,-2.0863626781735216
-3.683958506284688,0.0211464068720246
0.8972178406893568,-1.7260904882317905
-4.902502588115483,-0.13773702525201642
2.809967234643583,-0.9480010737930595
1.6411752103909067,-1.2244144628234235
1.7967792501024011,0.9866705178162712
1.099301416072707,-1.8160185442256414
0.6666449373975813,-2.100314081956408
1.5931691191016528,-0.9543187098433923
1.7336041810059657,-1.3247955560950608
2.1659873872081885,-0.0879199246827967
-0.9002354139469223,-3.589148916569
0.5760414835054434,-2.008882653871106
-4.509398282608801,-0.27069092046579807
1.171622744811218,-1.6629075197778567
1.678131962716147,3.1331718644738604
0.5680247813565018,-2.45952034723321
1.1348463166664298,1.3633853844519732
1.5021365037734808,2.705508845686439
0.5144490374891912,-2.474535692265663
1.6401085223366607,-0.6184686861203637
2.5396774888977887,-1.350596246336442
1.1342237881895436,1.6938506509754294
1.3929855630066459,2.1335913176830994
2.4352874242447333,-0.34980406704713374
2.3206116176394604,-0.44690498598879513
2.5427935534683397,-0.22558471100853625
-4.701750448547442,0.0829933774661191
0.5668358726666054,-1.530803794735071
2.1361586903212926,-0.7546377900986948
1.5390281259309126,-0.19305015958673413
0.8363609555920998,-2.2847630032459447
1.2939267809367738,-0.5327470198528463
-4.466863146630293,-0.34606562220219833
-0.7164568884181115,-2.5819057836260004
1.6922286498640953,1.467728543271703
1.4964005955495598,2.122396064762029
2.8438171518649447,-0.5996728383885068
0.1731619945747885,2.788041418786575
2.295771010563716,1.0414954132503318
0.7391865935176112,0.5352418638808165
1.8927122517559525,-0.6214790304881528
2.001738483614548,-1.2438514256621376
1.5865512031234064,-1.4999956931606095
1.5938630116255568,2.2946188625321877
1.6392727549947472,0.8615665551316127
2.352252160897292,-0.5630127166843429
-0.12323284757381425,-2.782664943011858
-4.566450648853297,-0.08380770461564377
0.07708878362618578,-2.782494761408879
1.047294953284568,1.2301431427719904
1.3168815424904674,1.6431038169005852
2.2379681850084037,-1.3115404330778886
-5.351021461797104,-0.2827737631147179
1.5890333516472048,-1.7375002953665852
0.37092373713487253,1.057231189379893
-4.818517945269872,0.42089490402009805
1.2972771155791245,1.49407825758295
1.9042958525024625,-0.814329468927075
2.3939349945096224,-0.05555777525734021
1.2091802490349044,0.7980248724558464
1.9039119989556625,-0.9851487312394261
2.0598817575937387,-0.619072513242184
1.5081332447804474,-1.4087301777028975
0.8917962696820206,2.4727886301971185
1.3170145430214935,2.3881713091544605
0.7988655115911888,-1.870557443473205
1.0531225812541254,2.4979096264311544
2.5461762801474186,-0.5847714814695891
2.3103616434189247,-0.8501297221356116
1.8969750268101242,-0.9814194893572038
1.7676290840064524,-1.0831255689628638
1.8146104188605197,-0.9980716371120588
1.9795161311144287,0.9812529777616064
1.7935873313162003,0.3506679926046119
1.2861219880958257,1.1060133156967613
1.2216845591069123,1.3264639394427726
1.4466305167365785,2.8010392752682196
2.233641462517657,0.5968436045228901
-0.2525135926647013,1.385224718826494
0.4665984462522553,-2.4691409158664253
2.0902176953036777,-1.3253219538555931
2.29998119389221,0.6720061117809321
1.351568570208971,2.3937224441070453
1.8975933913514111,-1.0414019591721042
0.34840314273609563,-1.889063786466667
0.9617210327556753,3.154743268140193
2.5732665789094895,-0.3835428044576142
1.8431046109813274,-1.1694642491803116
-4.584435633970184,-0.3590413179492691
0.4090227329457767,-2.709797111010028
2.2354440464922654,0.6201882798526148
1.9520528065052172,-1.5862704505173204
2.8226055466624334,-0.27810207086899613
2.37256737388394,-0.16624479838891598
2.3973602355612083,0.5705078022341564
2.488353334137941,-0.9666906820656667
0.20986677537932616,-0.40812057085783493
2.3657618153040905,-0.3413186065907892
0.30804255121138224,-2.478520642719665
0.03447710225578788,1.3932181195444904
-3.9588927068147703,0.06789145607624793
2.594339544852226,-0.5288843365877531
1.6124769019284373,-1.3471390334064774
1.113730694666725,1.5119248742080502
1.3704290959534238,1.6498473494660788
1.6161271399589547,1.568566315496439
0.8861301581222906,0.8624491421629736
1.1321822313678243,2.186258066980044
-4.53162011562702,-0.16426322432326457
2.7193099368413884,0.09876072506924731
1.8714331485615159,-1.2478337457798934
1.409063877287656,-1.957544484584173
2.7202907623927284,-0.3175125090195255
2.328996345487865,-0.5838674788680279
1.7596362037258164,2.423039541379924
1.971160666017174,0.034630597261239654
2.246310652208284,-0.3980557091987365
1.7507251937829365,-1.0999070469002592
1.1282474082460359,1.490474880003682
0.9808483696346569,-1.8759115350550941
2.016852979315231,0.9990842746607083
1.3567907586662664,0.9219948117147578
1.659957529615127,2.2053580491219567
1.4630804738610306,1.636380954044411
-4.618942863958225,0.7283352764423915
2.2237370458984858,-0.19754044666789888
1.7206263838086184,-1.1896748960331445
-3.9919831392896272,-0.31838975293355376
0.7947786846098991,2.2308093626362586
1.2072372195089254,2.54931028370986
1.5496481999247738,-1.3334573092550346
1.947972339344142,0.008838958630641287
1.262609669819453,0.4485206934382329
2.2055859686729633,-0.8802784095025732
1.7412886864058172,-1.6091306569769397
1.8921211508725722,1.7760515173963258
1.8163142420598115,1.2369270767348375
1.0336270951964401,1.3190938832377939
1.7166552925369472,-1.2727977396208585
0.6220577271873913,-2.604045474440214
1.747464723425882,1.4292040840044022
2.3180250283962143,-0.2055743267105159
1.140303814713279,1.9113783101704984
2.3403681877941804,-0.7218615912230192
0.9251730903199203,-2.224338916702222
1.466735587569346,1.918878398790438
0.8448988727859129,0.9968179184237351
1.15287580455433,2.0925979020041554
1.364266359689532,1.3661943527417655
1.9241590061877663,-1.3428169445448876
1.3153917582000108,2.6977458222550283
1.775166375815658,1.4872703039005737
2.118920000931876,-0.5389639860135795
1.650986146201345,1.101121410793904
0.23221996131930198,-3.0295630715041653
1.0437491108101404,-2.0093279830470148
1.1415912144261826,2.1397644749229165
0.19854534321312586,1.3020497164360965
1.2805736061130255,-1.9767817491091964
0.10959374149111989,-2.2885263525294177
0.418306406650542,-2.0699146982427843
0.5934482119189504,1.2428360912971597
1.8928230572847156,-0.878789238594467
2.081420930388324,-0.5264636288486574
1.850161710082884,-0.5613109227854339
1.5184301839985814,-1.5765846162148116
0.9307779137277744,-1.5817770144050787
2.593931105936613,-0.8181234021895771
1.8554292794195786,-1.1007261759953364
1.4918623389059522,-1.4460128747025023
2.247267359224645,-0.7247550527141117
1.0204551092196945,-2.274164528040898
0.8452425254260402,1.072376478776165
1.7915432446645654,-1.0880857962393045
1.3932643039008483,2.28024818063329
2.347961130088875,-1.0471627041673177
-4.499266135502865,-0.31134012438928715
1.4185962992743237,1.577108621192842
2.549070958845688,-0.7916153445004268
1.3152020245095477,1.5672389074158763
1.6787508694271822,-0.2987615588971499
1.719353884528657,-1.1852723355596078
0.9476815371011504,-1.6079596799446731
-4.005061661003099,-0.49440141113041436
1.611707392626562,-0.9194892138867875
1.6961936984860282,-0.6607747231304378
1.9989534041582906,-0.38377830086709314
-4.539301340816151,-0.6355785534269403
1.2943917295344542,1.4093277831724598
2.322382825408212,-0.7076201176514096
1.8132084340608123,-1.1599148353894313
-0.5884987187864582,-2.0734427907419266
1.1647117334994332,-1.9411486156361784
2.062754215896129,-0.41687436273674666
2.2519380558874356,-0.3644337685264491
2.8932726217320615,-0.18103918318095166
1.7706767194719295,-1.1616044062639237
-4.193857830988754,-0.20514341529444954
2.5654590421023524,0.7465090312560794
0.3014432675747577,-2.520836809657636
-4.235216523931311,-0.7559663491994495
2.014005120823169,-0.4499043225810085
1.206926194832515,-1.677345297130289
-5.472398260461166,0.1459592616238557
1.6489714266320723,-1.0687870776673662
1.0029498398210352,0.7648623148965252
2.391743621264007,-0.9413341019694219
1.133740427172052,3.1300408744028263
1.321754533221727,1.8792326707410723
-5.104465461635745,-0.2335524831140071
0.6622720897815276,-2.5680137531837257
2.340674054105387,0.9704626281778896
2.487456523311229,0.5312803326516222
2.208067254161221,-0.4295243710276619
0.964014204104562,2.1667827665321804
0.4840179480979893,-2.045947975373507
-4.396464011524688,-0.9401231715282321
0.9697565283816099,-2.0167825055319932
0.6729961019446536,-2.257727173712088
1.7547779119671902,-0.9161257244106894
0.650713107606237,-2.146120833275195
1.5411853938563762,1.735743081836541
-4.470579794343917,-0.40357157615786815
0.7166962087267933,1.4450547374468463
1.4368276559114899,0.5214477301392936
1.5891102667326826,1.0722816648254856
2.139748168487375,-0.3810880662572094
1.0454213532031726,2.3881675407916414
1.8395963901428352,0.7925989653341381
1.712157467327746,0.21559380962897604
0.5888715730069845,1.527067335378321
1.9444447582291042,-1.4227596415108872
1.408124772559431,-0.3636077659114939
0.9504463070107139,2.7447125943398936
-4.720183062796139,-0.3002050389536021
0.9931316139453887,-1.7176596569266243
2.187083556946646,-0.9091158385823479
2.3095354402124935,-0.4601635940766931
-0.05432436912896362,-2.5139185182317947
1.6289435316451248,1.2672358338897298
2.231421444525661,-1.209639607462502
1.1348425512525422,2.1687536188063863
2.911767802049544,-0.17366409324968946
2.091725889859936,-0.8086677760985251
2.3270277480153387,-0.2574456359875112
0.40023683140955324,1.826682791482344
2.2682925976910937,-0.020574911909271947
0.6259206810161474,-3.0185395654673157
1.5034929182495036,-1.6391717042520404
0.8459647093064824,2.1433968359973496
1.3865775222356465,-1.7341647872276151
2.6302519017486703,-0.2911182253320374
2.5064896182639793,-1.1990737396653481
0.9957092774928765,2.78411634019359
1.8658683304491366,-1.4191300028638718
2.3287176419636384,-1.2760317159836847
1.9700293257232102,1.0717636416868261
1.1406535424561173,2.379301579983809
-3.9380297277772964,-0.03577070069073239
1.5100943660886514,-1.194999614496576
0.9844374549569762,1.773222646343568
-3.77192957234439,0.3629910020037093
2.7986118424163333,-0.5919415242935939
1.0462689055257353,1.5230002403751532
-0.029243767050872196,-2.6410051394630383
2.0376468287534935,0.6129637857824568
0.6516309397347524,1.8218416045584043
0.6628779686156023,1.4777638728726255
-0.19611365364035127,-2.289526935779508
-0.016460397270596307,-2.7674155230968505
1.341586368074793,1.0970214998319536
2.1839590899580155,-1.1744357267772882
1.1566740576014174,-1.5366237316027367
-4.100983842952937,-0.28831770348023006
2.785700647569397,-0.8890960599993791
1.805152727878638,-1.3656052138556618
1.4652985450491642,1.0520860950309805
1.64023725040892,2.3278500882678017
0.44224469794497473,-2.160397142474981
1.2468566611487815,2.0423431278906263
1.6988073626315812,1.6460768802780656
1.7723654950858345,-0.8808419824484185
1.4877056065522873,0.7020336460894109
2.632662651213774,-0.42433649006366664
2.5379599558758756,0.3523316952143891
1.809707735012852,0.8841356122982991
2.386974715299489,-0.44497099646343363
2.4142078164519587,0.20970685266305403
1.0986184796916107,-2.220898297762042
-4.618797408399186,-0.08845032192700861
1.099042184775714,1.9072880809011026
1.9766757548630676,0.17202068033529505
-3.9947737092973403,-0.13235924013249126
2.2754124217563545,-0.5005899236789454
1.2650452471078069,-1.622615302367274
0.4764059373037707,1.4228774596328508
-4.316666349808164,0.6163043653422461
2.283328326268121,-1.1376953149352333
0.45128741431772806,-2.3220221503292753
0.5850181578953133,1.3455385066255172
1.869389746185709,-1.1173599148566058
1.5267112196294292,1.8980001065960643
1.795486831647252,-0.7701257064716717
2.3774076412656244,-0.7071564427599981
0.1953763833447113,1.9673422354965244
1.7990718540568253,-0.029453130934565645
1.4773979272559485,-1.7308010199554957
1.0109868855592488,2.770246597411793
1.1533219760249582,2.3272637804500627
1.071536127160393,1.9264425540463084
1.3385583455865964,2.0546157393343454
2.44349531165804,-1.8871203072458922
1.8363307559954496,1.4145830489554407
2.570019667464993,0.36772948517098014
-0.3148167382635093,-2.8026717407335258
1.287973119480674,-1.969200405209576
-4.884920504251121,0.09261626549499354
1.5880898813983693,-1.3375574050235723
1.7942232850149569,1.382907925073364
1.4944482884735335,-1.8231040836667853
0.19777367792764042,0.5078593554972974
-4.418268261427834,-0.6935805038491965
-4.317766434169014,-0.3281842197734876
1.0190958616756387,1.5685533212852545
-0.1603326265654724,-3.456927840712582
2.1428164137991677,-1.0673089471807644
1.2358604128667332,1.6993045544112066
1.401367075409441,-1.7483319085799092
1.2975838435325497,0.8392534125548708
1.414507642345213,-1.7601103190462764
2.1276164895640277,-1.4945094192172697
-3.876401924993224,-0.5830618158394761
1.9092976444253145,-1.1596803456907896
-4.6773345577200685,0.9661889543688923
1.915724483771744,-1.0343614083328014
2.881359978267959,-0.6640758251872603
0.028467361317669988,2.039128675086803
1.6938738457526485,0.3273459570609603
0.8193451107238275,1.600321818374398
-5.781082346073081,-0.4182845340302221
0.7602980912789875,-2.1802369604831293
1.3847267821792402,-1.084640082468365
1.7697953734362486,1.6965609339628087
1.6202012661656489,1.4459427512493412
1.16489367825231,1.2048658020281515
1.1011295801872447,1.5772324881815476
1.2329318018257238,1.7048951025137957
1.3507768018744513,2.7723693526122224
1.5097474980424064,-1.3580726155382787
1.184056378934618,-1.5929973897632537
0.828335587331879,-1.4119111310171655
1.9193440073091097,-0.782798592921106
1.5174280840799492,1.2550723035649554
2.376235186395482,0.18370877004867703
1.3660431976893859,-0.9042196910609099
1.846078432204896,0.32214027389911176
1.9657377936113212,1.1393383156310157
-4.857164750170626,-0.24203777282492378
1.1003507100915055,-1.9928873593254484
-4.411991926475143,-0.4505714218232921
2.125116816833802,-1.0836360992097043
2.15572512670497,-0.9878885610801118
1.6892199987703882,-1.585927261501846
0.9381876012451863,1.2486546574901793
1.276906177768229,0.4637535316985499
1.8466793879020258,-1.4914547747600047
-3.2727645729456976,-0.8194852780258478
2.29563334863714,-0.6788301436333333
1.6649126111037507,-1.6002339815614213
1.8853270086079228,-1.238287999036505
0.6643960679413218,0.011614938666812246
2.1046353778735765,-0.6211163218997111
2.4932396683350904,-0.9320014122336033
1.555664476492968,-1.4568995579750155
-0.04934422730754184,-2.331828076388696
1.1316939530203687,-1.617254818831728
1.5369417256461801,0.48268723589864376
0.9512103836580795,-1.776180565064492
0.9060430072958241,2.778233379967193
2.9359301069195958,-0.3601527213212149
0.6196547091446617,1.8164390574813563
2.4073470161736443,-0.5228154715981285
-3.877348216327348,-0.34572562582761096
1.8864935698458063,-1.2845398275233122
0.26566796240592616,-2.0368776246127096
2.280547622998913,-0.7290423501868715
-4.124490123107155,0.0019764212690070327
1.8425846834715829,1.9895232649392065
0.4284826752825657,2.5317392791000244
0.2831234799243857,-2.3583967608137235
1.4958039326675117,1.8549232480659386
0.9480601309998049,-2.5665585735165224
1.1717947405728584,1.8916660544531196
2.303263015566955,0.47287951575223275
-5.158980922145256,0.19379939374027472
1.191806058026809,1.9762826858487026
1.4709932150867195,2.088114778762556
1.1764390412645795,1.876377364847599
1.7585120573451545,-1.4610997167462643
0.9715751214736557,0.2854902054263401
0.8616362418439563,3.1857403896494634
1.0633535529056237,1.4644413854671592
1.5647644836296783,-1.7153353853875308
1.4203030760006645,1.7132539871156491
1.7596894874947946,-1.570945610312179
1.8501024710875946,-0.5861740646685252
0.7732989233997437,-2.51373177579433
0.18080089058380436,2.005829851173914
0.3659335174110403,-0.7438471016542875
2.0113396222995563,-0.9968746255359042
-3.463044852869584,0.4007259287734764
2.3060320133735317,-0.7923868976138928
1.9636310585398726,-1.2618061625388806
0.4924877529795055,2.3269131883397427
0.43859058667770345,-2.23123124561685
2.3689675158099104,-0.7338432490695721
1.4520453582065442,2.4099455104129164
2.064700590850418,-0.8917114179764701
2.4060226424429647,0.5258851755697906
0.024118990325010692,-2.708220251903762
0.23780489116534453,1.9438901049970214
1.0944309453734942,2.368059159328196
2.144268508433209,-1.205002793913573
2.7279214841641006,-0.5407902091384214
2.829504644555311,-0.24869934687309814
-0.24138983659537552,-2.880941616149674
2.0048063155053133,-1.1319730591528687
0.90266411022137,1.1171937375543202
-0.12245651694795422,-0.5150584668105699
-3.90860782557191,0.281255911036917
2.0173875009400524,-0.5160605882148361
0.6226376674478294,-2.332391823736711
0.40744747208633597,-2.614371857057628
2.4718731015748454,-0.8138069257705647
-5.312556506967174,0.12245005342955972
-0.0271363066278697,-2.693509474427963
2.002748203706292,-0.18610546211191734
0.6002552580363332,-2.025841790978946
1.1538098778836776,1.6681190617723956
-0.34729257168666716,-3.422224078954013
0.8634063252305981,1.8520528128908411
-3.814179664416607,0.5947503706662665
-4.919191663046766,-0.40116948491564525
2.3082494973834256,0.2949697437142019
1.8960891162743423,-0.8003528795225523
1.288318435476022,1.3863857088400047
1.5526653075526426,1.7265634486862604
2.42693988374392,-0.9048949198036097
2.44946826567821,-0.6212929322751414
1.8905808829612865,-0.34076308976134545
0.07388714407826262,-2.269007917370172
1.8463913960097642,-1.4374844668508724
2.363477260450022,-0.4363880370794485
1.3140522286070515,0.4614178982255652
1.0671788533817494,2.701272752415198
0.014237643535082632,-2.24372794564998
1.2650678607298724,-1.9075948148399955
2.211315884463345,-0.7337106484707693
1.8569624238278084,1.0218171698830725
2.565994050829989,-0.14092545275619356
2.4341659776384432,-0.37838887401173527
0.13515915808537007,-2.3552993352368903
1.7314393872858669,-0.6952937116226569
0.6973519909092848,2.4400769378751805
1.211940952818991,3.0588201684140977
0.1588300041833286,1.5018938735963183
0.780796516681214,-1.736757033576663
1.2401888943893336,-1.8079276559702777
1.5401411372324445,2.1159517910042953
2.878456512458583,0.3913093657261417
-4.999468721393931,-0.04056348118089842
-5.077265177434572,-0.6086248807141502
2.8542905189324315,0.2560995859968165
0.118747892752761,-2.9147842136139723
2.4693629011488456,0.3309561576726717
1.1044263027161625,2.7139705355834374
1.5856171209300167,1.9647415274542994
0.9686628906383465,-1.9923988237428343
-4.77541776710513,0.33823308084754594
1.3793001621145484,1.403887529358882
1.2877391899214035,1.8257999943014387
2.3792654752439613,-0.9714295271161859
1.4831522588981234,0.5861099168835542
-5.290120847430833,-0.07834026241795677
1.1302185727984086,-1.3609600918601872
2.4279990663440083,-1.1636199862782401
2.529699558181413,0.9089692119934129
-4.477259562857428,-0.2693703115348178
0.16057728666401946,-1.7732680723917966
1.6148658709418189,0.2683350663402141
2.0834313858303046,-0.4268607829575124
1.397550969385152,-1.5423670108907703
0.5788261802809761,-2.2866014747719716
2.086253711799989,-0.6850586429489026
1.9071658152115938,-1.2141749606586778
2.520418844838078,-0.38552455595669444
2.1081956393172607,0.2644532683087672
-5.272046444342628,0.3251545662742933
0.8452579531905597,1.764981796291898
1.34493358234608,2.4029956841890026
0.749619886975658,-1.7727487936074042
1.6768005170851488,0.991082845314042
1.8718337605920097,0.0020571680465735357
1.9298095684400418,0.516659415094127
1.7894551811276218,-0.27062344096200697
1.9909426236229348,-0.9841955849587872
1.6175933714523776,1.4580525081134177
-0.7390406478089755,-3.0852584668433423
1.410036687643632,-1.4421047285102395
1.410351754200735,1.7561933842966022
-1.1475420106427845,-3.0425705187724086
-0.016599098317831185,-2.391905911680598
1.6356477045307813,2.1072883746277395
1.0217776206957927,2.0552466181736784
0.7942623378167365,1.7252538201877925
1.9166149022954557,-1.059548716290844
2.344902814161401,-0.7127424449420379
-4.44450541920683,0.1327698052425747
0.9306776492479147,1.9854404220297908
-4.679524350935682,-0.8192708485287283
1.9671810126964417,-1.3925010338287351
1.6840729564016266,0.42676701898649205
1.5245466219379362,-1.483520253034255
2.1801153226024765,-0.8568722479307103
1.042472128539989,1.2026029106763645
1.85436523146664,-1.0629396826281279
-4.248975133710334,-0.32248163181090284
1.0210978338878696,-2.1036527963254943
1.3094647199850096,2.7724811233430393
0.9330427560164416,-2.1983626162993413
-0.07029028612408697,2.385005050846873
1.9743728536829854,-0.9497514115203196
0.6931810121786828,1.9689623167089645
-4.674349744422258,-0.5326882353964422
1.2884141829939602,2.015965173279791
2.502787487531807,-0.01906543683504467
1.5367550355533888,0.5786209968285665
1.4522299186937653,1.6871007708307906
2.538785746973107,-0.2254944107099726
1.5156672176980466,2.056294396068062
1.7007291333518877,1.043673525608104
0.5925878368461717,1.4306654410398774
1.3202815165838433,1.2054779088419798
1.1884063576473503,-1.9206673063348256
2.5714561157379445,-0.06371330049478535
1.089273112266601,-1.982710260413792
2.2329178533395626,-0.8303747868246669
1.2883797787834668,3.3722546983673984
1.316333870228838,1.2689715653308735
2.4281596815971,0.8104768713445546
1.5143511414057007,2.319528300819272
-5.787078502037605,0.027795398745369168
0.4828795698404126,-1.9965605529965762
0.15813173089351054,-1.9188958449271516
1.741118849566659,1.923275518193005
1.5280718398058213,2.5947720923751416
2.1868064589156164,-0.9279498285118493
1.7276081605044782,-1.2855069364154794
0.9466083880419398,0.9457152636858579
1.8245473008182094,0.39473072251125524
1.9690396250923146,-1.334490681645292
2.170593067587798,-0.9695655948697137
1.49201505578799,2.14943994918711
1.277924683062648,2.385517507474039
1.3574145649567055,-1.8559530119849639
1.3238487562654278,2.7299413382532225
0.9540754199674635,1.954089349995094
0.6187501570036724,3.1180541555530223
1.1715407737702979,1.2528450067222499
0.6299585893064382,-2.1923012735297225
2.401566292762813,0.9789327794989439
2.3023228834853637,0.139057344838407
1.593103414705078,1.52113027915758
1.5962184270863078,-1.2586207010136357
0.8141610002917027,0.7559084734389375
2.56540492867129,-0.4876520068987548
1.554129568103769,-1.3401923344736637
1.813382637288977,0.8964682215679636
1.219992855477626,2.396272347152136
-0.049347795082085893,-2.4389247916621795
0.5033808197862719,1.3510106546432292
-0.176225491206715,1.5772540177993382
-0.3155760920250965,-2.83163188225235
2.366178288612903,-0.48261155327559074
-0.18377759544786448,-2.713879294011755
0.6571603521735688,1.6702850200899597
-4.082824051287983,-0.8014262976203073
1.5367393461599392,-0.822220710231335
2.4813827890749898,-0.0038540004930008825
2.096813269927788,-0.8256541553664742
2.046744268581717,0.6699026250449663
1.9052995333755673,-0.2765394573065642
2.184455878776713,1.019165662165124
0.5977743515442939,2.3499937290031117
2.1475227047049867,-1.071429703171936
1.1438510678778455,-1.7503875425873987
1.6846712553773138,-1.165743523576548
1.7272523265591753,-0.9304109913050969
1.3537537055943545,-0.9400843194774375
0.7227479502246505,1.6029702908133112
1.7137085539263188,-1.5363872985206026
1.031384829727435,-1.8050921532797914
-0.23870348110822373,-2.6406585404340897
1.683542182681328,1.361573506366162
1.4407000877228526,1.2004578713593177
2.08023001600359,0.5563849472357716
1.0667415076519262,2.2528159315806535
1.2754533619240704,-2.8538662114674533
0.1912750150625769,2.089686815556637
1.9009807513132002,-0.6953393161689606
1.409093786931257,1.095936435476992
0.929697580948776,0.061470206223943426
1.8807636765737834,0.6203838896768556
1.8968207807752924,0.928831728978447
0.5260412691591383,2.700487685912716
1.671263225644186,-1.3787423475001133
2.646516412994602,-0.5611635950788316
1.2544516575670566,-1.3881794164509116
-5.701044031983367,0.11255471853907396
1.0284119350822571,-1.9124108732251366
1.0099644333796174,2.8822069279471325
1.049913015162176,-1.9877423768736897
1.8858028830966247,-0.9497472392903215
0.3026861678304747,-2.5845867902707003
1.7418354122066524,-0.9308890254881824
0.15271455121177027,1.723100566576951
-6.220837833746038,0.23445956740485943
1.1496551832352597,1.9084844857467023
1.5129274657091383,-1.2772992796191467
1.5816034689378025,1.3636488335714494
1.226944142387734,0.8246973918109466
2.340404907551712,-0.6650093419622546
0.8648745574618941,2.392935437717598
1.7209773587623267,-1.0864517575848203
1.6477366823812998,1.5499880429673851
0.3531199242479993,1.8222298070890774
2.0466982252338615,0.31250702527544455
2.2523689494268617,-0.06972480819541033
1.753107616876374,-1.083430924347816
0.8179490271940252,1.8459424616339042
2.3265522852737317,-0.7740429765049497
1.4289028632786334,1.529737979750482
0.19481120563597537,-2.1918582957195722
-0.02567517136007544,2.604821780584494
-4.268152825848346,-0.2207313311117381
1.4679256912873575,-1.2076052366176697
0.9309068668537107,1.1032897203799001
1.0042424125598532,2.0018931101194286
-4.173147680057028,0.07281618829445052
1.6544388429796788,0.6383191718834956
0.5171366504519314,2.482729015869026
-4.71969675587478,-0.5748983507176376
1.0037217923479436,0.39262683914662716
0.6754018557920672,2.0070069462164053
2.0405713467270257,-0.9950862755186216
1.519045784049215,-1.2050099277357171
1.7280012917581107,-1.2416860446537896
0.9115724202732478,-1.766410184911285
-0.07787633772303586,-2.88077070800677
2.178892680122103,-0.2704326656728514
1.96821259621347,-1.3554953502242773
1.6637615826754852,-1.453013712351666
0.5997195953517982,1.1602937038556596
1.068960553487316,2.3596990010234236
0.06284130048086867,-2.2136852342037203
1.4210724486622517,2.330881575090713
1.5325376383571605,-1.5571813292198617
1.3084359212152197,-1.5008215408560537
1.3725245559126076,-1.7421847093353378
2.0124667032087493,1.1834797957043686
-0.34335493301125325,-3.393213709112366
-4.794709503110478,0.44404186437613813
2.00811602541154,-0.13563480688569904
0.7472828190295935,0.7748670182367611
2.037638143704145,-0.26877620349159664
-5.036682757670262,0.05101530997057072
1.0345572411000943,1.477896609842393
1.4940221760499115,1.9991128046448796
0.881800873412474,0.8943143004487225
1.6943131858611393,-0.012907792497939295
2.027715132474705,-0.3896788308093638
2.0590651773658704,-0.16613579030704295
-4.914633819985251,0.3090047756621432
1.637116414461569,-0.9506706182604681
2.304013863569767,0.5207670489152667
0.9746973121791611,2.10418921520432
1.3631258601708682,1.8103985558877371
0.4818710183929895,1.7255264614161399
-1.6881399670881068,-2.470541030385486
1.4035254821460341,2.059953041137045
1.0885630942183826,-1.770798861294269
1.3059298430121857,-1.4639420087813464
2.497494475708815,-0.5571708027461327
1.0173203057814775,2.021019554465384
2.550239579715005,-0.495922833546271
0.3618902071722967,-2.479266607843009
1.63212016543661,-1.240433971616482
1.6025143356688678,0.9600321504555955
2.788957121251093,-0.0215972472655622
0.9157556886080147,1.0481781170469473
1.5898063349989744,-1.5948088623858208
1.3086684705912506,2.6693114349756955
1.0135067302792495,2.3538934493172188
1.0667704573621868,-1.7574933548955158
-4.378812318105656,-0.23762833919507215
0.5139160041887569,1.1143352737276446
0.8664043946255999,-1.7634110441849808
0.8260121848750039,1.8888238014599104
0.4862500661304057,-2.403870798190068
1.5546088662465614,-0.6932216922829509
1.553053747496016,-1.1506507610500505
-4.234054010752671,0.4756234919667453
1.6027752468179095,-1.1317073710441672
1.3393182463962043,-1.4906719380845008
1.9001284992230427,0.8581753137358356
1.9489835467338839,-0.34244152973913244
1.4324927891354544,1.8348555317193587
-4.686927925421158,-0.17750182222792965
1.0049878423257739,2.2480108481364542
1.7094837339809494,1.50482729910487
0.8697102632791069,2.526821282261523
2.5438764764818345,-0.8476814493958321
2.2165247450497008,-0.25478117527349914
1.0948518786022226,0.46400415642483955
1.5747992149043892,-1.2916489003271747
1.129451240776579,1.5030023022712304
2.4266083241610117,0.3169224751175113
1.580957674134797,-1.7393117654897405
1.764367051749564,-1.0616684761330277
1.096992715608924,1.781431913486155
2.1494711035208525,-0.47134458613008035
1.0923449712729616,1.5644588115622453
2.0886937327443866,-0.4291933324504337
0.5311842445615323,1.9324369396816221
2.137533661897239,-0.8412570849896301
-0.2419241530568409,-2.8498496944484986
-1.0713021352250915,-3.297863338629763
1.7386530583780195,-0.8873948768325287
0.3900675281347248,2.1681958817540288
0.08420131432350483,2.399469668725786
-4.931858405699387,-0.6888656701304073
0.1143923052864309,-2.436322016407845
-4.073225028895959,-0.15146788864652097
2.251386910597416,-0.3998826816684114
2.26669741334638,-0.6446885904240357
0.9893005880205196,-2.1694517468942967
1.7593198296547403,0.6642487078693085
-0.05498296077966605,0.8268828769037446
-4.774193114385903,0.37348734981266407
1.3059981737107536,1.7853182039273767
2.377253759859665,-0.9875031511095136
1.0492650172874607,2.000933319414698
0.6593195570310365,-2.3706470348494917
0.987763846092263,1.7813317767926309
2.0657992855968215,-1.220077866878546
-0.4048885010825349,0.34345093533000887
0.8749121731970498,2.7842562933701145
1.6423015658597413,-1.327302912233897
0.2651526130562164,1.9020335280328309
2.362867307639801,-0.23076658901880304
0.15549768915619888,-3.443670566379511
-0.2748838298532268,3.4911200042699684
1.7858855181521294,-1.4996938182624284
1.934261391840034,-0.34060494305301703
1.8120645458809392,-1.4150752545013725
-5.187261117489439,0.010355719007985766
1.0836703564882522,2.0670395678271283
2.1040721118669885,-1.1202450714448817
1.489631746256627,-1.5497323062721877
1.8796003971138047,-0.3025147770965878
1.139869092096331,2.011377901775722
0.8562616044221255,2.247560428575756
-0.9069050894735665,1.0223634244216036
1.5022774342258614,1.6206549813151978
-4.701025039272537,0.0748198715285307
2.020148579254453,-0.21623412501187025
1.1088065755081222,1.7153717665396497
1.0548569481153847,0.37992944267478934
0.6083118441511132,1.6210035669751968
1.5019143583284995,-1.1872534371359569
1.1008972189966884,1.4711259134691757
2.2997573680854995,0.2517523849148221
0.5107596144963965,-1.7371271398465835
1.2062086291719907,-2.4813300708473363
1.711283135332878,-1.001031085235067
1.6997921985198183,1.130509578133278
1.4134656877555651,0.9563482232851259
1.6815929662895734,-1.3717421147704638
-5.2894846250320775,-0.5931915571255347
1.8412316106453002,-0.6097676293743883
2.6686183263245087,-0.8502556664791637
0.10687334890675931,2.9171599418411094
1.9540367626840578,1.2347715208032246
0.7458702197886731,2.019546698068071
1.8976620623932208,-0.3610405848212253
2.167382182997135,-0.5234123504205486
1.0796209021059233,2.251892217153888
2.2683869734185227,0.1448918024646354
1.206779707428097,1.5000072597111973
0.7117447419376512,2.091355888089649
0.9285649968611303,2.025311984346741
-4.532187429717205,-0.19676350588209177
-0.6597931624801479,1.999498054144302
0.9234497593811636,1.8975758737310693
0.33746150779664275,1.578859549772056
1.4142983629753978,-1.1885534304580703
0.8226035523136186,1.1629852219797372
-0.08330904245992603,-2.4284725029602887
-4.991621754142937,-0.5268806649606348
1.353812014065943,-1.4723337411128599
1.5941687593107292,-1.3422828441226056
1.800468219882493,-0.15812465177135043
0.9059975820137439,-1.5376374029698243
2.1180096783707,-0.05610529458082754
1.6986264591331428,-1.166643479453534
1.3815426979945353,-1.5221134217859964
2.0106443032015524,-1.2550209166491113
1.598343044885009,-1.5187950506100523
1.119267817968165,2.5318323887189
1.3241213258473072,-1.6529808390917673
2.367572630274274,-0.6571536569780281
0.6240535155159587,1.410251924869273
-0.04995961610646671,-2.722016772944838
0.6743491498748915,-1.9617809259129977
0.2812421425896303,1.4000568022672073
1.209255843492877,2.4135675852128227
1.530889486472004,-1.3708218567266228
1.2415733613714952,2.294277218038567
0.6485839806078326,2.30824016691605
0.22246213276678356,1.546656735868288
1.6857875717731643,1.8772439351250223
1.1686192372019095,1.9472790347351747
1.2782110229675225,1.7758132511157017
2.1361341212867124,-0.6388474110310639
1.515545318742221,1.6540049845937141
0.084711897760472,-2.79869524808628
1.478407643832414,-0.8843333665761465
1.5407371478503404,1.1952747551496314
0.9370987526842599,2.093538756764828
1.4684905421955161,1.5995943243026958
1.9577764751942566,-1.0083215062856
1.6301826459500248,-2.038457037441097
1.5772838015063886,-1.1776029049095356
1.8177619258810032,1.6440204295686
1.8747521302521364,0.4188934896823703
1.358121597271651,1.089433252643188
1.2709965768140075,-1.5097242307570704
1.7338637107419703,-0.8404569349854016
-5.349768455948934,-0.4072425943637437
1.1706800536675017,-0.6544106520411805
1.1925127828769082,1.9813165829532606
2.1285994690188685,-0.10542791177330334
-4.0868114699687865,-0.1834489078925113
1.5311737141131623,-0.9976221041683037
1.857321391402481,-0.9996063830253011
1.1272971395009,-1.8518862425499172
0.6844997863310369,1.9248439235242687
0.5743214726172228,2.4381049640742223
2.2195362904800886,0.1012301192569726
-3.65116984040371,-0.6733212333007477
2.067012100260555,0.4730054287324977
0.6846048539515749,1.9591324010865379
1.0155920469876742,2.5257186101909563
0.388497198625675,-2.5027085045942714
1.0991125632317662,-1.7924564106332097
1.526486750098475,-0.6705412125347506
1.840658013433684,-1.0312623505053304
2.0435283451540727,0.26877943868956095
1.3834870621461586,1.2154025932727863
1.8279558483997052,0.552837380661372
1.3378137081816914,1.6881994545735268
-4.5081516612962655,0.18186164452240525
0.8865982487372104,-1.9566675860042775
1.996214230780258,-0.8676342389662168
2.3155109579996935,-0.9322244494342529
1.949592330635678,-1.2906511395876135
0.7429573497976099,-1.7629754715245902
1.3513817339711476,-1.5288255984932178
0.7864681865134114,1.0100089408060162
0.48352102233650823,-1.9599691671132697
-0.5094844918943155,-3.0678125983697258
2.6113588100789396,-0.5092985222044786
1.5567456600862961,0.3573198490007468
-0.8593774667317873,-2.184628222037978
1.3428945306947078,-2.8142053547072505
1.485817797574063,1.8481682595361828
-5.801972353941563,0.30144703597863876
0.39219477945670184,-2.1810321657280727
1.5519732369938966,2.0371087162354558
0.6874961134838787,2.3195070503063233
0.6749321975267233,1.3570805914958977
1.7923065267673823,-1.4390458085923776
0.5727138827412857,1.1769794117903607
1.4185216046663662,1.5069024417173056
1.1268415217657413,1.7520633156833063
1.0053492595408102,2.377798383853087
1.3619190255270834,0.8412246696937371
1.2963021534080625,1.1521512611422513
1.8602282446851686,-1.213258717326363
-0.17075881077351568,-2.3798274676741733
-0.012266007754827103,-2.7125224613092693
0.560502556529347,2.413252647794977
1.7805087111299147,-1.7887882293690285
2.711644352670821,0.03778293072915583
1.7754235088810721,-1.425865606593051
1.5210644283268837,-0.8151918214663472
2.008888935869795,-0.91826107131999
1.6869387775236242,-0.0786078407055567
1.4439041527189844,1.4078848602732013
1.5646372595416465,2.0578697089544336
-4.343678083736991,-0.16924354039423384
-6.213165556267932,-0.5326219216105821
0.999204319634468,1.9410932001404184
1.3372132530332494,1.3086375575618658
2.1292126988966396,-0.7073076487549034
-0.001458099559251004,1.0352553285627981
-0.35504137765591104,-2.2957858503853954
2.271621389641757,-0.4599862639171988
0.91670899703017,1.6463441291922611
0.18939695056964695,-1.8521033709292003
-4.2861496618702,-0.18647179138178727
0.8231210312112156,2.0880443572264173
0.9841725250342703,-1.6278212379030996
-5.673649553797602,-0.3400481679487975
1.186414210394465,0.9750024519083295
2.921760532962658,-0.5265886471875781
1.395478001472072,1.0691072797029593
0.13620231136267008,1.4865392353242866
1.5372141612607775,-1.101883578977817
1.1130271461017696,-1.7366786924787054
0.32552120153098585,-2.7842496503208336
0.6654689850738528,-2.1092739856825933
-0.4717318563337357,0.6098890976655166
1.064143706729608,-1.860278325828322
0.7651539071091131,1.300291465815679
1.4511000050860423,0.03975076241036812
0.770382394250486,-2.033011738260626
2.2051954320911906,0.3144862578383752
2.572646335984082,-0.12757457313991474
0.2685204199458955,-2.5222727647238017
2.489407810480629,-0.32284222525595274
2.2244094109925516,0.8628346527599975
1.7525102602898697,0.5197274405859719
2.0257075004574396,-0.838646416446166
0.42965436698471215,-2.307569385553322
0.9479652995307908,-1.6004391439073617
0.4749874239225388,2.1127984413741987
2.3261145160598398,-0.13189685177225946
2.1570518916587305,1.0011022040463136
-0.5665750133396896,0.8192450937457579
2.1479324537553968,-1.0859252609965167
2.9701465745759896,-0.9010515113244757
0.6355839332691142,-2.312432171077386
2.188066990096228,-0.046892284960852196
0.5780763131045847,1.81028220884601
2.0713204495127897,-0.6671828874817078
1.6368428993247397,-1.51174903306169
0.2411558575030395,-2.3794042403393627
1.8755647921136582,0.6625975127899133
-4.821925951908567,-0.07887075643057274
1.6488003478018225,-0.3449769227470477
1.4248734691573395,2.1152293266737003
1.6223682924471654,0.10807133960910643
0.6402885471312801,2.2420218214081986
0.5010948623422986,2.4134169754487287
2.696427544822527,-0.48004502967350043
0.23791921575780584,1.4094026800076311
2.333924835359348,-1.1759405521071264
0.8471060823439887,1.709642666297443
1.6150215610409229,-1.2863280460119473
1.0913528143704485,1.201557281067234
1.1506965963600493,2.5843577156816697
0.5928318388565481,-1.7833711077596919
2.2031338261960984,-0.775730024060675
0.7855735880424722,1.6661954606657676
0.971404136495039,1.4215767616307093
-0.17096036376032292,-2.6385438345048797
1.003841527535666,2.085822375160617
1.1684373530303345,1.1226108677234483
1.7005485410965446,-0.7852191002889618
1.3804945098449575,1.3364990966382913
2.1740005368802304,-0.6319512096407369
-0.1455006380953298,-2.8059621485636796
0.7857497910399791,2.083850536213859
0.7754114530013321,0.0803407726026793
-4.778576928538857,-0.4447433488070408
1.3256707050768355,0.9639005193948967
2.1265336522751612,-1.1517483558452675
1.6117392084831226,1.6372809793919914
2.094900604730606,-1.3761544852822327
-4.107892445660337,-0.2843546881675059
0.8092636329736622,-2.1436935446721908
1.084412808533916,1.8600992200080058
1.637137429659537,-1.0173987857458437
1.850241431751,-0.49101541400163723
-5.723156338494129,-0.34921343286751916
1.4241036296696987,0.7392382015337342
0.8465757953307984,2.2634234697809084
0.5382429803809616,2.753203962917147
1.1289785658391926,0.917417104036697
1.4119789867062709,0.9366741112583684
0.6793682416330755,-1.44737056936387
1.3245290567252554,-1.3242403782595813
1.4141057756870994,0.5364663283352124
2.227989355422172,-0.7232812317404782
1.3647528290236917,1.036771492262547
-3.853903888880486,-0.33421774128992854
0.9954767560287673,1.8698016020612918
1.5914391582531693,-1.5290309223674603
1.6331957001210966,-1.0251553285224093
1.3924792081537374,-1.8502570410297667
1.5044827956058042,0.5244640844975301
1.9034578489378793,-0.2699868869646605
-4.285414167763099,-0.42157359473095896
1.243576160129835,1.068408917393358
0.6304088770353216,-1.9101171835761572
1.4657213583567696,1.7450044228188308
1.4129881951205037,-1.5678262542087733
0.5342915364706321,0.6275595443307448
1.2296502379429686,-1.6322521161347048
1.943972050710807,-0.6960843020312095
0.45208264715972446,-2.5672378511088914
2.667224042230962,-1.1392487726383798
1.8506274976147103,0.1600989226584516
0.20595396883805964,0.8338765534401554
0.5091225664689624,1.3482925857529942
0.5994277945092332,-1.8367758415203854
1.1253341379145396,-1.672293367684079
1.021965028208418,2.401662376413024
1.943778487942229,0.9567814853340815
1.1999427641286184,-1.4541745094820415
1.4903764567776483,-1.210054821517986
1.8345941045899792,-1.6543818830930836
2.1104603322323436,1.9344371414494093
0.8953967260928678,2.4327132866794456
-4.5952948219478635,0.2314237306904431
-3.9069019224980353,-0.13271675890905135
-4.77660412236645,0.134387590210196
2.0778162742530477,-0.49182100882353924
0.33985502193078126,1.633080874248667
2.012354555981543,-0.8604275287791197
1.6525648198326242,-1.360106418071061
1.0173742613839356,2.2089368771634086
1.8630993215000875,2.321838106656666
0.9040048163014731,1.933356298627757
1.1555383271896602,-0.9103230154444393
1.197813758888102,1.9853901573420125
0.6589863468480825,2.104405149873574
1.3967991556548391,2.404263250808646
1.4193188065904225,1.7872520369861775
0.7935124752490896,0.937155588146979
0.361615917673952,2.5789710388754092
1.5169743982217054,1.4379015448753265
-0.7442412291987184,1.0651545536286031
2.25779284146957,0.3535725455361902
2.268628833598635,-0.7717174677093761
1.9364064169615554,1.2232655709301725
1.6819887048504951,0.26997048137771346
0.9578323224862572,-1.5337017604091994
1.0861143685416723,-1.855055505898991
1.2155125309196917,2.3416832414187523
1.5097031361489852,2.752729847487494
0.7383304165711537,2.5132182033784796
0.8724537591136049,-1.9619876102719154
1.893064743347145,0.19350895945707453
1.6242807674600002,-1.1683888731513827
2.1434215472076645,0.22643369843071237
0.5295701499363362,-2.2134843468378986
1.4556416688322806,-1.543188936118386
-5.0414177959516895,0.03989886626298676
1.0135641718538542,1.2379403067342811
1.2353111135887753,1.3167660741302005
1.1222422936555358,1.7890119012846952
2.530884264768334,-1.1901160412256058
2.334327822863154,0.6856058846812203
0.09840499532307903,-2.7853365402941437
-0.9317421574674551,-3.4476145360733623
1.065795261206854,1.9381134663282604
0.9308409715523834,1.6915356005812283
0.16482134449188762,-2.4367658718551697
1.5916460491460083,-0.03895691771608092
0.31266832404569966,2.4525227390954756
-4.754221860052662,-0.0044422767027187185
-4.256092790433349,-0.5827934618304317
1.784927993703345,-0.7230467608272501
0.9849663130791508,2.523983902272228
1.153586487004944,1.3881030370478828
0.8826137943469546,2.3276191263758386
1.5659452712592379,-1.8433071377279264
0.9099384800158571,1.1881040754926964
1.3977189610272112,-1.7897918232632273
0.9042667270889071,2.2585637656403375
0.8771734052114241,1.9019582110406588
1.1647299220507528,1.015223922535037
-3.9424027502677648,-0.1928019697954925
1.5511715736590448,-1.332433993919925
0.7444012113101962,-2.2961627862907315
1.9532599467386724,-1.3642366989734316
0.188855061839406,-2.5953936234367014
2.5521395749029456,-0.35442079128295423
0.8300848834509794,1.5057026340149948
1.7550082342807771,-1.4010816673546844
1.5720509827429092,-1.4780894966887441
-4.174532710049781,0.40614017600069807
1.3074864275110296,0.11224580971380367
1.6511675022367787,-1.1594697073607134
1.186441601591351,2.5706087840435887
2.6418784024890973,-0.4720574460529832
0.18402903257613865,2.2603861392353704
0.62501763636587,1.2497641007742997
1.938523699267792,-0.971336345394592
2.370227912667071,-0.3165761251034274
0.9568281343606414,1.7171437168891202
1.8917052104733207,-1.0228711447996628
1.7138642337691965,1.259682308018467
2.007307267205465,-0.7494361417921903
0.48180705665274,-1.5079613268933956
-0.5777275512470057,-2.3275645343262457
-5.8658826085287865,0.3319500295837992
1.9017149149612995,-1.352626044748555
2.094235087085154,-0.24505936354263191
1.7583677549946337,-0.922263193185653
0.7940527452159986,-1.9217294950179622
-4.414581913285686,-0.25264078846178034
1.6497075912943082,1.6381156442792322
2.66040268005293,-0.7051753568243125
-4.6849107919737705,-0.2002086339001556
0.9302086704498485,-1.47583017165761
1.19193664795849,-1.289422669376169
0.4261598875430041,-2.2758619802547435
-5.542345967295214,0.16413146017533614
0.8783127149630834,-1.8112700898164267
0.8552959982908752,-1.99867869704512
0.8278412259967142,1.6225747054809585
0.24432895966937956,-2.2267424836874627
1.5101016778640086,-1.001427153572599
1.554883848957919,-1.3370999899105198
0.7794479113164935,0.9321203196941759
1.139023374627825,1.7435954532510327
2.039622929756759,-1.4172027657474164
2.4660970293214,-0.1789104387482005
1.0812868298311897,2.5718228533676966
1.7956539431414142,1.2440788211737757
0.9036161641218926,-0.08366390371944887
0.6436943991748681,2.1659267287257977
0.7356996502855732,-2.142634404776374
2.1219933589666873,-1.4028865217253133
1.948393333144761,0.7849678524800416
0.8323779340035001,2.4007135235857997
1.931908485731204,0.5256042810833033
1.6122309347012536,-1.563665960571089
-4.54595712515779,-0.03565931803812409
2.1452365600899417,-0.5773870340074979
2.3928476986682763,0.09129334970708484
-0.003161208960673333,-2.389211395242298
1.0388765503381154,1.2889473609062492
1.705076812141239,-1.99351673176008
1.0311587460692064,1.8592895330069692
1.6534489912639474,-1.4616374267597458
-0.022939236942355775,-2.450296607584339
2.123438777059506,-0.8121012748415951
0.6028702247892718,1.3160522656066276
1.6188654205541497,2.4564764767722496
2.0272916771910907,-1.0089277331637188
-4.67569934162525,0.38775144341307377
2.4593148567806704,-0.9601809500047493
1.3067120596789676,-1.7387432163040324
1.7166474780222287,-0.5877110164084082
-0.5280561921697776,-2.602918766934659
1.8362078916842368,1.1635538320377161
1.393460780172373,1.1219073089747156
0.1781904257621295,-2.389221307220451
1.2771835547416883,-2.1600510619296664
2.2299590162425758,-0.6013168433274027
0.6122818775561921,0.4333045265871693
1.854176932667132,-0.5860447734748705
2.415645567347068,-0.41347871987092466
1.1545116193726,1.7235718486798108
1.751540235877877,1.325603841191712
1.268061200341678,-0.025426165248304256
0.05871902828598344,-2.470746240056124
1.3581058793594143,1.3750661512989066
1.0188612121549103,-1.8538744039880217
0.9428485227582741,2.685244351919002
0.7170249720888675,1.7001388328206395
1.6468290250051865,-1.1020624548448597
0.9335640098040636,-1.714513403030121
1.1907055702889682,1.2122033008712858
1.3804080352505357,1.0282488244461494
1.7407449725550657,-0.831809807120906
1.3330218358304797,2.4930314523836503
2.013101432048641,-1.350145863300068
1.7377700207392517,-1.4481011246855364
0.9924535771338995,2.1670904730221565
0.995804024951558,2.1652147603727094
-5.217515754199011,-0.7685864908595712
0.05756986989052042,1.804863332165467
0.04366065543122783,-2.6332076136883007
1.9647731548220324,-0.8021360546367465
0.8320222909786086,2.1138591973979928
1.6258513794525729,0.8540590255251279
-2.928864313343108,0.21874725653948324
2.6531602826211107,0.043155550333668725
1.727038250903229,-1.2842194949504229
-5.0883755831852415,0.04556792737824278
1.9746102809385535,-0.21525774862846994
1.0058459036767502,1.6768511692060424
-0.3883447553209433,-2.513608000136153
1.7214396073443423,-0.8178020386310337
1.774705186712106,0.5390541885377971
2.67298774006987,-0.342978108037552
2.030275779023924,-0.6305301672538404
2.2569159088043476,-1.248366767525616
0.13065352361855684,1.8751866595593154
2.106042684247797,-1.0400745165135288
2.323472862920464,-0.25351910293046276
1.1392036580828626,0.5465989029834504
2.606821540736359,-0.38711108702659286
1.548516493926409,-1.8842278577362013
1.3517687833068543,2.7583104577813278
0.868471651823584,-2.205079578309077
1.8077815110129136,0.8163950264145122
-4.3953244375833975,-0.07612203285699445
-3.8693789179831026,-0.6435039729092729
1.7722891391359592,0.9924215959235929
-1.3781688150162923,-2.8638681401590267
0.7394261707537274,-2.1685648013388596
2.526466461160956,-0.8671330655205144
0.6976913868732301,2.0602810301773262
0.9692022358182221,2.3324037652378022
1.45429969885845,-1.6091804098628735
2.668928591509811,-0.2588356244643564
-4.487157308760931,-0.22728378689668643
1.0228044468169344,-1.842265423736007
1.4105175618554195,1.9078904466722033
0.3974611855599883,1.071336199891027
2.5864155380055602,0.38514237523235695
1.5469547962609258,-1.242187386858954
2.0530708450002404,-0.5233576879842443
1.684249637406456,1.9168419912439028
1.3980662713531744,2.0969827752052366
-0.5106090947313305,-2.618612087118518
1.6169431547617408,1.2101272741667848
1.269590142732663,0.49977231351751217
1.99590705765979,1.0301257159386854
1.7191097896425978,-0.24374615370363645
2.316661285704154,-0.6668658697941529
0.86520505853443,-2.120400580080845
1.61656007346774,-0.3668689747425336
0.9286223159564168,-2.565515819659193
2.5315308098650946,-0.6795251185318016
1.3377796976466447,1.8593409178827145
0.9895559536806944,1.2678002350355873
1.308632343742553,-1.3196209727468378
-3.8632111144595074,-0.20823294793074934
-4.257425924495354,-0.37338786146554326
1.7158821817041277,-0.5942610265443518
1.3050879859465032,-1.5087161293263998
2.066615739111128,-0.8187242541979985
1.486679120278549,-1.044699680443802
1.5405755968116233,-0.8349965439834668
1.7733536718626548,1.1818510500518251
1.1196999811025048,1.7706036669297942
-0.2762326449257119,-3.365011104384383
1.765783349931283,-0.758600714968488
1.9385954426609455,1.434033426589815
1.8818109079668954,-0.8131711308725912
-5.23580258052995,-0.8080053686923995
1.4902799021527964,1.4850977604260487
1.3968639647722196,1.150910093526112
2.5747667835628216,-0.42556887781532243
2.2362424273841754,-0.047295577553936
0.903165636108749,-1.6727201295602359
2.0189138188185938,-1.3471408890099599
1.9468279424506434,0.2389591676838042
1.4593302413051588,-0.3088237141186436
2.0505555715646295,-0.9827432836725266
1.9027657107214417,1.119076985366771
1.5540487353665209,-0.5439594051097422
1.608606837486264,1.4846952790248813
1.0549951795058476,-1.3341243575221016
2.379004363446788,-0.4843625837592363
0.9565080583083397,0.6174175110644826
0.9870990223310654,2.662449830290262
2.399917410102112,-0.2719261673451529
1.2652659231921,-1.0795987237654454
1.8733162785194315,1.0054831186555861
1.8833382698099375,0.38300855554988533
1.5914126343438357,-1.8146418009890175
2.0150979318507085,0.06421194157743797
2.109471395423641,-0.761062052896747
1.1525059529685604,-0.8815103237295204
0.5153047107820818,2.4134522998250927
-4.599118320142356,0.06313066263545804
0.6926296976085721,1.135865822797234
-0.39002367937669813,-2.5884600980523143
1.030457033823223,-1.9809232631333522
1.2765437992499553,-1.6719361767572576
0.8053574453519219,1.8684029914253675
-4.485126596854837,-0.13712496312916428
0.8960056376465765,-2.154587437321479
0.8219502110891475,-1.5534153752677937
2.2375514453805367,-0.4214595904649201
2.2037635784468748,-0.2724760632586146
1.6370010391577319,0.9224253703483719
0.8279797222538235,3.2481389465782855
0.5268696084521695,-1.8030502393267664
0.5362048899478655,-2.131619823863266
2.2070368796317914,0.1808514854429953
0.31016538163054347,-2.1406560475886343
1.3802312241025874,-1.95117184227592
1.0337065751041368,-2.4088953382924374
-4.160563261315395,-0.13890574215299734
2.203087478634484,-0.5701548810659485
1.2520110238978264,2.3114270499429885
0.24748971292974883,-2.445999639573818
1.9707403860099086,-1.3334812032541512
-0.17293469803810857,-2.086240853497807
1.2958335769581724,0.888685809738582
-5.230318813847723,-0.21418438125484085
0.7700643843976185,2.5734216243351735
-5.189471299348507,-0.5557132955264624
0.3254034639448546,-2.4026234053557296
2.291080710150305,-0.6375346430793769
2.310994857242996,-0.6506651419977566
-0.12227402729942648,-2.7611286424821304
2.0172333907501567,0.21493758489300288
1.0989717895865594,1.3841013733673178
1.451532819827436,0.6650419197905463
-4.451433080541296,-0.333750466034198
0.6961773557835498,-1.6094869593399712
2.166004670685994,-1.4122011092470848
1.9166763607712491,-0.4784692328963763
1.1256730416458585,0.8339928599519377
1.5841070463286964,1.139435108708291
0.26749305984353133,-2.141659551150247
1.744416305993044,-1.2099853505434417
1.8751633207016603,0.5411458141373302
1.3003224265533808,-1.73022041255568
2.0922052618839064,-1.1845867950748246
0.8695449052178917,1.3073568908074753
1.4177880923001231,-1.3117910391429097
0.6910233379430825,0.8744406136742925
1.7313520363390837,-0.7237446412456525
1.547250360868511,-1.6851421071186234
2.034530293144161,-1.0681082275757556
0.8969857910926382,2.062907849027244
2.5171423249375615,-1.0397663100562744
2.5036819239317003,-0.1486145721570563
-3.768738634031504,0.07606435101640821
-0.012915965580207446,-2.0069904923817723
0.7167454169168607,1.9137535539638997
0.5244383029507815,1.8779298507109594
1.5645279401864631,-1.3326417582002263
1.8747757737079813,-0.21591524987146796
1.9498508871204814,0.5292790805393586
1.3436797105567646,-0.8996713709656556
-4.303896137156349,-0.0030514242995935245
-4.615177014668714,-0.04484989002264379
1.8230668504068903,-0.48982610831988666
1.89305054187227,0.5804194791276129
1.4522540609157029,-0.9605915730376097
1.5524176841507447,-0.5159676123325285
-4.112447596783702,-0.005291631484749926
0.7292736147492154,2.075341715467707
-3.7277616187210287,-0.5870068328133264
-4.787660567517039,0.5800746829429971
-0.24067324170295912,-2.285782463551084
0.2445357600657743,3.235520306884259
1.924977414728308,0.5283320545763596
0.9700712039049968,-1.7426787402602002
0.0913175110227149,-2.0176679775111106
1.700457931502728,-1.3364148999411156
0.4097834917854264,-1.5559466278016023
1.8423156134587948,-0.36835593972757824
1.713700653315687,-0.9787933242141617
0.8947510936091045,2.766594269569532
2.0725292149025614,-0.596016277895737
-0.6363945011578562,-2.454460628335149
1.9493017672416928,-1.1990327782675432
1.5963347935445018,0.07573871087770595
1.4663460598172446,0.3180243931389647
0.4918910837951853,-2.183974128764348
2.1377960468831265,-0.445184180229283
0.43074993441597886,-2.5149633058857637
2.1423654189996193,-0.4103581281462763
0.6422457238970017,-1.9411076119963913
1.3560650938980379,0.8134365831693965
1.6136895344346809,0.5962609429967717
1.611948109233078,1.2425083539297805
0.7918261064805122,1.78138476840798
1.887498535603567,-0.5284507906904954
2.456059876972883,-0.3889772842600805
-0.033214455058884644,0.6093670857263597
1.4733523153439312,1.9113825713292891
0.9904030920047331,-1.5143103992532045
1.0046317484415013,0.0009156069586758644
0.3946003794240016,-1.8423648227023015
1.8180482349607399,-0.5897721956181244
1.8708697359508253,0.50754373870663
1.3164878448022819,1.494176073289535
1.129435765163738,-1.2381296347086743
2.5788089881451146,-0.06373186741543066
0.7740893755159467,-2.4836097153477454
1.5297130057612862,1.3765030958505742
1.188082041591962,-1.734678924245407
1.2303199394406379,1.841635232468596
0.9894259094886871,1.8353908144827575
1.6978111323986917,-1.0656448779989751
-0.8051084945398629,-0.1701613436766283
0.618736648442591,2.635266421697667
1.2460701600290032,2.5246505665843904
0.16371649378970166,1.9590865446983408
1.0191176231021022,-2.0813244935851913
1.7468994090766152,-0.6003823287962134
0.8235448811192689,-1.347329790643499
2.174364236480271,-0.7701648666099244
0.9739653509017949,-2.0261780878670974
0.029077648223343026,2.0129865441428527
1.0234761944524307,0.5831849937992721
-0.14473274420545743,-2.186648564945341
1.871338042699677,-0.7214770908447775
0.9727994043345629,-1.8875023657700838
2.346709217054861,-0.7593489522373353
1.3987631716136812,-1.7692657783016514
0.8667896228282526,-1.6544694731469345
0.1794052578457443,-1.9721546957958416
1.3487030634068664,-1.4903391796376324
0.5623805183637307,1.90594358178172
0.8784143353194934,1.2371798609244518
2.393901705616645,-0.7964208702846227
1.73914619006036,-1.1854183261178601
0.4043436818346912,-1.7212472706887545
1.2260125337835517,-2.0926719171995303
1.0478795081474332,-1.3523232687394584
0.5468054677220209,2.938248900776171
0.9592814254372051,1.1800077653510679
0.7966045011611663,2.1325776891623085
1.1628283606871772,-0.9471422475302097
2.1098536261638237,-0.1822592196548441
0.9376650975324273,1.6090155774847337
2.0935994512510465,-0.8054459253671504
1.1703732012950414,1.4577261223467404
0.47140979547677814,1.2930462193919132
-4.558974230918481,-0.8346522398651535
1.1822457071788806,1.9159884459999748
0.5639501445918935,-1.6356400643562319
1.666102525619875,-1.9556256992894185
2.250358819066271,0.05148146057065249
1.188445150636464,-1.5749626026324521
1.4731053216899104,1.3733803096543602
0.7485283186918079,-1.9062427711787167
0.5994932817559738,-1.7490514475339278
1.0954313884316622,-1.2573056735483092
1.7952669711332572,0.580982276183274
1.1131397399692573,1.5683876300868118
1.2257232245520222,1.5236806500988542
0.47466089693502306,1.7076854760565157
1.8734302116288866,1.1795880399302328
1.9676767656669787,-0.6775454010575338
1.05436573977406,-1.5558216914874916
0.6206584061801069,1.3035015533304588
2.7493785725125472,-0.6439931126314045
1.4452360011494374,1.1887510271346948
1.1085814538381025,1.2383341790009637
1.7475611360562278,0.8498209828601934
2.219889535763294,-0.4834810404348093
-4.193547956393988,0.0063845568326458095
1.5527569310999565,-0.056605277771608675
0.18224327130684642,2.5347965592938357
1.413216960205316,0.8845845534738531
0.3561386588608648,2.6841833263302335
1.8339208045571556,-0.6276351773096926
2.0982806659850834,-0.29569066214794115
0.6275599758117817,0.35684471242508187
1.4824865051382814,-0.7359975171657678
1.008145097338799,-1.9354943404659553
1.9808655498652592,-0.6475260021070958
1.5666831907228167,0.20968681274188697
1.5632798799453629,-0.9319292115689601
-4.874214014029775,0.14426008612551605
2.164756948322169,-0.95347490683329
1.4820528427739685,1.272065339245595
1.180913683462719,1.9985037739719291
-0.560755637120318,-2.3610865584839735
0.5272212085241992,2.227365766022371
-4.551575650206098,0.21632599680492037
0.4667235560862166,0.9257666686132902
0.3229674762822381,-2.240244478172918
1.940598759851787,-0.3680031557385499
1.8199584034041778,0.37050364403909597
0.5088557976922703,1.6691778051868047
1.6305962116081651,-1.041202042132828
1.6442687872007906,1.2872481977843218
-0.03645282463714469,1.265374201926868
-5.175236130030686,-0.6606627418073523
-4.2699988105062205,-0.23033378992538345
-4.153465610800206,-0.5386629294878446
-4.0489758036931995,-0.03746741997451465
1.5689200677920698,-1.6426776450649014
1.786554349592659,-1.3518246691105287
0.5496648874130587,-2.1519721871726594
0.581008110216702,0.7560205632241044
0.6232060012328713,1.5878953532868698
0.743301193509049,0.6229780395819587
1.2343106419209506,-1.9353253223655704
1.0623540608090152,1.5421822468497373
2.6451308474335544,-0.6088865159879321
0.729013805129541,1.5695049993531227
1.2440421817215677,1.8627334081507558
2.2667638342195846,-0.4662846602606677
-0.13764727405957777,-2.365663788730373
1.1706462114751444,-0.9540975768914505
2.7230904165102277,-0.44583683217147574
0.6282948337115796,1.7580403568134322
1.5390421787406041,1.7416449524013522
1.0230363538345963,-0.8554712502539807
0.17198349501106505,-1.8479760221780934
0.8091198436864694,2.5037774119531626
0.8519881569466354,1.9200433363308456
1.7841750651403052,-0.8336677460942974
2.512146484956695,-0.4540257399875613
1.9445686356875858,-1.173049912979284
0.5516427348848295,-2.0954912025437595
1.3692445910973425,-2.2646211195989525
1.0684264490018622,0.2816957824008894
0.7291649884687809,-1.7128108521777312
-0.13946690694999986,1.7513095606476317
-5.92122654362574,-0.06805265750104629
-0.24477061976062647,1.741839360718704
1.897356482953914,-0.07781021003008083
0.666665693139714,-2.256828112993401
-1.7173804360278468,-3.1601388624870643
1.3929439531296608,-0.14764316079514586
2.265017326791257,-0.9126934510177489
1.249375621865256,-1.4747633157556381
0.9498851463511964,-1.9306312706579634
2.4260585388160663,-0.5312036701309416
0.948106010256212,2.2785504717633116
-0.0763701168741264,-2.5438968675400813
-4.090663056991013,-0.05556859342285745
1.337127169939955,1.2515096020603276
0.6965349036897138,1.9333845582282116
0.44332791773383984,3.100274817925072
0.43021606200277146,-1.775461352721325
1.5803099332556665,-0.9028864206400355
0.916506778374677,1.739810027192422
1.828876307771581,-1.0241717925911433
2.17439011235088,-0.2712962872914649
1.1024018608427792,-1.1749958344801115
1.4334979320170302,-0.7501976145673335
-3.2194548111581227,-0.2551414092802192
1.5593820566994063,0.7005559746021432
-3.9743150564006444,-0.554068931631022
0.0803236004516625,1.3794568655953892
2.0495008758818516,-0.19221905775722106
1.366148662735409,2.0587442606765447
-0.35685297558708745,-2.799431121925333
2.1371927007311506,-0.9601988042606178
1.319535442125949,2.4513222946239845
2.0618388711185776,-0.8202470825011347
0.0590074522630726,1.1052574089612415
1.1570723105969183,2.4073625442874174
1.8851744678990563,-0.9911923158694335
-4.6811291198114136,-0.44882062933464495
0.13598285004425353,-2.64253409672369
-0.5199234694211858,1.3048389934244202
1.0697253089103607,1.2233326972742131
0.8497821047049617,1.1948505438014483
-4.148167244328574,0.15019709273835835
2.2672304531982985,-0.5572596364254633
-4.184635685135495,-0.29556153242421856
1.5057326928809018,-1.5726444160470854
1.9061706199874602,0.08030903602732026
2.6708831837374474,0.00942260129410496
1.7246157215585574,-0.3096085585830117
1.6631743652368647,-1.1525199898419416
1.6538097810259755,1.1284937715748702
1.6040527394692992,-0.49267673991490735
0.9646847272998478,2.146973998148231
0.2155607099805066,-2.410749830861862
1.8071607604165207,-0.9664764123391008
1.199124244045241,1.669251204753272
1.4343838670928364,-1.5347285402625415
1.0892624256738621,0.49942501663887784
-0.3428490359205135,-2.8579490515114316
0.17071809967757362,1.0295952796521581
2.0977430208172487,0.07699357074366417
1.4130025267020019,-1.312598237190495
1.393983388658029,-0.4160556370969416
1.01741386821348,-1.9335429712345122
-0.5020174744194583,-2.937179460104187
1.3649935199710446,-1.2667607505030603
-0.9079231107943027,-2.3004453922019916
1.6858842824912488,-2.071931138070164
-4.75177703948823,0.2801417325256831
1.6776211426831042,-0.30403718328915896
0.7054428576188959,-2.101245399767918
0.11696088657173964,-2.4569876737551293
1.1685132953756876,1.3513514593245135
1.9197814970688025,0.0019659262634688537
0.9946188770636514,2.2556908404061393
2.1246048854990645,-0.8731929388852838
1.9538296195509683,-0.6605476717048798
1.7304709771979685,0.8002753869901381
1.2493197125729056,-1.4360910470498773
0.8671529087424514,1.318417035724577
1.552423854684093,-0.7551010960348646
1.9362279666731128,-0.2151765011666755
1.925531837913794,-0.9142017662372723
0.06769466449388978,0.22490876674600982
0.772623198608799,2.500338854079079
0.6823329458547207,1.2833822731785174
0.9470981507090456,-1.4434328926735704
1.8246895702845454,-0.7827361805278776
0.7579838810472493,2.549922539198562
0.2636484398827522,-2.6755242056234514
0.40236209380217147,2.8393381935565025
-0.007053506962525763,1.7159500460923274
-4.774291509205176,0.08934470590940817
0.2119746475506623,-2.228881674439351
0.026063450653565818,-1.238272402472415
2.156511348832783,-0.5181924995762568
1.1209464989263629,1.2652449202272305
-0.20671674627051873,-2.3333642887502832
-0.25552019772456547,-2.7868550608799394
0.6141622924471963,2.90158270545857
1.8293892383426626,-0.9319211928836311
0.48726416055767485,1.2115097344063428
-4.525540066052189,0.430722921656177
1.9235559136391231,0.49186267839718356
1.7168468512595423,-0.6972392717732213
2.0901443398366606,-0.40140471264306643
0.5734878925322971,-2.0377850161160547
1.067539187107336,1.8706238168464817
1.4620028602861308,0.9332020668271472
1.5155080448101383,-1.22691076858584
1.9629876060295617,-0.8511027864439222
0.8756939712861109,2.099397164906903
0.8747946419155733,1.9945009998655372
1.6777558633765761,-1.9626503582412858
0.6701064338346783,-1.8176282559578443
1.0818503249247302,-1.7302778935804881
-0.3625285134932051,-2.294301633596117
0.7036182438136873,0.9613629151046639
0.8475627925113705,2.685336452252987
1.1274907111164092,-1.7771904709070285
1.6370929752293246,-0.5806084278843795
1.7741454378333497,-0.6649671813228264
1.9092101183883339,-0.1718193645224697
1.0928195083341767,2.06482987602508
1.3344109958112444,0.8235122605452516
-4.766212849445311,0.15296117122018105
0.7125825819456688,2.0809440826195114
1.3807320585095681,1.036758535781076
1.216133695256989,1.0173229343808787
0.8571717669218505,-1.1440958976899602
1.8375891367352764,-1.3494177562335923
0.07963681538397903,-1.9803736725411547
-5.416079433145618,-0.5042561309519238
2.051377632787123,0.4858889698668194
1.6880503013643646,-1.0725429561055413
1.8241650112834333,-0.09743024380538799
-4.100232496212864,-0.9300882238043068
1.2299297664837112,1.8115762132799256
-1.2979755531167219,-2.731666579637424
2.1929301415144216,-0.4706124464339696
1.226249071043898,-1.0218740084610392
0.02971819878351281,-2.360218077454991
1.8031324253614773,-0.5377810822620825
1.7827934456560113,-0.4177151852984549
1.9480223616736883,-0.19412800445706313
1.054518626694652,2.1505102367933007
2.393677232628842,0.601276172071981
-3.7333976705730483,-0.3774456117320311
1.8543759756253917,0.7302003338137941
2.0968711964259237,-0.7173755439025731
1.4594784671538081,-0.09492194491737926
2.293236894906073,-0.00022840024569432165
1.2759784950981679,1.9002029046681046
-0.13603890920528658,2.106798946232099
1.3165168135588932,-2.333591933206299
-0.18811147367477932,-2.669939988152095
1.0917745500285456,-1.5254949758858085
1.038602933843525,-1.6667201138734264
0.9460436441405116,1.3510879698226017
1.5472285083895931,-1.4982765459569372
-4.183634093729261,-0.6446193765924216
0.7301768767775019,-1.6605742499830969
2.003239128631572,0.3027495191067744
1.2276471257703567,1.9509068532852778
0.15882156758709431,-2.3915576162783703
-4.300701887083196,-0.8290066090164432
1.0552272160108438,1.6373367064974969
2.015283880007282,-0.4942005062196034
-0.02238575826309465,1.3566237040034714
1.774303754746924,-1.233514204009893
-5.403560384834691,-0.044463694186619024
1.8655606505047897,0.3704731562302131
1.0693781259923925,1.8654922749552445
0.9957597411591486,-3.220314013049747
0.9588121429055044,-1.669562996279658
2.348325316267513,-0.8174660674716762
1.2783851222806328,-1.9124986601036085
1.0765079553289096,-1.466407950885209
1.7372960995514761,-0.08102366749377367
1.2993561161726535,-1.4095604288624743
1.0742125785410133,-0.18819187497329135
2.697780107941265,-0.4925627830863424
1.300354324379489,1.5558952358206606
-4.716624018779055,0.2933714616758424
0.041036929952936056,1.3137426828580587
-0.08119829033761183,-0.4509418857778833
2.414137486393211,-0.6687399977454802
1.6439454241450642,-1.1797114548807734
0.8049617323617088,-2.077857610525167
-0.5149855293502992,-3.06313294906315
0.7879779225376508,-1.0556478313694198
0.4515435957953806,-1.946721564594198
1.7148202997121205,-0.08439536180588644
-1.0905314866329958,-3.7480973959349115
1.6260662790604308,0.33037951905957547
0.9379946505620498,0.48739988785879357
0.2553614320094779,0.801466458249287
1.7284842350936442,1.6162290278132005
0.12179602045270935,-2.702315054523742
1.3793828200732874,1.2218876952010342
1.5498002165922191,-1.2427875849432055
1.5458434333728848,1.5434118454122467
1.8181351861837172,-0.9021328025649648
-4.671020661523997,-0.3738245474907631
1.064821591628651,0.7631623614777567
1.1837035225463215,-1.6346624139973005
2.1223208030828324,-0.08793423321312477
0.6919606759142838,1.6179421775208056
1.5411700923913254,0.7392793036975709
0.9524089589239881,2.1912972039538867
1.6134327702102804,0.5429761015567088
1.7615746045790717,-0.9127812445842762
0.20650663890782683,-1.7818438413157198
1.4703042449287465,0.9450157398293526
1.7110880350518096,-1.6111715428305702
0.9650880655171101,2.660311970196496
1.4382909941789004,1.3565807106263053
0.5014037232323889,2.6920386855342198
2.0194462554394157,-0.7629717807267976
0.08849677854235997,-2.25449225897105
1.9322559466727438,-0.3296361086388297
0.620968556597696,-1.7507726089855227
0.5308565207463033,-1.3939038839790958
-0.3199204317191155,-2.6102590177778637
1.065521757138756,1.3570222510657055
1.717639512558913,0.3093199282497174
1.2118002026728403,-1.9757095851628026
2.4066000439223245,0.08433485834965732
1.280743220040915,-1.3517367379920986
1.189261636363229,-2.161782058395633
0.12986580426120586,-2.8135694466097156
0.8531846433179286,0.9669192765581537
1.6112147197573872,-0.8015518479455306
-0.6400339616640675,-2.521188975934294
-0.6787310662559005,-3.1410427127861955
1.5767049022448205,-1.0737673952500402
2.3532307756595108,-0.4482964362905203
0.48225616160420587,2.104723037647939
1.4844918460408303,-1.6831436300721974
-4.794408162323868,-0.8935942844152358
0.8409605837906505,0.32152258147789764
-4.589053239898768,-0.08695652228290217
0.7191468744993122,2.509362889004381
-4.842386216320028,-0.19852969643631674
0.4351327735573327,-2.1975672333616636
1.233080189173788,1.1678296761429936
-5.001250635862879,-0.03587398228452254
1.100585845892932,1.957187469577142
2.0401334774223385,-0.8864895359869835
1.198831873732785,-1.2543049397629018
0.5176630707884523,-2.177719429215867
1.87596728234234,0.5749579863903057
2.13662537281956,-0.6891054529720099
0.8602444762341692,1.028502025643147
1.7887439916734982,-0.960483641217802
1.3031313279637387,-1.6486154084432425
0.14756056071144955,1.0728531866929605
0.7929056362833395,-1.838954535881874
1.7934740409136123,-0.9501318206397446
0.4405443835475376,-2.334510189473784
2.2258399567227958,-0.7446253228897397
1.275888701715516,-1.1305533214759327
0.9656020601056217,0.6478087419969326
-0.22010541751544954,-2.693579885395124
2.246728902309017,-0.7049224114178045
1.7643903518258721,-1.331555896008118
-0.022926789577691835,-2.496793747405636
0.7305296869220451,1.55094690492049
1.5619889091529207,-0.8473333577801871
1.880675683355422,-0.01910628200469529
1.5144256208022422,1.1582851209572833
1.7367789456027831,0.07569126496560735
1.0241506180994913,1.7176232252559662
-4.470631923574574,-0.9134068727109448
1.6150875734862038,2.074648044588622
2.1432493157835872,-0.4022496812170698
1.3402990820578544,-1.1966864218619155
1.6123779298337724,0.5999528926424471
-4.294922424592197,-0.5031219143291709
0.6052096576477902,3.2288990254861893
1.5306444459103619,0.3350058924581075
1.503347691813376,1.3424330284145896
2.158714470886285,-0.6419756869731209
-0.2479791020635863,3.8558839002986747
0.7945207226870186,1.0980142825414267
1.8960923975550823,-0.5726069936722666
1.385304604277262,0.9837432231256457
0.8315524107581868,2.1089885261155317
0.3607571868993341,0.8185048994041655
1.988115879419505,0.4053550719650765
2.0384714431303266,-0.49428360944468047
1.2232777957352605,1.7035578224502503
-0.1952993647327376,1.9462094939312138
0.7547046170425461,-1.695604178390383
0.3141706448580318,-2.1642036264757394
1.2624549530551847,1.822286459144198
-5.177576906944261,-0.7561475625224398
0.8876182843045234,1.6331193336322816
-0.29290295905675395,-2.3678266045273326
0.09815984545638169,2.9931173334662105
1.1131131157935654,-1.3454669387098435
0.36150044764763795,3.273861918522805
-0.63935573180847,-2.4420132006906825
0.720038677137621,0.9041159193918157
1.2012841212822774,1.4359286922165142
1.145065921837345,0.9319462672523492
-1.4118701470775175,-2.552851643937975
2.097103164126773,-1.166997333800122
1.6915603399623378,0.63347693001132
0.807317865174857,-1.130798509502232
1.996492948120519,-0.41688685844082646
2.3159571866938022,-0.006522034894866862
0.6314721880824148,1.6666299946241832
1.7992264814640984,-1.1474887081219853
0.7895350742580614,-1.5818712118812353
1.64785004935595,0.976578892504624
2.1279619129648797,0.6596377584082815
0.43880807124326926,2.0717272438687084
0.2247202320462593,-2.2763753236773643
2.0511923334801803,-0.5701816404536316
0.2836169228915512,-2.063610521192707
1.3981434629401672,-1.6281411987258616
0.6971485023463577,1.6286580315353558
0.40962257110810085,-1.9191877899469798
2.2578116711508054,-0.27342683985950267
0.9479554684013649,-1.261096709596209
2.366793488981986,-0.34374856110336166
2.1552511965946803,-0.00997870199879137
0.7325473405562797,2.5449659225525583
1.5193521089392465,-0.878671629864983
2.197320239219609,-0.963619557824708
1.1182122700736312,1.1973171395409956
1.2998729354056104,-1.1917387773163837
1.610993162952147,-0.6847821530044583
2.003191077994603,-0.8437544990837321
1.1491387331905403,1.3747189408704132
2.141657254101324,-0.6164652550869733
1.5336090227663934,1.2128046117249316
1.9135200355353494,0.2713117703472902
1.6874765429444363,-0.6278655363939434
0.73158053703799,-1.7761629981382707
-3.9804339298218454,0.08133522156542601
0.005518377780007494,0.7531809101390389
1.7858193409261491,-1.0335180012825902
1.760577882780819,-1.0655243721179248
0.12831713872606612,-2.838261460267817
1.1414494307062133,1.4198815493191863
-5.1282465452224635,-1.0310012560284327
1.3478488081266176,-1.4821968568435764
1.4628119809771107,1.2777884886579158
0.5457021831031347,-1.7669293894440596
-0.938379207595202,-2.543241919762198
2.2292837881697456,0.04748228749855362
-4.441705494907597,0.06569138383334043
2.323147671736975,-0.8295419362748191
-0.20554421867400444,-1.8335427610622252
1.719870997165842,-0.6707354301797306
1.3417321382806022,1.15062143799131
1.7625416351554928,-0.6429456628002992
1.0374014947020336,1.4456993549790795
2.083864346827614,-0.491963954166378
1.26251168980465,2.3822597727283634
1.9179713775587701,-0.8701448260737463
1.0401811535258287,-0.6539989903425546
-4.693510763318953,-0.26433482285414667
-4.70025166853593,0.49522680911161093
2.5591119894575316,0.16370786229304582
1.0279280954843923,1.062952343754911
1.957744485849955,-1.102646851244434
1.6755186620234197,-1.1601409793153812
2.0705265721321693,-0.23493654303353778
0.22962226419882537,1.6470691187680788
0.5182745911212855,0.32652999174100084
1.0260881813582763,2.1711185253210123
0.9435315943781231,1.9491126247565935
-4.209559947801122,-0.4168370752542884
1.174067909206207,-2.228345345202867
2.0268806062283016,-0.2968177042882425
0.6109828723382577,1.5210414521138242
-0.058934039856512445,-2.570529975222903
-5.078926839402474,-0.3161529069510309
2.3672799957198616,0.01143325889458624
1.4505134012934462,0.11394632457315314
0.9435738150810519,1.8649764469638033
-5.035634384608538,-1.3856183000939808
0.6896255519919036,-1.4671042294200747
1.4002178803294911,-1.4093690419518743
1.3988630257938377,-1.4623960670506022
-4.050121736395279,0.04469605405550086
1.8606193797301538,-0.6074915573659605
2.0309787717770327,-0.31646184327662924
1.9167897251324213,0.4806196630045512
1.636277565598096,-0.37199615252613166
1.7523628757073055,-0.9658249688630912
1.056752209895441,0.2899409595855524
1.6057836060295807,0.06353891460842549
2.354644785709712,-0.5508681121718364
-4.366089390683141,-0.38315543063265645
0.06376222324991532,-2.5539181344754223
-0.5593311650303707,-2.3722649315914106
1.9394314636843704,-0.4526106364148671
0.34742789058254975,-1.7555219694007844
1.85303923993661,0.7643887855145863
1.797960917834887,-0.8283804885413056
0.05744464668099896,1.477679283141333
1.3703404015346148,-0.37098548744273424
-0.7785497635313308,-2.0930033800350296
0.8825385611427888,-0.08700544376094478
1.8182710153083694,-0.30689784930025804
1.736039139849869,-0.5064091547182145
0.7736017335254765,1.2514201005330672
1.2444361972804416,1.277699486495403
2.220305100955656,-0.3526172953233894
0.5403468060520438,-2.0052604128240827
0.08978268758933375,-2.282740995577635
2.121634498679088,-0.2426302699013491
1.709015324723737,-0.8579562001148184
1.2947059453988337,1.0947656310625635
0.28723772542457815,-2.3595475541802
0.371323285522294,2.6278404969842746
-4.7491937754255105,-0.6857761222214318
1.1424737664739693,0.8734304366409879
1.1149605276858285,-1.5316319832352727
0.5425460378980831,1.7352895439077796
0.0007787895552302314,-2.2033586515373482
0.7263640017204752,-1.8063353529695279
1.6101759000256743,-1.6556067739229845
0.758841174650195,-1.691870057069248
0.9524762607044563,2.131210191077978
-3.8436734566296953,-0.3290727102182214
2.2793074324431273,-0.18819064476544375
0.6484774292674166,1.1980645866201753
0.45070289837541694,2.151658060263966
1.8228011238839323,-0.8708468685171574
0.7490889581750331,1.6041837996968744
-0.6650201617273781,-2.806310241288168
-4.092705372899932,-0.24219935862697006
-4.242207972686873,0.057854728807695086
-0.4395333044266194,-2.2659168162019476
-0.9093761881987332,-2.716487018131959
-4.570505930298927,-0.5465418149760783
1.0452188373356994,1.624056299503766
1.0088563756808633,0.9793523935529616
0.9341033846374216,0.9702046764608083
-3.5301391465310146,-0.5338692855529059
1.6635290201147894,-0.6656463405531791
-5.00750621781573,-0.6523952877122983
1.6262021269898663,-0.04396291599978517
-4.479999806825649,-0.012535563638825789
1.0456669042982016,1.8607841706899673
0.8703552437559643,1.4465780940440445
1.9211386659626257,-0.6804616088215505
1.9365008169806663,-0.08891414069518118
1.7710657208912766,-0.9594032447514361
1.5692267090290415,-1.2253742084747943
0.9461975791267964,-1.6519492779318583
1.5222694963127448,1.572741298548432
0.7148205907636948,2.0593807717767967
0.1264684711331005,-2.597951783596529
1.0792975733235113,-0.29414188209440545
1.6138754692165262,0.09708857090507747
0.46871006245556135,-2.735272792297965
1.7035519749908503,-0.9567695373757493
1.3563707639747806,2.0325180714821203
0.6825836506417154,2.657798442335904
1.1563719827187067,1.279444278174667
-4.574854313522891,0.8532186943895697
1.6222997197635638,0.928691333125167
1.1504868255219995,-1.033251851978359
0.6446779506635752,-1.639112511057685
-0.7156512262475511,-2.444936352169164
0.49489081016276526,2.051163875809253
2.1149280518842692,0.8559585501212376
0.1706690675696767,-2.5750948833055185
1.9116926606405698,-0.471244799858052
2.4610801887626703,-0.7499782448385388
1.571285366873001,-0.23040128717853198
-4.560990069062161,-0.08888563371667065
0.35232357562769523,-2.0847313181789495
0.8833245375919664,-0.2689770508647256
1.2082622819460396,-2.0303440524825485
0.7835094477551056,-1.6300096007859863
0.7389131393748011,-2.1243865093257783
-0.8933567350136048,-2.8591226544015105
1.2890903001807739,-1.965982263325496
2.3112076190216833,-0.45895335788146174
1.4527354594271864,-0.8347782642723632
1.2258056915184963,2.0644829626411387
1.618552432607105,-1.3361163290898612
0.5811665108617753,-0.8868343993606617
1.6463387759484003,-1.216594608018329
1.9413526192495694,0.4670284936635831
0.5010688837349209,0.9174258985909227
-4.126783214082162,-0.20307147585606938
2.0675959360319203,-0.8046070590748511
-4.376400250625879,0.39538014892742834
1.7202475360752894,-1.514677038463037
2.1090254068778,-0.4109753354472861
2.0791957032758757,-0.3152019789524123
2.0006610122947945,-0.7699295247429757
0.5463415265019745,0.20212175227493873
-0.1318644599621386,-1.3203583712034201
2.5434494787304924,-0.4418616650220418
1.769040964245088,-0.8238099306306017
0.9861971714962593,1.6113213304689384
1.7101569838732726,0.20520832427679356
2.0855490848770724,0.09292130516165695
1.9379745904981336,-0.0802452301745765
1.0188241243561678,1.8863347261677559
1.717373081144502,-0.5706407384703347
0.33016487286063473,-2.1496291543725676
1.513641526712273,-1.5084071236521805
1.1740047170356702,-2.0220837762700534
-4.474317988682767,0.09357411814815388
0.876480618384302,1.8580081600711014
1.355577302343639,-1.4929807599186455
2.019412142518003,-0.8313261721969218
1.4116009157192233,-1.3139252182125114
0.5535297949187867,1.847679511553863
0.444330348687954,-2.329555619238533
1.7201875518252583,-0.24405730145504304
2.1439887447586194,-0.6239756763563655
0.7028513022522707,0.923205305958438
2.2196655817375834,-0.39574334244645104
1.3475658882415253,-1.994549591609123
1.215277936143884,-1.5460404792592777
-1.286606735666401,-2.3493534320117777
1.4023495835939492,1.2000301634777086
-0.5101551885659702,-2.3499427467096052
1.5844089883034869,-0.7559081724443157
0.3765385550420419,1.0202204302827944
0.8884561108366099,-1.795878488217786
1.4146087848966094,-1.1165053952208859
1.7574761561479335,0.24094289162278862
-4.240136961621215,-0.10617490018379336
1.4756743931909853,1.6889063610055235
0.6065002069608486,-2.4036036605509468
1.0069878209093692,-1.7663179050263351
0.8371580763285459,-1.7298877372726205
2.311173433556938,-0.26323998485059874
1.36872799743645,-1.7782443866019213
0.7128198044969498,0.5783759868104201
0.8535365170334603,-1.3785822370716374
2.029006634150705,-0.8241978319627951
0.347703966255556,2.181756978918232
1.595520367190321,-1.0896371641595597
2.039583526211238,-0.3738935322579369
-0.2443336774450193,-2.9224320232108725
0.112288557466352,-2.3397809156101035
1.1773548114137857,0.6340335068919416
-0.2738261440383905,0.9652182935539102
-5.077721530553439,-0.2987377775786294
1.4108441189282468,-0.528796909239373
0.964308586304039,-1.8117070688150145
1.489008352844449,-1.4013707348785054
2.0973990304011108,-0.9126330853409842
1.7057028941762122,-0.6897916103653651
1.547001761259299,-0.5893259141103373
1.0786134562451526,1.1850782774232038
2.418890144743998,-0.4405125833459928
-0.23072168752765784,-2.5752165461967556
1.074593778854583,1.8672062884939622
-5.763358342205586,0.5278012066730657
0.054126562044285426,0.6632211217348555
0.69450482858024,-2.0865474759309866
-4.786893366939764,0.053561681689503864
2.1208860157746825,-0.4716921225690063
2.411245766944719,-0.25984586092625683
1.3425890206779443,0.13845531775267111
0.5668075792214855,2.1029654010927152
0.5160863851792908,1.9830777127676658
1.6225478843736763,0.6302447005140607
2.0177616480110694,0.6995747660348358
0.3695986090692915,-2.1035803195272735
2.2627316420788985,-0.01305074213455272
-6.198504337695981,0.12138971242149162
-3.5132870510043936,0.6497976353392169
-4.5039371382882765,0.1508024874242625
1.928330781081576,-1.2375396816358795
1.613146373055262,0.7475049803497683
0.010355629577830238,-2.321074883636028
1.429691996768087,-0.7841228434861917
1.1575362498483592,1.0590632562314084
1.3123049180581763,2.071160032814852
-4.394919886509932,0.08637016392756688
-1.8017908743735598,-3.0774101667894125
0.9497797966227348,1.2551898005558744
1.0748133934821256,-2.9081292100742435
1.413523698985649,-0.8091211516357911
-5.551820837263445,-0.49678675726342286
0.46977278254789484,2.5046115444845705
2.108924532538898,0.16981668160458474
0.1974468724981976,1.9628076523506284
1.1936586100360094,-1.328200457700512
1.1717935551483325,1.596366853848456
1.619958077359188,-1.1801798379250212
-4.319777755048205,0.20810880968473644
-4.120054664143302,-0.5021333609381232
2.494745982095369,-0.6746209969814647
1.2266792964369064,0.00034030528631035986
2.2823161254552202,-0.20066938979462356
1.2910973244295505,2.2551879176608196
2.303793768964078,-1.2190058173927647
1.2309408142794418,-1.4582261878386302
1.5514911867283518,0.4858776377277366
1.1498337572515633,1.1715727884677152
0.7872026764209645,2.4261177728272494
1.644938416923106,-0.8626537821131338
1.1532556492927417,-0.13518610372794815
0.7713350808141713,0.23282095081150744
1.8130807701572826,-0.5041016068911246
2.0157603377872486,-0.04272914335434083
1.8597578765754155,-1.3442445674497239
1.0432083135742745,-1.5960487732328084
-4.255071827846294,-0.18443364000654125
1.797737876786505,-0.5377250898871522
0.7067203115953625,2.6419583746328708
1.1879044160947971,-1.312417629159041
0.6206292749841839,2.0873494348218737
1.4278328570710386,-0.8499091143560822
1.702859568181292,0.786983746264485
1.8357296752130738,-1.0787401778037002
1.032967803876107,-1.1281984046460147
2.6045475811935277,-0.36312714416699454
2.1649082938108077,0.05427621217466942
-4.895136014870294,-0.14982391388231578
1.1434897827387476,1.836525116854263
0.6334278478193781,1.691159990364702
-0.03864436963022239,-2.295052490626734
0.4203163806115054,-1.7378735605451683
-0.7292924486237491,-2.888928376484052
1.3538741749062537,-0.5663602350496479
0.7407873451427556,2.7231951366995837
1.727833969782389,0.517388528873717
1.1928373768175151,0.4645061821314424
1.3251647373665802,-0.9822074401044374
1.5882727804668217,-0.29971836734371715
-4.201045122158762,-0.6827949109497174
1.6677518931513478,-0.9782868237593
0.26112017824402234,-1.731589538604956
0.8372211947540532,2.236081628736748
0.012624579702607327,-2.4779822540902154
2.1935329746657986,-0.6126376572748667
1.5166270309193184,1.0478986407579394
2.1827502260279923,-0.48068470424632714
-5.6189284490758435,0.6778006897424425
1.0164893903247778,-1.7098773760664703
2.0640477974740814,-0.7806809768126574
2.008133373213778,0.20440389914420432
1.6083784250915059,-0.9131662583767955
1.6602517080778358,-0.2746284828940212
1.1462954551768771,1.6611334080251576
0.9903307631743969,1.319593494770582
1.5874185541170582,-1.313552128678675
1.890566599349389,-0.5483518648933349
0.8491323011651123,2.367757793848198
0.5896293226515334,1.7590483384814986
2.3388629935803684,-0.9206446086220744
0.3597453744248544,0.9385105846597898
1.3574454859663183,-1.718591247859845
1.593544922886539,-0.6513744040191771
0.7945720161046431,1.6391247618511404
1.6321031928958114,-0.3268493706769099
0.7872572685887389,-0.1944186124773297
1.2857765414589701,-1.3253184459157594
1.0629397911327678,-2.4827764307146496
1.7355455621206688,0.26945961153009196
1.6853534119409166,-0.6423776299819471
1.9115933800012543,0.21919302966535634
0.21396808247556043,-1.9936052071192143
-5.207372483288296,-0.4078077153517413
1.7811431690299317,-0.16728933302174287
-4.6929857425752,-0.008486997778282681
2.4013206089945194,-0.6469620148445644
0.4706262859882464,2.828821924056768
-5.417188727574561,0.04079077340002231
0.26579567062369946,-1.574787812489381
-5.032893170870479,0.3454045695401718
0.9086090417512096,-1.1756699113488986
1.731164170433524,-0.558844096433319
0.8140034201132885,2.4174542162308805
1.7235611936518385,-0.8064951379462018
1.941869868003918,-0.18508016143679978
0.04534450126745029,0.9795594861950643
-0.05762107611682008,-1.9067726277388206
0.553899194038158,-2.3779771673926895
-0.2305243074634717,-2.586807795815525
0.5445375985260529,1.341730581781688
1.5257060456512956,-1.2272630607980684
0.6810585797052188,-1.4636562984382564
0.7993719400594222,0.9282130258224142
0.513315041479154,1.2157135700891013
1.7022645384782644,-0.7898534999813952
0.8286229604634631,2.023732920365021
-0.02408349227643825,1.3031373846464132
-4.175822373696826,-0.7980009829018304
1.0281190282821857,0.20466708191207303
1.9147236249694377,-1.030119395116538
1.3045793798149097,1.4003452116254937
1.8087636461724164,-0.21358627422441437
2.244040167856826,-0.1865769573239415
1.1467709795251493,-1.8064747056719388
0.2543406523912533,1.8653325135402523
0.5682575166576228,1.7924116550711267
0.8213850822268693,2.4429769576466716
1.0601023986292728,-1.583125151653157
0.26450258433195595,1.6214693601275105
1.040333774783236,-1.3811022483230597
-0.23328672330662067,-2.4886439940334646
-5.312652774888864,0.05124894596165173
1.9839188524267304,-0.5362838966875192
1.7161340057923782,-0.5044530982304343
0.9587322266508332,2.4265824070247386
-0.5542330267477303,1.0946582510767344
2.3781692198872277,-0.37018251834475685
1.5465513410339262,-0.7379061010156851
-1.307689993224661,-2.2600836324088234
1.326236956953478,-0.4083756063071875
1.2889108114629289,1.8551145638099023
-0.005244228955044652,1.7595271052334076
1.746364959204332,-1.1348143508257664
0.2408048391940991,-2.0608278913012383
0.9832874382850249,0.9624133304268825
2.203771129116022,0.501716599623181
1.6116706055302603,-0.9395451924354813
1.652121212166535,-0.7225377109191828
0.3974082783718532,-1.912619050770598
0.35248599283727117,-2.370756805045027
1.5895333704840295,-1.0401022594082432
0.8370327026901515,1.9717098280164005
1.3764127636604893,-1.2738845087281359
-4.55061077711505,0.009656664377636475
1.4674343663840574,-1.8699355724996853
1.206956336369222,-1.4832185115915433
1.9786599853442943,-0.17797702092723833
1.9830973325921335,-0.07669971754327752
0.26371778915897415,-1.8053840094309923
0.3306270627179654,1.3529864383316659
1.8031202239105806,-0.4380115139349772
1.0010702098976691,0.3205518852693584
1.2420778618572248,0.7552436997787787
1.6622013737911792,0.4179577418180265
0.47813753551305066,-2.639750188994208
-0.27684359128969105,-2.2574680435304724
0.3669846972591495,-2.602044861271128
1.3992653930541321,-1.4947944888195404
0.8406197590761098,0.6549925062050326
1.9421619195624014,0.15213081866234085
1.2248798119525448,-0.7616279200012732
0.5210912542463114,1.7422655189483045
0.4002788061190951,-2.2427731527868215
0.9364092676030172,1.965596976224611
1.3620512594134124,-0.9464432965568316
0.9755082103041786,1.9343197001874923
1.7635890906877387,1.4463922154289486
0.59008460463789,-1.4985037243772072
1.2816115827999095,-1.65081303863955
2.307577631719177,-0.583770108569123
1.6071154656509412,1.4138962012111782
0.9641198010950683,2.1569725260203945
-4.66223377490222,-0.44191492328058846
2.134362472370404,-0.07185285054343492
0.6749134737169923,2.207690634830609
0.13232819429783874,-1.6866414053056928
0.8500083774330064,-1.2969227670191266
-4.738155478269629,-0.39983013877444157
1.0737763993176959,0.30646895288779563
-0.3909341471259896,-2.653309570928774
1.5443259670261638,-0.9749126136986828
-4.597645027122816,0.1926116111558554
0.48735971535476363,0.5670621436535903
1.130672413422529,1.0590713661696542
0.7140252655729113,1.9468640547913159
1.406534780318674,0.6635922235544466
1.5603663971871513,-0.7897276310900859
1.2990167403874842,-0.9144866162449916
2.0291713071690682,-0.19136082986730352
1.560121682165559,-1.3121104544279483
0.8133837599698748,-2.1047801790574026
2.0576547375448127,-0.4302711863482146
1.510097976492652,0.3590449219146881
1.1284211648304292,-0.9751621842650502
2.3211236096450008,-0.361355240281698
0.8846565742451455,1.4300377345755402
-0.3577608569015575,-2.858324917679286
1.7156530943385486,-0.2998386587815224
1.4048669170459738,1.05283769161487
1.0340635971140502,-0.2786721795837779
1.8232218022176438,-0.2538581699572836
1.5627114673514098,0.16713347983103383
-4.2766909140835985,-0.11036622834794269
1.2617675671837885,-0.41094659126573674
1.6132109076564738,-0.7525530278496667
1.546083494703134,0.5287272164417265
0.5019152705051084,-2.0205652982477322
0.26036478845570965,-1.8807170188775935
0.48133540675028996,-1.8858160456954223
0.6135592302513019,1.6887930043994048
1.4856389165353074,-1.065121145370825
0.17492731702636935,1.7177114203495176
1.0959846489859901,2.3067549671252205
-0.35003042752236335,-2.6739038475373125
1.0268085034105177,1.5315426923249509
1.5690237690440192,-0.14877228157759215
1.167202405982878,1.2940684407748386
0.39705191013162544,-2.0528948471667654
0.4934599580033653,2.0684901666501307
2.1213995405375967,-1.0635605664684273
0.2949809660468249,-1.9972773522409888
1.2773766496337793,0.1871676346430066
0.7293133940797258,-2.009283900944165
2.090717460170597,0.9287553451709408
1.0531440511225054,-1.5530690281249377
1.2328538436121133,-1.2219935165548583
-0.37712538623565617,-2.3377401168638583
-5.382311468231329,0.3556295690926437
-0.09172710002545681,-2.5393191276104776
1.0427608876805938,0.9083948143029368
1.2372004920054946,1.1572913657008859
1.1796529001875993,-0.9659960638680999
1.4978291393648513,-0.8647001316903676
-0.19111367076640418,-1.75532073770414
1.0947308237822815,-1.6592259538719942
0.40764474009016033,-2.51823209714286
1.430323449299034,-1.206722159776272
0.7447834598800388,1.6786250754748178
-0.1878032025425153,-2.2566096543901417
0.07240784962455514,1.5178199178674587
-4.222735045783292,-0.35988228173721815
-0.040393915366145325,1.0686937190500718
0.6061299688930486,-1.3066863213173359
0.3486887615050462,2.6277882121055973
-4.32803809088466,-0.14955171910822418
-5.142142221594256,-0.5706836373385227
0.2911235864711449,-2.322056996605915
1.5068311656056983,1.8727413779148376
-4.345243547634964,0.3254616501523955
1.4678749441360346,1.6349351990868615
1.4164970622921835,-0.9865911804681008
0.5070040185788232,1.5720672954853718
1.8760088626300093,0.2506347641081754
0.2672719270224322,2.0935551471815916
0.304527023152692,1.2037758678117176
0.1923680178761787,1.025667696401238
-0.09828707317779872,2.9404903332374586
0.8638794660885525,-1.3337797483844602
1.1610153681009636,-0.46599730899525393
1.4852640410241977,-0.9673939036789417
1.7554798269754575,0.27492327437111314
1.54448261237724,-0.9261901290763946
0.8975281394890221,-1.5021377624403724
1.9390533260447975,-0.3084544387120293
-0.6074150753607187,-3.2414767734349206
2.127514401573157,0.07242137522806401
1.7997982461838873,0.10918050347197823
0.24622141175214762,0.9345186716950831
-0.839566570499831,-2.1587045251145436
-3.7912816756406973,-0.26645755658762554
1.3392670779253173,-1.2348064427472083
1.4987028844611396,1.2038734281252095
0.8429528861285484,2.236589790316252
-4.305486611025007,-0.1641522122195447
0.1252394106846494,2.358109891047496
0.9993544037629867,-1.8649230386866154
1.8984597206709513,-0.8275644973328139
0.3237169958661462,-2.4498612280187957
1.696277462762157,-1.022395793477842
1.5862615895295646,-1.74372484817433
-4.276647308480513,-0.38026628394006573
1.3613060003981636,1.8331005599008527
0.8375623163143072,2.7854404668767296
0.8939985704622114,-1.864606213253459
1.4916666231260454,-1.3551761291834947
0.4715941741951699,-0.7939510432077052
0.6978313014548743,1.3393930216024907
0.7172835663112811,2.7524826200913886
-4.707527866381364,-0.4249469604692297
0.46356723661005295,2.773072844571789
1.3579111083589086,-1.989018310150083
1.0568170184488068,-1.5249375238160314
1.637780545045275,0.20549961310245152
0.46163187483201545,2.1631667838425215
0.14927535609619258,0.5577975331228016
0.752458682885615,1.6298222267830695
1.9488347900802514,-0.36470652341302195
0.9540815615240583,1.3280779850868374
1.6724233740202803,1.7521725685528104
-4.640139044026132,-0.2676962069421595
1.4625218058336347,-1.1947916022859864
2.5001949019862897,-0.44109172253716405
1.3012652385567494,0.5160962967808568
0.5238769908851643,-1.5158105763628817
-0.19180722959483174,-2.0021851921859777
-0.5102849579140039,1.0623871029406458
0.23618006095264718,-1.0587094330680094
0.742606082375487,1.1240310419439226
0.514469900516199,2.1238586269032242
1.263524860785019,-1.0196718589089167
1.4414717485404385,-1.3661394736883519
1.356855084738643,0.20603130888270543
-0.6031591401440619,1.2428292039266566
1.4156695814696316,-0.8519655545735435
1.114599719588609,-1.2723996836548241
1.4620091304755278,1.9552282215208399
1.406216448383194,0.3243562709883848
-0.16295447013469988,2.3900965590340317
0.32495808010331845,1.346979025098743
0.676895121972973,1.992481702541881
1.8307900469703255,-0.2850799957635643
1.6929272539082485,-0.64899297928497
1.401976647927316,-0.36686130662082633
1.1974043096951172,2.0036725736297862
1.4056510221006315,0.9922754526716895
2.317338948445315,0.07680416924788161
1.5687915185453931,-1.667040274413013
0.99723869307784,2.158234091472416
0.916996635663883,1.69659533391437
0.9555937580588374,-1.6762283480157292
-5.44875338439496,-0.5620338345818456
0.7705974465131419,0.27559156750631664
-4.381871286873886,-0.03274265846344041
-0.24680587970406248,0.783872124184499
0.5163938797948936,-0.42133458733663953
0.3766621650385422,-1.7901003505821211
1.0622080497153612,1.1289922216257564
0.921818963237446,-1.5836177365312103
-0.28030754958561693,0.9129922516552246
2.1069643022290756,-0.7527479362071404
1.8830077097011497,-0.6810206605425899
0.8680947127458538,-1.6888220568475212
2.2289122982858034,-1.1614872363761162
1.4038302230323536,-0.9664733127026949
0.5715741124167089,-1.509901270642529
1.355043747535897,-1.5542903891876096
0.8452639346126329,-1.6855030294779345
1.819529128291738,0.61849243340214
1.5255976404955423,-0.7491071847185627
0.9084588206689539,2.2967625187425162
0.6207246740114162,1.2897761536867092
2.058174365728301,0.4670166199428768
-0.34297555640760746,2.7529156296968242
-0.3203681542990627,1.0480464049224663
-1.7921638462190785,-3.1536955937108986
0.39423658392300975,-1.6122583823599859
0.4888109454509371,1.1350023362406445
-3.7882281264885673,-0.3085232098672025
-1.266274202435605,-2.3225103181350675
1.208023342473087,-1.9193148912398341
0.9648455191272179,1.6124477070777303
0.557151017765671,1.7923611081601107
-4.530621747345557,-0.08699734695496297
0.2767823548144378,1.4521607348458294
1.7183269852587124,-1.1890140221622723
-0.278039914387328,1.1600310709510488
-3.6704587954565753,0.34896665422968887
-4.78806593454904,-0.24252517683718974
1.031068206697377,-0.8425865157073418
1.3457889108040957,2.1911148572218564
1.3279116615191513,-0.8939494448043755
0.683748711967586,2.8888308901676503
1.5326058165648604,-0.6153099618031221
2.2667290498460586,-0.6057264502203806
1.4635285299583065,0.037395874023876674
-4.707661503466644,-0.3151084416348107
0.952300718605813,2.0566391529817367
2.0538510999757382,-1.127556481781077
1.381707836654047,1.4476689347042262
1.8825582415915358,-1.5519922447221925
0.5771196104770137,1.4813261169575482
0.5986337157732854,1.7344967822008706
1.3647857602269733,-1.0235876156809838
0.8330038324674855,0.07948660632129868
0.47152568432032615,-2.132973689022485
1.2189293321631358,-1.6969746044893592
2.199302294056128,-0.21709481765324332
0.8361688589702682,1.8621104114254676
1.571601373419426,-0.30045775058552454
0.17038691161887204,2.1071215942491364
0.7870077278656155,2.0206935985028105
0.898596324589568,-1.3214901066339368
-0.7317193229179042,-2.688793204560733
1.5050716271031546,-0.9973170996324224
2.1842406619126886,0.6005252256847597
-1.3000227643180633,-2.7356844408375935
1.434752933579173,-0.07838469994487247
0.6052763490441391,2.2542339643517577
0.9162252139313357,-1.2503014385262794
0.4300591769413151,1.6842366673773774
-0.11277763850411017,-2.1534817673388944
-0.3204512885751545,-2.448754870891442
0.5461430005572854,0.956777579728124
1.4629374220367215,-0.4665362051482869
-5.6921807473331345,-1.0376558322834573
0.32648377715649707,-1.912393831703212
0.2866931100703383,2.3841340867220633
0.8541414598716741,-2.4106169731479614
1.5269338335504503,-1.1099919619039478
0.8755706806446888,2.021212466683628
-0.41561606491193187,-1.9790001938057722
-4.223973527244277,-0.14002349801877187
0.8457431344963728,1.8907347790473397
-3.9623952144021755,-0.8293431450102791
-4.575190291295174,5.40863508376347e-05
1.494379108428672,-0.5501498923783026
1.3478040533265458,-0.9092466434231816
0.7804093195946442,-0.1703393996922091
-0.2311087078849687,-2.6625650447305516
1.4965524779509756,1.9841584481277916
0.3744963650769702,1.2954559880228262
1.1954668421429084,1.905237034774784
1.6177927026781547,-0.5269833445119145
2.121719608457456,-0.6366094711481786
1.6016912344290437,0.21111932953926324
1.3872647526433284,2.1071965063860563
1.425556077334653,-1.3721963819940688
0.3762641751898165,1.9109385309181073
1.2185686349683038,-0.8924250272992299
1.2130695022872575,-0.7231486836864676
1.5398781743559586,1.5426973946806153
1.7802864239690184,-0.4233952644167188
-4.701411963708278,-0.5083150571578399
-4.623910748526709,-0.48647564056779685
0.07757328647920315,1.9907858298926868
1.043851793082952,-0.814619102432826
0.1458040782799974,2.5380597384500447
0.36988893911640486,1.897370435806341
0.40555266358415093,0.9075145455100081
1.7183202694347477,-0.9059488644198903
1.159940342240235,1.9783839483821046
1.6307865730910476,-0.16756147662606197
0.8207902105519614,1.187475967673181
1.3438356865689776,-1.5077319213256033
1.3643206118111069,-0.8497177621488605
0.7555510479840545,-1.3964255555123795
0.5990787549760803,-1.5762132078357332
-3.8931153504656306,0.1924877937008737
0.46745113567318153,1.2979212620767686
0.08504368464409932,-2.808448120744444
1.8932668360142864,-0.2889266474460243
-0.13536450100074165,1.311918459248215
1.9144879539310602,0.3584630314470666
0.7575186524665788,-1.6849868385727858
1.4858900525940528,-0.26899775515173685
0.6014144232901436,1.1911458018222045
-4.397432605398583,-0.0269906007251344
1.016896571313881,1.5305294856926652
0.2672107493051124,-2.6719538764601594
0.9728792855695959,1.895770059793201
-0.18359965295660538,-2.4482545041835246
0.47500437887147406,-1.8679694306549872
0.7213014973671444,1.9950412182670514
1.8345114975699857,0.42222350291618255
1.6907419819925036,-1.2373859852754798
1.515231598554114,-1.0946803728255194
-0.7539511065741009,0.32161618045925333
1.2479872838227093,-1.9711895923058382
1.9629554217765226,0.13712868632434735
1.301987116049542,-1.2512957413313368
1.8550977674792681,-0.6000597603432624
2.0848941359309037,0.20116551546118683
2.1159178607420377,-0.6416813758694602
1.66430061164856,-0.9196633247022221
0.10489744521874574,-1.7929862073919411
1.8735185357143675,-0.2931126086759736
1.636979848374895,-1.1891473463394278
1.000248305806708,1.441905492513404
1.330818908205335,-0.9799149644992392
0.8718904240153499,2.455704397393181
1.3508981954316084,1.6997517440028589
1.5478560831126305,-0.7833685503180142
0.9260654990501327,2.130659985389724
1.3496420427813698,1.5845742395340696
0.4599137036593928,1.1793529087766075
1.5803838070464502,-0.8434991779487584
0.76194114523979,3.5889031405680694
0.7634905823104178,-2.0646836458425994
-0.047237229723904775,2.0739101734555416
-5.708004937998959,0.2350039391983403
1.8148233379066947,-0.5037365109814466
0.5129910781148331,1.5259678112678765
-0.7340101822547768,-3.076496743210728
0.6314893236023965,-1.5300412346513896
0.7680845065273866,2.659260300767389
2.593646883116174,-0.3302234895095965
1.4878741843257888,1.7054724547930844
1.3569355159328917,0.18691324948905202
1.5376819873318073,-1.2323377381968765
-5.541521802819903,0.15291534713839547
0.9492503724365265,-1.344322990733539
1.4836426812902608,-1.6844289277879312
1.540080149745142,0.44354167959415985
0.31391046658398686,1.9046037845883552
0.6830047120024503,0.09266703776235263
0.7479071412398697,-1.9266288118037864
-1.1553783867570377,-2.7688332945747147
1.8786960389909695,-1.1084926644113209
2.0907763131225034,-0.39645152432767006
1.5833537832708198,-1.493498623380401
-0.6677493853814968,-3.143524992204537
1.5043599061853052,0.9765857927877012
1.4926838098253206,1.082988052293799
2.008131694899293,-0.19016150936438136
0.905972616968784,0.7702358745741797
1.4367208509174354,-1.169857990780235
0.8440994983392907,-1.2952167135587587
-0.8675597828389692,1.0679108366065644
0.2936140791396437,0.3294467581805117
0.964621566967521,-1.64544251727993
2.1012239020980057,-0.2582713842569544
-0.09846322015688724,-2.815627829980462
0.2900754419243662,-2.037672553042303
0.6373779128062735,1.7649918181481619
0.9069638116958157,2.290748583373023
1.6331981941341895,-0.4423976118458314
0.7658982923925768,-1.5120369547479422
1.1252151631714724,1.5213227774768465
0.32461075352847835,2.825496567650689
0.8505677847921757,0.9972013799721909
0.4403581858061246,2.7280078999260584
0.9469870441650201,1.2108485730229295
0.27301374274786716,1.2226295616831973
0.5896892090391732,2.420919268584463
1.4164877300422718,-0.6998078395501195
1.9002955547199962,-1.2911766107698819
0.8192933547529846,-2.0147525885954782
0.6793727939523458,-1.7211603006756129
1.9507694260036437,-0.5762493378055159
0.4145881484923452,2.2907839025127803
0.9943396078430935,1.855289741996939
-0.32973151361343433,-2.3029899530533644
2.1735273224633422,-0.4222548902489805
-4.847132403037335,-0.6918043709590675
0.975223757905339,2.1354911815388506
1.1621184107010012,1.6362284423680613
1.8387150623055246,-0.2078823987723346
0.003784248704891619,1.791412121406068
1.6063118765280313,-0.6294132655876703
-0.1060959651412286,-2.7521694075036787
0.9667243597136503,0.54580338653198
0.8451272925244749,2.4449767835122045
-0.31677177597505896,-2.435943383378624
-4.854171065526364,0.2881816149638971
1.0939852047219627,-1.399492909313032
0.10570131367894747,2.792175861053601
0.32529839065117905,1.351745409826641
-0.7183992663354363,-2.9465096198636753
1.5280086303211948,-0.9091390239187416
-0.20175062530594262,-2.7142219545264386
0.763298678490617,2.1977268934684195
1.414246833756001,-0.7562721493682705
1.8559467793462059,-0.9214608234987586
1.9103500192084055,0.29423281404776813
0.5573019254164746,1.6690210278638535
0.8264491186379279,1.6234828628598097
1.129079927906744,2.065879904778545
1.659884010572084,-0.377707868689985
0.493963168588182,2.5022568362690363
1.4653932172929423,0.8118633306777668
-4.299752872599302,-0.38168896199351504
-0.07015794414124184,2.4592794447626116
0.9499121780782278,1.879191421228601
1.2260665700254743,0.3361140545380199
1.090315753580265,1.2876512643426152
0.9088211698899877,0.7806566594935628
1.9744103453992399,0.509356346768454
1.338094998033069,-1.018444080949741
1.8935486502284515,-0.885652199591426
2.177230963959871,-0.4757462478956393
-5.922026966219284,0.07779677092979477
0.29765265642840283,1.1354916988947685
1.32871354030583,-0.18376888236367078
-0.2882515867827545,0.9928791970455121
-0.12815122380339547,-1.7719922146871954
1.3062322146013439,-1.405810078209663
0.8291694848246159,2.521393186876266
0.983168839428291,1.5959721483478249
0.4024043505891104,1.8207317781491572
2.1194422700160263,-0.8314159248616173
0.7581527715772184,-1.738841684672845
1.11277297606241,-1.5208538130700886
1.5192438506739154,-0.6984646249902919
1.181961707848507,-1.238970354835144
1.5045133048275814,-0.9466833461185425
0.5189644591035851,1.1020776284041183
1.69157166206894,-1.5085104805561345
0.5461637047096306,-0.2836965213924736
0.8663672125651042,0.7520172924451093
2.058818515516456,0.2158442236053512
0.3329593084473848,3.031102373585978
1.137743825889042,2.03493522828813
1.9323844699879025,-1.0689549346374787
0.33127076633592245,-1.9531029949137337
1.8790534473032914,-0.07255890065778492
0.9441431690802774,0.20221516820146818
1.2011053760793322,-1.1380771093974118
0.573920911617217,0.7540089780055845
1.0638114654973252,1.3609066062728052
1.2755822836309099,-0.9443411556255229
1.9422024931131352,0.9184348468062054
0.5222731614893334,1.6816590778781244
1.099626667434909,-1.481811924308688
0.42458530424360647,2.0463959001164236
2.352796321261831,-0.33693369333459017
1.3342720517281872,0.9487859308605843
1.378079306827781,1.382057270552303
0.7460589888003605,-1.584609538671913
1.7817435228009977,-0.7283970945019814
1.23145449149585,1.4965086363584459
1.2259338456984707,-0.16276623164937953
1.7937318048788422,-1.019302553530921
-4.212477126892769,-0.5286410205271131
2.1916928934633404,-0.33136522935025153
-0.9697962303824542,-3.392725609069936
1.8226134370966156,-1.356004080677958
1.2189313252910707,-1.315837492115531
1.8223070954040226,-0.46211965697837354
-5.5194427920285465,0.2656396145003212
0.5384435057154466,1.3140753034797859
1.202187701799654,0.7208423509293933
-0.2031912349994536,-2.4518511806492653
1.6721986995494988,-1.3611222900813753
0.19720410718252587,-2.566119826973608
-0.6559026628247884,-2.1513555538252533
1.1380697260994086,-1.5603883670607441
0.2537731049583588,2.1088144483527493
1.565636206480221,-0.5046706909173725
1.7877571081114674,-0.37232825898063937
1.8982123721332471,-0.7588097618204348
0.12044220238446823,-1.3973215493453952
2.218223664604568,-0.9020466950742438
1.1921717679864154,-2.2249330103577365
1.1630060235305388,1.6406527216910742
1.7304614289816234,-0.7440358527715877
-0.19601942229860855,0.24600673203032897
-4.8285249382432385,-0.15867808648038076
1.5297186553014404,-1.4058732103376577
0.2214927590113387,-2.1911427785137394
1.5196353985124855,1.7586222769313113
1.5478944125326135,-0.5206481286429815
0.5626378302877012,-1.794340829365866
0.5918901153222625,2.24321699216462
0.354877833948219,-1.840377229123472
-4.656986695006351,-0.5856253808388864
0.9380323473326666,1.4102143165855492
1.6124388464694264,-0.6887002687977598
1.2425392463820712,-1.8608537548545196
1.8349708170310581,-1.1259234738494701
0.9369266713589743,-1.7253485480272301
1.860406212304895,-0.6652529487660005
1.1182870626714017,-0.17557942991758305
0.8856626473017344,-2.220070290844526
-0.13581459166302243,-1.9732433898515491
2.0887453192361307,-0.13699528614041898
-0.011563970259324399,-2.2783677605881945
0.7206890697698274,2.0250213251609277
1.4972960945993998,-1.8477524211958052
-0.21712195286271202,3.2048673495295392
0.8850236163980671,1.657039130053657
1.0858065798174008,-0.8942038237436917
1.4234783611868043,-0.8951124106432036
1.0929781629968685,1.821881775415383
0.8874611841993246,2.566605411898391
1.8333673557888233,-0.7865575855295709
1.5470085419081394,-0.8082477011069489
1.4067149909050258,-0.5225503482828354
1.2670298254434336,0.10820150707017577
1.2857851040457298,0.9618811191989554
1.9401854550668503,-0.5921720984596653
-0.18783497542063365,-1.9827075630705622
1.5152858336881463,-1.0811325320564795
1.867793039613851,0.4196905529322897
0.17624885859446943,0.6303868763883058
0.8291182722400681,1.8623841696785297
2.3079167035534116,-0.3903792676477436
1.3679942557402436,-1.4684984432030184
1.1892672352727727,2.2441194279000976
0.9722143910486862,2.5869181860595982
1.3760060837621482,-1.1599699255624398
1.762707298605316,1.282573471370468
2.272242442448482,-0.5417754415191085
1.5310734278176297,-1.1050052723500408
0.08137815938259596,-2.1475280579260154
0.6082099768781173,0.7657626677711468
-5.721323583863509,0.6164180817597045
2.182900131809724,-0.011650029185341105
1.5174150471362493,-1.4733721341330746
-0.48081584360732504,-2.4667541041418386
0.3793064587517837,2.6711942731105975
0.3990106869836483,-1.9535683796381382
0.9545199813541975,2.1351703395280675
2.154403441903817,-0.1596913172880829
1.025340087816012,-0.6945759893757005
0.5727732691623371,-1.7480688253467447
2.0117538918437172,-0.810883103204541
1.025721241097871,-0.6172481656171782
1.3219023901281166,2.1557705678884163
0.7124294636121339,-2.1031048241196886
-4.885964477300102,-0.552995225675833
-0.3259537201194713,-2.1328990142873225
1.3606566759171523,-0.9230625344540736
1.5991178371701738,-0.9350384739934515
0.4079579738803217,-1.807195480132287
0.988450267199166,-1.327342884574467
1.6654094929217382,-0.7350455303337278
1.5087104889133252,0.6696401030204024
-0.08336730085407805,-2.736401719251207
-0.2008566844432952,2.4083239259738223
1.0634340523727857,-1.4107052404058167
1.1796379612850376,1.9566571324775874
0.3879635028540102,0.7209408400894038
2.0004241773360985,-0.7452925574858609
1.0868774898195588,1.0272912377885428
2.56269346691005,-0.03773564802383346
1.1640004483946857,1.6734556598057881
-0.1705049986362042,-2.634864359497707
1.370164542957214,-1.1745217047553922
1.5660942188330822,1.174233012525106
0.7495412250764857,1.1304791797255351
0.6836298687586758,-1.85771391484731
0.9330916961158486,0.988321689154116
0.7143005992418641,2.242136678191571
1.0085489085891721,2.6349580920024236
1.266101675066303,0.5246297016489828
-4.545411284760317,-0.37481303498776214
-0.43332027566948833,2.2254784149203273
-5.11577710514343,0.244796194704077
1.8062818528915106,-0.6755668506508024
-0.6687051813646399,-3.087269117238997
1.585890304794698,-0.29222739378683155
0.9976901594976314,-1.5210795738353706
1.8430340295258376,0.5690796833883393
1.0956193895704074,-0.976296654385547
-0.10874030343917639,1.7009889532657407
2.0931192907527265,-0.4852755920574877
0.4304708787712173,1.483901075724642
-0.5407176730831101,-2.2273110099407836
0.5626640658501646,0.264194419663001
0.7649123821733798,2.4328754860514654
1.6644714710033164,-0.9589952586669597
-0.73372866819425,-2.991072675492705
-0.5624088504622731,-3.2872703122529794
2.0267673442332126,-0.42048572461480727
0.5741134972572035,1.4704141343474821
0.48410945736176614,-1.6531268316888061
-4.904483511777455,0.2372001547491687
0.13003693909088268,0.8851872448111664
2.0136904458108624,-0.3618857554970909
-4.6045937532328,0.23491499118560857
1.4712825919247037,-1.416895426635514
0.8343113949782347,2.3197973509939036
1.3602587457235087,1.8370425020785466
1.349221001229164,0.12028984593919803
1.5169248597890697,-1.6710394868754122
-1.0372947392276128,-2.600032879865721
0.21919410673842032,-2.351329154879208
-3.453886403020152,-0.04057446458799029
2.1512273316616555,0.0977532576696437
2.177249538889451,0.11179673920913336
-3.835324069768021,-0.15654713911625803
-4.116313328516521,0.312177982374674
1.1759474947313564,-1.5140942612487687
0.4525654447411596,1.325547891711652
1.463869877920526,-0.804406824307924
1.8220842356439075,-1.248492849715991
1.033627538511656,-0.35489415105786115
-0.5201307155398369,-2.2590577240927914
1.4766532568056168,-0.6796366033433607
0.621173823981412,2.071049561160373
1.6223682636635626,-1.1822793035672845
2.0149018570526396,0.06840838674894449
0.2831713982749133,-2.666009341121621
1.4246591491670608,1.8209244410393508
0.8660390407652694,1.7696265901587749
1.1719898499078722,0.8750135815900107
1.535633718947812,-0.8238743331975376
-1.3809268261674024,-3.051666394218071
0.41180047312798485,-2.4833955949250734
0.06594538064874302,2.0941466746597364
1.5927693618921448,-1.0914460170019127
0.48618231089416636,2.149299075885598
2.1242529639141585,-0.7748765135936354
0.8576089480982663,-1.6593454852694998
1.5036281613089302,-0.25015384819122594
0.6802645185129016,-1.712776208316699
-0.9601263108490904,-3.4001106567084305
0.27930289983690476,-1.7471733578713844
1.5079860936581455,-0.7605725393543886
0.4223312705108402,1.1869490678468972
1.412753376365841,-1.1374465984703743
0.2655721467039549,-1.7208452516641763
0.7688954748792229,1.5226725015597429
0.7685833868775729,1.86674126408445
1.4066951423996517,-0.5226366172819166
-5.388557046963234,0.974517090026591
1.8628614971270299,-0.4765359926141501
0.8682585631613976,-1.7877580152538948
1.0903176849191127,1.5887586978148225
1.6259125808978163,-0.029789860195381247
1.5344532846373131,-1.158573578418539
0.7762430895776605,-2.11002493115715
0.30775528833783167,1.6080791128184972
1.3515629575741366,-1.1016240976996066
0.1795472469444137,0.7539723419626599
1.925013462145416,-1.011810324122011
1.8427124331164082,-0.9595597092180187
1.8822060341240756,0.03722073751005665
1.2492795008144084,-1.3830477509713106
0.7097773834227211,1.6172411251459222
-0.03043485324382743,-2.14363054329423
-0.05963108558970537,-2.2607134284629278
1.554675513858507,1.3899749209327368
0.4887232713339097,1.7313354348885504
-4.053253562119558,0.9293836171702989
0.774527686986945,1.935147352602652
1.8850891364044464,-0.9509049950841277
0.46492238326274243,1.461972775389296
1.6677717354713322,-0.9709471074211533
1.1410894738413464,0.2753446958454981
0.7627784779388224,2.2861859983871518
0.03260775649255645,1.9406552595456947
0.9106605236839462,2.3092517314421364
1.088806279349874,-1.0711617245420084
0.9202208328838042,-1.4249761127164162
1.6116648388920596,1.8231691984851814
1.2523654700741502,-1.7534783704622554
-1.0528337107787253,-3.142610431207356
0.4436475102468709,-2.183660748035057
1.2586690799963314,-0.5285972262650421
1.7269632157566388,-0.25820759333195986
0.5204728173889343,2.575944512583778
0.7240048466149667,2.356726493999104
1.6345153376737012,-0.32704291713783207
1.8413618826748586,1.1983934355889132
-4.044669672449256,-0.2865774068210005
1.845689424738133,0.054194124486459654
0.9194930865086791,-1.4346280567749479
2.3003885835312805,-0.6347815670300305
1.7257275347070158,-1.0934126703914788
0.693831175378134,2.425826125898477
1.577443526278618,0.3428445248954097
-0.6581709040300175,-2.1903295810732635
0.4491449966447748,2.5192804452378814
1.266155618903815,2.1527101931437804
0.7921357498090492,1.542266656794352
1.2313300196573003,-0.32199749738325223
0.6425811727226579,-1.8414563092520986
-4.207316221787729,-0.06627216985897558
1.581242980378484,-0.6260356623321552
-0.22140021888143382,-2.571480575766607
0.42556269070530206,0.48583932599114227
1.843366928256193,-1.154867277869937
1.2336985205012443,1.0175544191926558
1.1211520531581092,1.5505749650478344
0.10119679247290121,-1.957142803126061
1.4364097267356841,0.40007606897136305
-0.45892270953081965,-1.5131173606279602
0.022209866361446114,-2.326664213424827
0.9923301662326474,1.4199498344660824
1.4604513444122795,0.5267357145020813
1.7476604452739306,-0.33826165694470967
0.8040183660193128,1.297889159578021
0.16933343597522213,1.4725973126516552
1.1740334451512926,-1.4494605702629817
0.4789023616969348,1.8978702364827158
-4.969415598506847,-0.6643351536464669
2.3965529401905235,-0.408523994170021
1.7795308144625912,0.20985731786673723
2.290292403494622,-1.0293854387893298
1.6462042704173365,-0.6006514417342832
0.30171995508045374,1.599836717482261
0.8329127249775148,-2.2969950463456974
0.4672025848773053,-1.5029831225131263
0.15547069903999872,-2.207078756688892
1.257005128114091,-0.7085908333981998
0.7391807108854249,2.6206135589119075
0.1106329888769345,1.9297515844324549
-0.4847892497944289,1.1815444703120828
1.4702587140005972,-1.8163717939583457
0.8214612829509309,-1.9166502028486865
0.5605013968087498,-2.353279907765933
0.9864187280023795,2.1675494444745484
2.3976283006734977,-0.4229260597170901
0.977237992412073,-1.8273027241267588
-4.2265672748364045,-0.4731750472711468
1.6766943792209028,-1.1821399097493315
1.4207543711262944,1.9491184881986128
0.04599822528915201,-2.456819106285069
1.3683302006625468,-1.5359101854711346
1.7124928502179413,-0.4806339276793194
-0.8777308401864123,-2.5375632630998517
2.041893058974929,-0.13058653081024435
1.0518843369263782,-0.928354848894098
1.6624204334901946,-0.7830812634718016
1.2909357760175302,-0.6361194211392917
0.6250512503991779,1.7526774443062285
2.428328025508842,0.005621605189650202
-4.574370785203358,0.19235125737290412
0.7165049035499237,2.1247084436086663
1.6113007858175175,-0.9951347638571323
1.5207686412783308,-0.7631097544278246
0.11042682822446286,2.333205851370705
0.8754120301333445,-1.916024582792619
-4.894535735311944,0.43611906124323807
-0.20779520357640568,2.048220594211695
1.9289758756751012,-0.8549508639082392
1.3252620447833288,-0.012125508562176073
0.2682616254098413,2.299918918360526
0.7801656705127948,0.9614886855366125
1.819517713317564,0.1274427017649196
0.9046356931283583,1.1414953527192129
0.5015559197537041,-1.9327121845025923
0.9806204444268656,0.11659140223470668
1.5270367504317788,-0.6066010196489884
1.3919612967394788,0.3644948420985164
0.6060570953012269,-2.0744964692726806
0.24775848925842583,-2.0444964398299623
1.6101336020421357,0.6145942224720591
-3.3874171945761526,-0.5001684968002269
1.7140929480984863,-0.5163452659889555
0.835001773050695,-2.1579525267015014
0.495583592649648,-1.7880971448541694
-4.734207741591547,-0.106645225314849
0.886699342761197,-0.8589436393030154
-4.828439488000956,-0.630785877044875
0.4894052049762073,-1.3406019777598908
1.0466770368455893,0.7583636850772533
0.5535807795141369,1.2681144842839913
0.4140548181203797,2.514714877612464
0.4459972007074455,0.08821882293994684
1.3669595452639556,0.6220836480249973
2.174835529349426,-0.43017688929746867
1.088445682363971,-0.6145493394164503
1.0465010600256655,-1.3941760504819631
1.224828336750679,-0.4164911013804918
0.4236067231733868,3.329167699086801
1.0566722259623496,-1.5753301480488229
-4.6827968597621235,-0.3933449943042913
0.18746354957550065,2.534313983000337
0.964950290362834,-1.2230710586964704
-0.7514157815441831,-2.4613865862980795
0.797885762121089,2.0348052600222246
1.359860415707716,-1.1168476586597564
1.510349894361809,-0.3572680984517135
0.8087633218939515,1.3379768171036885
1.6463719131753454,-1.1397607902300975
1.2159282316386553,0.7798823472668387
1.40078675956687,1.1933163694675262
0.6962035896179887,2.226073991219472
1.4010937183421566,-0.851570396141486
1.834754260706939,-0.7971616400528584
0.8461655771562613,2.519310254389442
1.807503875738506,-0.45177171229413227
0.6274575845411325,1.5658414398045788
2.141346013364271,-1.0391610431989637
0.7628341137938092,0.36569524770379386
1.132484459564824,-1.1340927110742858
1.1931395453604672,-1.5297442492581952
-4.425264011142599,-0.05150974773410163
1.5196205131908502,-1.0103961031734647
1.3370863183655428,-0.7133904789797307
1.2516656234400823,1.6079357679540074
1.040996502870128,-1.4006687162859204
1.3683666220153252,1.0915225683548342
1.2596036802373713,-1.6818171497359435
-0.7609259992354587,-2.3566902861049903
1.2144567850814125,-1.6988382120344367
0.011273029987514083,-1.6940036703452688
1.1311484488835868,1.9601218065650223
0.43649734885849356,1.8239592153802655
1.6589727489160888,-1.667393040583256
-5.950300608349712,0.5289634559520268
2.2839789396081254,-0.3364730396848414
-5.122043267048428,-0.6582647263853111
0.3750615502096622,0.802156580981113
1.3532213303587433,-0.5395145862557428
-4.661079136702469,-0.3148004173301419
1.282404399646994,-1.56247255296581
1.7837023463405848,-1.057270830890136
1.3143268957864225,-1.071130931692872
-0.675805482201821,-2.438450449729059
0.19820295398293902,1.997036272872683
0.8782252586300361,-1.4357934356644104
-4.8727926579544585,-0.03990180861773257
1.4326951317310828,-0.9436133575485269
1.1432214868462107,-1.238194504995744
-0.20003758455259754,1.2544229602410737
0.9505077064216637,1.7649775709114002
-4.469238939979848,-0.38380670269104583
1.597694450782621,-0.30852252939253
-0.8347455150846098,-2.2178921816843133
0.8016052473362653,2.5758858041584065
-4.26263915707437,0.598310658643985
1.1548235284167985,1.7337312391602353
1.7485690396445073,-0.7337454460973344
0.8639144832954075,1.1332335503313373
0.5396670979003357,0.12406245533238157
-0.9695119953026025,-2.062493899595933
1.741753934192584,-0.6531501048595424
1.113953565222407,1.2647238192885641
0.6032086649870009,-1.639023128456932
0.6238863956006403,1.9004621293671784
-0.8060344286464658,-3.3528673437806082
0.4766290411151195,-2.269018060600995
-0.45429606499081243,-2.7390964609678647
0.4790068426717919,1.7042199696375209
1.5335087655985251,-0.02168370109511978
1.8757281256215688,-0.5219201031620282
0.36137734034745256,-1.9166146617905984
1.23974265131064,-1.101430458234055
0.8887192981851453,1.9166152606720668
-0.8669372470913582,-3.0486859746281167
0.5270080747594953,0.41995179556772205
0.12660742774539643,-2.1941046785563585
0.944870340141252,1.8680945383589453
1.0970889022235017,0.8528736255417624
0.7189581118856477,-1.9485749918386013
1.9526433713702345,0.19808176017405282
1.2587133024706898,1.385067592560082
1.4848209721469647,0.7825331201933373
-4.631727097353209,-0.14864466211585478
0.23330125201634222,1.628810733845222
1.115016301786692,1.2769123440125316
-0.2544623859427825,-2.302517449140726
1.023002278725155,-1.194450523728736
1.4255318297543587,-0.1822018846073256
0.7652660602314428,2.1778636166219396
1.3746853515050255,-1.477783693785253
-0.884430945432687,-2.689013231648976
1.0083323443491383,-0.6346986188989487
0.5410874005844482,2.1281338986531066
0.20441236818203723,-1.875256678961181
-4.706980250844682,-0.295714461208679
-0.9234299886581894,-2.357847535555363
0.7374438489386569,-1.114672673482933
1.5908549625621522,-0.04424048869405115
1.4703377146238452,-1.228601059806848
1.425138224773313,-0.7889176913610678
0.5295617041280237,3.035341629527088
0.6846888899257674,-1.7150237623640048
1.2207760877473375,1.7689214416590415
0.5597622755154047,-1.8808843332913208
1.616190373006264,-0.056131559651354544
1.190147332692284,-1.6489415543276194
0.5848983968235815,2.1683948337795655
1.594388834185903,0.41975575995726316
1.0379520555366784,-1.0402586375553184
-5.485637111766542,-0.5977693543358304
1.611212312420743,-0.6967688632515189
-0.1377168459715945,-2.4728043491523533
-4.5554661679486435,-0.19537723256007555
1.820821294024272,-1.4115620539810778
0.4503947146114766,2.2065228822047156
1.7856068589261591,0.5787335655481476
1.4406151272336076,0.9678195478079739
1.940659934565032,-1.172238069895714
1.651187906757253,-0.8083059644084278
0.18277660728788628,-1.5599940097899192
0.16138077743511947,2.4438026902805614
0.558316174816848,2.2091960178711867
1.552834899445195,-1.181119323930695
-0.22528685052761604,2.1219541224060694
0.5756817378172845,1.134895704100225
0.5127827352086813,-1.6640776055569246
1.4060854307884179,-1.0412389626859604
1.544513661919129,1.0064361265236959
1.3587049544591976,-1.249592177812769
1.5127180317389293,1.6469304962541718
0.9772974136100531,1.132260184232012
1.5986842460185111,-0.16050106159207778
0.15905909281045397,2.023182388785067
0.2414889050639329,1.9717506410964785
-0.2853225000266923,-2.4684286981011123
1.6999495317383437,0.18282478871978414
1.311959124598113,-1.5030815006117415
-0.7127353662855503,-2.67530879227883
1.3588596545658518,1.2074734773043898
1.2953026226529787,0.7562599494099981
-4.631567595954151,-0.320097197789925
-0.17696352407027613,1.494825537388728
0.3496244981220866,-1.7371122049300676
0.7070425245237634,-1.2746461055403548
1.6495619995687172,-0.3558280215489345
0.49453749089428506,2.085353105403973
1.0146641478235188,-1.2510953449572864
1.1585735370179138,-1.4620853646533378
1.5217914811716253,-0.5842417503879231
1.3734035333287062,0.9739546502573224
-4.6541478177195605,-0.20724088412927624
-4.469981954889344,-0.14763597857586253
0.6208696378462811,1.9715274724487615
1.2157204826222492,0.30387124328299925
1.434894421354135,0.14346045896247017
1.3473673906096766,-1.0099552484294054
1.515724831238806,-0.45292848256380336
1.6861084375313897,0.8622995254140735
-5.907298934170924,-0.44115168300834906
-0.40795200825123684,-2.2146697907649533
1.7385576128662268,-0.454359683847558
1.9407197063417942,-0.4676551353077441
0.827652247635646,-1.5530099575338274
-4.419075322389981,0.3343834989438259
-4.207639193099486,-0.3935782675098778
-3.9123665047519935,0.14551591694113553
1.0467362347364013,-2.3591529632194357
0.19208320902636483,-1.7849558571665305
-5.319292663164048,-0.2803595817348462
0.8095720264007046,1.9589193421017816
1.073090597952906,1.742461883024976
1.797371360449291,-0.05594009250765918
0.39961934793468423,2.0674592206929563
0.2012284607990158,0.7280978251200508
0.5510473631572514,3.240471266573353
-5.317171945584399,-0.9100836600192105
0.5397126810663273,2.5817171804696537
-5.043024806996445,-0.09241360835148212
1.60434311791465,-0.379153131665049
1.1257641895268458,-1.2893210887792426
1.1633841491750767,-0.3507447922117283
1.4886173197783108,0.039900151549260535
1.5767131596621817,-0.8877703606608289
0.5852906617154001,1.5740251224323565
-0.36577368644013936,-2.517772448491304
1.7777147850806676,-0.379266903666917
1.3521469357124154,0.5566816449535393
0.787854144286726,0.6915356203676213
-0.28918653138163075,-2.4393619971645273
1.4191305461648132,-0.7319140770901624
-0.054754880673254624,-1.5160853752010222
0.4684423869732986,3.2044597973038003
-4.998165648820791,0.578340688334134
-4.200799962358903,0.11592629912855476
1.380472714979868,-0.7480751898319625
1.4874644582332546,-1.0309749153785286
1.2462160181859352,1.235187538062242
-0.07071261734949304,-2.4251180968884927
1.3269012168715388,-1.5200965734881275
0.32316766592575313,2.52866592416182
-5.672432966746011,-0.06016651654509977
0.565965909473777,1.9912131865223481
0.6432230349302672,1.0554129769633018
1.276022213546612,1.8404452031146006
-4.159596920153856,0.3684275831642391
2.0818048456183433,-0.8540887509221556
1.0449067748529295,1.1085325643188662
1.0194643660987166,2.8540596524101973
2.036728559089055,0.466180524374176
0.7903572106650615,0.3186312010058881
0.164040473024986,-1.909737506778941
0.6000751557632633,1.380305402615627
2.06904643620127,-0.8411046273090562
0.6844247114340672,-1.5945122429163177
0.9504133093192036,-0.9015918753014573
1.9285092440090978,0.7869795656516944
1.9838537758592303,-0.4790188878507507
0.17816531237205846,3.1579392644877466
1.7082426325539717,-0.27527510461527505
1.320058480832151,-0.8499035825531925
1.6840834750631721,-0.5490769179825122
0.4456687649944818,-2.2187275996542115
0.07240725236736985,-1.7871559199744402
0.42443714928583676,2.034441571015924
1.882967686617714,-0.34048698669682087
-4.467144022565515,0.4470209902593606
0.6855703349990482,-1.9940659088064456
0.8301183509916741,1.3443656962358657
-0.4513303701626952,2.142546587838461
1.4243703579223241,-1.0765118548444035
-0.30433054534470577,-1.8114494996463348
0.5029451005916118,-1.7500220235376918
1.7801669995535132,-1.771847524405451
0.09031947719707488,1.7375639718323792
-0.17525607208823696,-2.1251471021561246
1.245613966786787,-1.3383365427000289
0.25424248785305725,-2.2862346483905913
0.706349852772063,2.7077074135714354
-4.72288631376983,-0.1688199886981573
0.36325876306907773,-1.1981227031042514
0.9108356015347161,-0.7330576387269194
1.7081054192065865,-0.3767661534412335
1.270101724683112,0.5837534313593298
0.6331822269443553,2.2390900162642544
1.8097790776785776,-0.5552838082976488
1.7648597915486395,-1.4702095292579525
-4.553707187896886,-0.11976826014345093
0.2145387018796968,-1.78742739453238
-5.685519921944688,-0.04988608765845864
-0.2709537422223982,-2.1890616233566424
1.4492458171992517,0.8402576759198754
-5.118770983032439,-0.3162610572372249
1.7759952233639804,-0.14769751070255602
0.08676204533455242,-2.454328572401501
-1.5474042487422692,-2.7444591362276856
1.3730970576898267,-1.8335518080623507
1.287945725531966,-0.9334713860688975
0.2020536477165842,-2.061349922552206
-0.22393363346145911,0.6958331567132878
0.11668810865789282,2.34446844252129
1.6852615420846646,-1.3686525836315164
1.7190866202426882,-0.9603406314932034
1.5499814167954433,-0.10908540595122643
1.4621536287453416,0.7092101267194759
0.5962324680835024,-1.0727555245655682
0.7734716129822311,0.47836879983533515
1.0734443439947672,-0.638276864327458
-0.7269485496581194,0.8441737816008033
0.9135047462091073,-1.27589696550985
-0.25635145522800146,-2.423195139027843
0.3768888455957467,2.40397487239973
1.6392509841167255,-0.14795332914644
-0.32808796302471605,-1.7965074885465082
1.2657270254496353,-0.8913378080544079
0.928841091196897,-1.742724207178853
1.9848972043068953,0.36560017539283396
1.3131771338336178,0.7399628357805506
1.413826212780447,1.7034487834028353
0.97302645808137,1.1878307090856786
0.867350794807736,1.8077773822245653
1.0961607873217039,-0.9561726679342326
0.04750911108213601,0.8919924983030213
0.6075146503117262,0.7802612027404822
1.4948474253676305,0.1396077787311951
0.35325258600961795,0.9261297116409191
0.8378328637459771,-1.877260618892724
0.06750064423303054,-1.984040058454729
0.6706056348243133,2.3285675047535257
1.5546899362677786,-0.9517781879336882
0.42718736301437626,1.9351257773091826
1.825032282184471,-0.8061898732881168
0.439266081207638,1.6472011011268046
1.1670422197253465,-1.433681687370312
0.8719545492739958,1.46232145934658
1.1727976204301125,1.5611960643554785
1.45369664575606,-0.006372379235479835
1.4320581157797976,-0.9437291882659564
0.9355454078811862,-2.1913258132512157
2.184585126467064,-0.8841269061355402
-4.791772255841701,-0.42586588482904253
0.9270281495233036,2.4521580239956773
1.670888752973008,-0.9593263786678038
0.1947158136362287,-2.2315631851452795
0.8574828864186588,1.9747847042123565
-0.1699359892007972,-2.5985295379316935
0.15452271660230396,1.589236600186946
-0.42065425806498313,-2.393087908383692
1.2892247122653895,0.9219785868037232
1.142286759516039,-1.1028770548592708
1.254807870677708,-1.0688119202191422
1.2421804923200435,-1.5814467135603
2.3553709886748124,-0.663883938225371
1.1598193553801701,-1.3134208654232524
1.5691199418593529,0.5376672400931376
1.3681517969487376,-1.6817752326112996
-0.6907720389815768,-2.277272433243626
1.932313585215319,-0.29163852629014386
1.144193469192651,-0.2115514001366833
-5.142182351306139,0.1236774280493359
0.21247399962554453,2.7971753144079856
1.3967009485559814,-0.45956571606680263
0.7740191528147229,-1.0047550531606158
0.7649949983744397,-1.5441986049164997
-0.17716872789519247,-3.06204439275905
0.8965521679447108,2.412123207060941
0.7193821849749992,1.5140980519247553
0.863156246531388,-1.5256774432193212
-4.944850658675027,-0.3377921758735688
0.29662415331292896,-1.7288582713621103
0.9477720017336152,-1.5993869571637234
-0.4730817488418365,-2.3052312423358554
1.312996282852121,0.465948068488426
-4.134630459791367,-0.2511331600922618
0.39950445866366546,1.5615992809698265
0.4046416366084404,2.5667268177818072
0.812545266714348,1.7132126577734033
1.7429649864170946,-0.16660570448711887
1.8176810222298179,-0.48829408249492484
0.8138971781295444,1.3924028382052782
1.4060364891499233,-1.5994450737955939
1.4210331339792797,0.9862187686541397
0.40020608459591234,2.290173853677311
1.5603870396646544,-0.7110199642822246
1.1823105256533815,-1.3155591988236
1.5749211907431828,-0.42198489296973696
1.4357035389990618,0.026004301455875005
1.5175662532343688,0.020001411202374093
1.2594628575180067,-1.5780721536537226
-5.624581536673732,-0.037547780746274996
-0.45086416819016545,2.346337301405397
0.010752478212293855,2.386385754953319
0.3959778665490538,1.0970371594725539
0.8339638421951457,1.9812477469944456
2.054702263435712,-0.4688845000041455
0.4532389953329587,-1.9177335890893186
-4.517051377196749,-0.6327848714040327
1.4589488490108669,0.780615547719656
-4.777528411179605,-0.2694338120467887
1.9322380767996667,0.2340341068195798
1.9440969236768173,-0.04225945807577097
1.6686179012894293,-1.156755191815487
0.34687991296908244,2.2772253521937187
1.255253246208609,-1.136537123368004
0.7783971280425591,2.215326589753624
0.36732945132566514,1.7498463841534189
1.4054069431487386,1.287834169643581
1.5272667010533483,0.6787025570024106
1.4631697132650507,-0.4515090574352929
-0.041623602845472556,1.1296925240170947
0.9342286131276245,1.702001278357535
1.3525186815875399,-1.4081872664547008
0.4792786101271399,1.824368043273902
0.035120010054167976,1.4651100386513354
2.0206630107410724,0.19115893090498684
-5.759121873016478,-0.14577272310340855
0.931200097278797,-0.6861243684247146
0.3745045456457351,2.94304361112573
0.8962482809761853,1.287339256215923
0.04375989224284155,-2.43705347118028
-0.22760993813337352,1.8420930800654787
0.5640376735373231,2.4935072024887286
1.4995039252679876,0.879873491977076
1.2205048624222725,-1.394666488114104
1.4983309891214276,-0.5953158285964608
0.4673098959077861,0.2048401184918229
0.5585440412252202,1.4014190683835313
0.3388730360751753,-2.0233340828121626
-4.82711622132693,0.04527382476715722
0.6954941346708045,-1.2265246899002953
0.7401481387696613,-1.5127297217275693
1.0738004401542005,-1.8957782909638852
1.2743110057517277,-1.2616482613649929
0.7203331261816456,-0.6335743179634775
1.5942534448158276,0.48718436912035734
1.7364733613114975,-0.9585451077960778
0.8024816232096565,1.6912295312049994
0.6060762846846938,-1.8656539974135982
1.250688067487152,-0.964949031642391
1.8330270581951498,0.5764085284866941
1.3831491707118446,1.2319014331229232
-0.41055500644542203,0.8425750671505341
0.9186257879267011,0.34348710156627943
1.343510464683142,-0.9749732539519949
0.6307969189826083,-1.5318668819419683
0.26691435184206536,1.6645046289074472
0.6058136350046812,0.9714021429844886
0.08783441421641187,-2.8341977833670158
0.5800876319352741,1.2081076920661227
0.5093190692237691,2.3340661094341177
0.4406984595611424,1.0509466023961351
0.5666859626135781,1.3522276566774893
0.4887486725789228,2.056949975113415
1.1903909830239607,-1.5000617330417187
1.4387491326332214,-0.7746621854941153
1.7353745345734743,-1.4437002713091143
1.90793189926302,-0.5732599747085968
1.7115988509725795,-0.6382872140035931
-0.17689062553271817,-2.147738337902381
1.764417705729725,0.47767721573953564
0.7798621775918224,1.1040272053475697
1.5945289988069693,0.14003686414167962
1.061804168855543,-1.3963314752539455
2.0496778217267466,-0.3123139834272936
1.270037841903572,-1.1252436732738724
0.40009476121990456,-2.0995541694275848
1.6627821998025167,0.5470707003350113
0.11768318542876226,1.6137267135995539
-0.4073267817808209,0.8811374360354668
0.15323213064232127,1.7745717777935068
0.27451266451232226,2.1099252862805793
0.4140432429358583,2.401580278049445
-4.360324350479112,-0.04276708664600298
1.0066150771063023,2.8575478534370884
0.014776283111255431,0.6438494886664914
1.7928572543536423,-0.25685329628012493
-0.18429325023206078,-2.2108875038447753
1.4860719325080558,-0.6748124986302123
0.8419992575203608,2.3763721508453877
2.0260425880203172,-0.4449757092048854
0.34900008048288195,2.271403886907498
0.9713496879891077,-1.1912150723673292
1.163730290878942,1.5718089018717543
1.5200158015281553,-1.092361564413072
1.2948576168342287,1.338729150242154
1.1225961949712295,-0.21652033734296802
1.1914102334391183,0.8384672129646819
2.10608547945211,-0.07125874184141733
-0.030787803990218715,-1.670620487864668
1.1872436965758257,1.4387778592378173
-4.5114372874670705,-0.49044295847594666
1.588788886043646,-0.2863838344486141
1.382090499398878,-1.116763811441607
-0.13727796572613887,-2.190035489283926
1.2368350703492985,-0.9428751642902766
1.594912605287156,-1.0655314491102403
1.3983936211150787,1.3755786922879938
1.3839848406281416,-0.7560647177208452
2.021479086466234,-0.5214927339411046
1.065832537484636,-1.2447379082285024
0.5636636285863812,0.25137479633485743
1.064240153825165,1.4602568075089575
1.0635158770226365,-1.6665198272751627
1.0819812526708,0.7456104218738285
0.9617120527868145,-0.08930268862368364
0.5408597879285294,-1.763293743727234
0.15381952989395875,1.528122837098931
1.5593439394120099,-0.3831729362633215
1.4655177315093937,0.9726869096608215
0.8179157776008023,1.708345701493565
1.8674575539181686,0.21899594073422882
1.0003419076952356,0.8009021247573438
0.13282381447622926,-1.896460526648213
1.5887062014744144,-0.4346303846346974
-0.021418067575479465,1.6964194231704042
0.42561220289409024,-2.0160360008875666
0.4002060185475208,1.531918389506365
0.4015428219103168,2.187285398162122
1.6290303222397158,-0.7194311818113072
0.9367713251238675,2.85036705919405
-0.04249262438556389,-0.1646811890123784
2.01526743440588,0.31974470874882577
0.5624196685877616,-2.1155413092229165
1.7079533116639787,-0.9006501177378131
-0.511235056017127,0.24260918442261875
0.041417684628487134,-1.47182767141763
0.6896078595841746,1.316805803996897
-0.07628040537046774,2.4696472971493426
0.47367778340214484,0.6139812524478218
0.7281495129686364,2.07405667083126
0.5733116732668146,1.9762793048483207
-0.3507389703826953,-2.182042240841632
0.29303375301073836,2.5008323518514572
1.0170336818354617,-1.3533332928806994
0.725594398379545,2.2515626245677347
-6.303378667868996,-0.6309033361233204
0.4099675418382094,1.2093227177112458
1.2899668422545192,1.1030914929651459
0.3130557966393344,1.3641696011679412
-4.650044306103658,0.15459207514373882
1.5202929148344,-0.5243671220778026
1.53410006514012,-0.0332282942994745
1.0840801983286998,2.0211696367427208
1.0431343739267507,1.3528287062284716
1.6122048070731787,-1.8181836718790474
1.2627599284404358,-1.1325088386646038
1.2429085685470658,1.1742320975261524
0.16961905853533119,2.9284521749078647
1.9615600191985365,-0.8532632534689538
-0.7781867084588568,1.2635481410111138
-0.4441891180268012,-2.5344625589044156
-0.11429079977421082,1.8005133531301074
0.36704993521508267,-2.3027148064985674
0.8955338556223411,0.37577564695092175
1.46833886876126,-1.02280918113052
1.6138383524440623,-0.5098064261534547
1.8858525770550552,-0.7785398155446391
1.6954175258768838,-0.9952527591833205
0.9015766676412861,1.0675729452828944
-0.8483917062605439,-3.174071259464483
0.26230322507150644,-1.8400965980619541
1.8704302403193016,-0.5288702523394522
0.9881954518064281,-0.45007507999387697
0.7642254397779794,-1.6314721513228956
1.1513525956258812,-2.065989158179889
1.807073995154209,-0.19562056084551602
0.688358370100793,2.3691581665705232
1.656552708840549,-0.30560289990716394
-1.4001102466694135,-2.484552532766195
1.8704043063015308,0.4234991112920925
1.3672118904859483,-1.5025612830141293
1.9568683083025642,-0.024722814378888524
0.29923758394608135,1.875865161748597
1.4671848465461652,0.22169221991921864
1.3228295462542952,-0.24435339763841282
0.09856583550724786,1.8542097547294745
1.9007838326329025,-0.06343006858654243
0.5237311916448878,1.2008587884890813
1.5671015147023841,0.06958982602665267
1.1174259085096971,-0.9198409595280577
1.5928338667256792,0.08361155558777017
1.5598715479179537,-0.7583864464611414
1.8731377098113673,-0.9990178202216654
0.7651449047761343,1.4389139279519787
0.7691922169789599,-2.0909467224293423
0.8863389298266174,0.00254952800301103
0.98976993168891,-1.6424695527916437
1.9811233091499396,-0.48144580469977893
-4.399767402830745,0.3182765365968588
0.13388881839364672,-2.2909965123323692
0.4657678489955028,0.9074940830090247
1.5136281719855431,-0.34148474574615234
0.4743622578045251,-1.7700652504087622
1.0410322293817387,-1.3847846361940086
0.5559829880004079,-1.939818739546872
0.8679759308103955,2.818503368971562
1.5419175729753358,-0.292816183605571
0.8252036320611245,1.3395089044236808
-4.5115860140118675,-0.23426282192086395
0.45142113178502796,-1.7559277096153287
1.2092208630641759,2.2425829572310305
0.7911061714738915,1.6067292294003106
-4.642707054055838,0.03936534657190454
0.8108568069072277,2.0412243921311695
1.1339811398797714,0.9633368342314566
0.4308701266822924,3.2959953904066865
1.1411249494259228,2.126193505927796
0.7383949189820792,-1.6921659587509952
-0.00865884329270521,1.8542945440209861
1.0645337070237344,-1.2262897165921975
0.7979216493289252,1.111153963571025
0.4879202112867186,1.5802693446406695
0.8797092021977732,2.937720034519581
1.3335953774698157,1.075092876062141
-4.017820483406656,-0.49827087984538226
0.6867148461462563,2.0882665399176736
-4.355793930764653,0.36073151247345975
1.6795503551111863,-0.11076428374000262
0.8452561945784608,1.949847701104967
0.15763583980149426,-2.0327339824180077
0.8213625327825402,0.23620018261303272
0.05560937399197681,0.050216063135176146
1.2389639455953378,0.901105061065085
1.6171672520810039,-0.15410251087199775
-3.8073692409187574,0.180019026698817
2.158737002243492,-0.16383455973924893
1.0313372971710295,-0.7651733661974636
0.9574139045529863,-1.2522863414351284
-0.5676904992839792,1.9641721042212528
1.0032374067889864,0.9764549708260635
0.6693131228081546,1.554468029186182
0.6351137095694827,-1.2334460893103227
-4.910462649720743,-0.9488817288650923
0.11637369656834086,2.564602847025254
-0.3261338141565941,-2.165163344961115
-3.166387707665753,-0.27234143481816425
-0.3662505254383606,1.5093536421026656
1.2940073561492813,-1.2236045690635005
0.08940334531189033,-2.224126942341767
-5.746722477205187,-0.4896477667704924
0.4967856122069531,1.358381604007731
0.920132854782245,-1.3036349384865953
1.4464463256314817,0.8005897436815084
0.6004989290960558,2.514460079635919
-3.5030730103752226,0.045743919689248326
1.66105920559396,1.8228798444109071
-0.002722517073257987,-2.4026981541633545
0.9874379465375096,-2.29894074374209
1.3091386424109765,-1.271056454639303
-4.183959067759694,-0.2849416599795815
1.7871492577715349,-1.0534918817767676
0.33430003895114285,0.3981826785375277
-0.0998780411597783,-2.1026741230252517
0.7205996445827013,1.4398593156915558
-0.22224906522490445,-1.6193421281924318
-0.21328643882810544,-2.64902433338182
1.459715639293702,-0.16844383874061794
1.5393583934880044,-0.574629473614857
1.3319945693274644,-1.3788426115167276
0.9405956954275286,1.3052058301288578
-4.98539734615183,-0.3051776997898739
1.602813720605461,-1.1075277110299426
0.6272472324764273,2.5766845148612534
0.8444236267699314,-1.005829793727009
1.0510407937399635,1.3816933064609436
1.1519897469270246,1.8657366490546965
-4.318166934984412,0.026570687612187904
-0.01456016590240689,2.862037677199465
1.7131259875607638,-0.24982174321968534
-0.07035173018734212,-2.430824577874464
1.2069176252468259,-1.5188966808398774
0.5588273619439951,2.331039300646939
-0.4952870301820484,-2.476265696419899
0.44028965548532756,-1.8007772203493513
0.9437859957761955,-1.4109833539918342
-0.3992925363052659,-2.194754279766563
-0.5797717786002071,-2.39240558681619
-4.46357409372219,-0.5434846584799874
0.7513702102054131,2.44735850637801
0.7997405963850526,-1.6836140694454476
1.3449305478168185,-0.8839996702196727
2.1470454926453097,0.16125184786786476
0.7750171022426117,2.1982157357630516
1.6206198677953054,-0.13686079174660737
0.76262435607998,2.5278924045732256
-5.23977273230031,0.13667435746893317
1.6198167734997782,-0.6067406225296776
1.7788806065538398,-0.5097799966189516
1.4836118180517464,-1.0510747103832376
1.2947398178299352,-0.8173350796454869
0.047606457937037924,-1.7465524720721854
1.5168098965359926,-0.49186894012662435
1.8341025663524817,1.4271271022257035
1.19399699074861,0.2202013918349177
1.7233676717992417,-0.5530529165190424
0.4468332538933078,1.9363159490128115
0.17069746374481592,1.9153610187565644
-3.7255998163185855,-0.3253959935355541
-5.167305048350915,-0.5630800495825165
1.530913836120804,0.19080458798704314
1.2034559109270395,-0.9461020932843085
0.8856296805890645,-1.6489935144682508
1.6344384821232532,-1.3231037134686423
1.7068839593036598,-0.8894559646404787
-0.16078158457772893,-2.396041274897285
0.03322726620205035,-2.1959367890308545
-5.162709098138631,-0.033028702341906725
1.2646371569356418,-0.482665367571537
-5.8620003070506215,-0.08329166808200027
0.5282352469055602,2.026514663194719
0.8481109450013719,2.108893905289086
0.916064305255194,2.548353544745524
-0.36656838590451263,-1.9129189616525153
-4.474414265401692,-0.26782759795817124
-4.739842009795465,-0.26354894082707225
1.2580431631641609,-0.40252433853269104
-4.854858100063438,-0.16846076503381371
-0.6534035836212114,-3.0328699903974217
1.7859968250782636,-0.04032535120644537
-4.687789616105497,-0.10097828908863604
0.5987501861476527,2.375872294087763
1.0738132914259495,1.5140104637440859
0.021586963755841734,-2.3997633964735003
1.4755794852354203,0.7608345191687195
0.36793232559514527,2.181969896466687
0.31594163404983455,1.3421696618751178
1.5761645816607084,-0.6120437684652157
1.2524871253610304,0.07615258418028067
1.791791357512279,0.48925104397244545
0.31049186517767613,2.6265927078087477
-0.42546839194733566,-2.5084644865971253
1.16315840744735,-1.559317862893602
1.4530548800326544,-1.755026980664874
1.996759614889749,-0.24887745287915028
0.08061406137971422,-2.403000838217026
-0.06934164795785336,-2.0308306715107736
0.31588105563252344,3.0889497877866186
1.0622096432040173,0.38901419041876656
-0.25359820127175486,1.5538654642106395
1.594442960236732,-0.6413650088617522
1.0607665282522962,1.224340358210032
-5.630876139013389,-0.077639225370637
0.9104716638794571,-1.4275346241720155
0.7778407441230046,1.8461401117469531
1.0950766134376597,1.3451491389776509
-4.787860691771367,-0.5779477341606996
0.46185706417619343,0.40026258137433984
1.373227942099168,-0.9905225039712082
-4.203367142704974,-0.19869095108201354
0.26498403503629664,-2.3146975867255333
-0.02189183500330856,-2.3477531852690574
0.4892450924885517,-1.6874832516521208
0.9301688889395022,1.8776021353418557
1.012911666785628,0.8373181372639883
0.6325001254404397,1.6938300990739155
0.04025748150271799,2.983194514095534
-5.142151025718898,-0.43325210112455426
1.8608687542662148,-0.42200515110254344
2.3699982953665506,-0.9212106654258005
0.671303460315981,2.3302921981000497
1.7880466904465526,-0.09390122664011873
1.1761267658813803,-0.06967653810702183
1.896428825473943,-0.7984424126608174
1.4654458184990617,-1.53307369064464
1.7975594705138342,-0.8949359771782339
-4.838432959239098,0.21086947501808606
-0.17608228545180155,-2.3125877629947436
1.2714718878181184,1.8383239352754548
-4.617527165873062,0.09338900491888658
1.693473240519427,-0.48639197537059803
-3.9385250913800247,0.9695213487199598
2.042013176041452,-0.3006191052342638
-4.903210565035997,-0.3340111745303858
-3.651598804134627,-0.7265923894403453
0.6288988765986722,1.7265840390676883
1.379014603465494,-1.1685591155860802
0.2643556808783865,-1.2992661486122508
-0.296310409462698,-1.9418667429442336
1.657781743980925,-1.01920213863787
0.7588220094646938,2.7549781730127254
-0.8382239638296437,-2.3960429567509705
1.8866093022781334,-0.7407057293903971
1.554407657977234,-0.5897940580873544
0.7558736087153844,-1.8844613022003927
1.699929758618195,-0.5385167695686387
-0.02029897289967795,-2.3582929491938494
0.9035170533597157,-2.2856132309853576
0.0511671978775132,-2.1289686790139624
0.4023447967385556,0.5885792534558685
1.5913903456224328,-0.13527401961688465
1.2621012896369752,1.215214682436757
1.4897410952285097,-0.8540511022958198
1.2049178102801106,-1.5747030233628376
1.3625758602054476,0.7301169733368509
1.525151598514512,0.9322816369799782
0.5462065812235164,2.6542034807120305
1.3955591743545763,-0.7948048958943309
0.32993867874487226,1.5754388079968762
0.5129860520351058,-1.73329492008987
-5.074295689980518,-0.07310971881161127
-0.553833802319284,1.0222653924959957
1.85465547312783,-0.8690060848210386
1.475740865799218,-1.0831035995775196
1.5858782133611502,-0.7657481259590119
0.7227328755171937,1.2531778586713493
-1.5141363152992433,-2.9538693172257475
1.3727378704894013,-1.0247715653731553
-4.473092840437897,-0.5476552603198256
1.5325925980114952,-0.8704653881224071
0.15263466747843543,-2.0104492370262603
0.8037320466351711,1.873574925624212
1.6349276636381316,-0.5534611026919378
2.338162092829843,-0.875039185221837
-0.040109169817210376,3.32709359673455
0.5858197635708974,-1.6531402163630797
-0.427048054532118,-2.4813784492929063
0.5184743673233249,2.5917209563501693
1.1800679492040753,0.6407143068347296
-0.040301486400595866,-1.892514473303604
-4.29008345225436,-0.6364348409443927
0.4312258624739523,-1.8762044012741375
2.3791374850244082,-0.37126459174648097
-4.488340514459778,-0.1285038315086779
-0.5958340330419769,-2.3230920691718326
1.2003411727741655,0.8218413803720493
1.6202703436363013,0.4209344392124021
1.3766386010549594,-1.015936499349033
0.14456866247025812,0.8649887087463712
1.8574991934466527,-0.21891901984126094
1.5979849493879812,-0.7590233013123701
1.7179575659790765,-0.11297508189825577
0.5567346416521218,1.2829034834148774
0.0759042075773016,2.1697772057937432
-5.140983312838622,-0.1471467881220365
1.2322962585194146,0.2547461690728408
-4.8363545309537495,-0.4789279516365096
1.6619975668182574,0.5439828068389899
-4.120350627449686,-0.20447904246748186
1.241386999596185,0.39036470045648947
1.2291538112142848,-1.3487167478315605
1.109356575283098,0.53531103825065
1.1815332970791916,1.574161907762296
0.6170935421043391,0.9485268114392167
1.3908743453557135,-0.9718052405748611
-2.132532044207537,-2.144634989564833
0.9562339639897962,1.4311825240546288
1.936647834878393,0.04820402133912088
0.47998066263166944,2.503918863396477
0.32051549157868936,1.7405086111515395
0.7235595308201033,3.178972717745156
0.5876074172494449,1.6803047175632628
0.9764516965276709,-1.5361003973085248
-5.49619984644498,0.5296375207500367
1.1922781274997163,-1.1854455365618997
1.109017525407726,-0.7751362960691897
1.3673499219276586,1.025488337327664
1.5942311799308642,-0.493112470476023
0.7381742989368298,-1.6694129106500948
1.2675353338523463,0.32080125625452693
1.7077845451746905,-0.9570054814763339
0.8082787693193354,1.398980545189098
-4.736343177960718,-0.5747856810774609
1.1189112822033922,1.483921755405307
-0.6172209472680117,-2.6046592079496116
2.062890461019398,-0.37837585689214437
0.07920467781590934,-1.9641677415942422
-5.554328896803516,-0.5427375745594913
1.5810419037615868,-1.3129193535097259
-0.8280862558042185,-2.9469990533752606
-0.4210945666866917,-1.994131965918391
0.6305963041382895,2.4529494196627786
0.8329001939277885,-1.4925548563935191
0.7946942948783092,-1.9018183229910781
0.9595135881944675,1.1341251105851988
-3.666297359974966,-0.27436858356942906
0.9396929376189074,-1.6222455963281315
0.264628977991971,1.6074441304332745
-4.803802454025118,-0.18768534121371172
0.7754282387176591,1.7621193856469042
1.3644738049407306,-0.8280374703998639
1.3980902570024691,-0.6166216353953367
1.332258672989861,0.900208908028283
1.632742741122134,0.2507690651825724
0.7565063674255649,-2.097977180669111
-0.8611251129946372,-2.888699578787553
-4.323793120847353,-0.7530952173373654
0.587094500294321,-1.4961988129396693
0.5695795268684851,1.3377329725325342
0.9201328093970278,-1.4126757556395628
0.7495308153117004,-1.737692274495833
0.8967684211453407,1.1802812740350517
0.16523708407395127,0.811944815824451
1.0466631431523346,0.6442934813285252
1.318276038178005,-0.5370183906519371
1.0660992412703707,1.2577157556342797
1.0842670027851453,-1.380688959696886
-0.7167780596265183,1.3348006015824516
-4.238095127915594,-0.11314326855175778
0.5641248289580756,1.1228201175641328
1.4761294434193792,-1.6889961970393421
1.5580070524224074,-1.0373770457509932
-0.5458554052685288,-3.0426064852702996
0.5014094627540437,2.02452475049956
0.8653547278087353,1.217716111954231
0.47841610650592054,-1.844653002692997
1.9956205522191022,-0.6029489675981397
1.7289938916587415,0.5278817558999059
0.2628039403047513,-2.1719708493441305
2.3763891698727035,-0.6134238981958421
0.7174529639507504,-2.1686555669816747
1.2635541957515983,-0.9532277258960915
-0.5714464942754803,-2.286961085401254
0.479411574270412,2.6197582591952395
0.8435657734619846,1.331057739914162
0.7052225895514979,-1.764071667702447
0.04226383695847561,1.8456269086641972
0.3100469920356142,-1.6589000543730597
0.21119266430671188,2.9768666045983165
-4.252534759133393,-0.0823665088759111
1.466363678926486,1.1880793440074495
1.680475076231176,-0.11572170786890874
1.0662996859207878,-1.0319525223554347
1.091420188393951,1.0600157679143503
-0.5617531600695692,-2.483980589740719
1.4332664415468912,-1.0346221272398874
0.4588772272957224,1.3217699739940423
-5.767060015151933,-0.2661647870915504
-4.297567041852608,-0.38487500297390964
0.19850219505357283,1.5638945055183948
0.4869598760521597,2.395919749451035
0.8611566521938446,2.2029402444099544
1.936158931178422,0.3277911063512744
-0.5345751493764318,-2.6266184306244598
-0.2772049893150903,-2.412993627574461
0.34260391472375806,-1.4926711515187203
-0.49956937495185705,-2.6405216695661373
1.3685096112081392,-0.7868170180640741
1.579113544919795,-0.5569025380907471
0.6243361290998567,-0.6128659049447605
2.0941036987285035,-1.259827722645784
0.5976584879908969,-1.7242307768779275
-0.04358563325876151,-2.506386196462474
1.0662066159974672,2.608728432554815
0.41550561707184375,1.7944037284654637
1.1944776793612752,1.201058287929492
0.405355572592622,-1.8138569446448374
1.6289698893280529,-0.6630269162609064
1.8676054420923967,0.24673594542446042
-0.02829099134919661,1.2578062249666524
0.45759991599653876,-1.9905700252267804
1.5847311833917184,-0.5153171105080306
-4.021177094342998,-0.27494714073286547
1.8045442957767706,0.3739959444250642
0.4101976816001868,-1.7304212628267792
0.9669672834341841,0.9461948102987077
-4.539735051576116,-0.16110595609739725
0.635735995847772,2.593706258771605
0.9862443174105148,-1.4623958911321162
1.8555426094838297,-0.5490514028104247
0.7438491203881507,-2.205542633505909
0.005201777982679444,2.7110249898329895
1.9542581032047395,-0.6475327960389753
1.68288988118171,-0.59918600633431
0.6503241281001518,1.6023349187246538
0.6209944587124587,1.5975589081144366
2.4604949416972692,-0.17526956124380197
1.093358721647436,-1.5326520761306062
-4.776743697832425,-0.3405928027098491
0.521601610432899,0.7837081447101301
1.0392283888318021,0.9739512604561488
0.1811769729503774,2.4757524841825886
-5.03019198562057,-0.33671424091442587
0.08378616032487173,2.5123680257530547
0.7792711544962823,1.8549311598687013
0.8066773399379086,-1.3788255724604148
0.16990514187425304,1.1620092254851133
-4.352542069296448,-0.31227983301606443
0.6614351999549196,-1.342538654571529
1.0393451601874322,0.4849890583697152
0.9410026173777175,-1.0177525921676474
0.6156817444385103,2.554847057102486
-0.2749900554427678,-2.400090326643906
0.9639712664351097,-1.299113978668138
1.1755416711193527,-0.5612372504710663
1.6208201832427016,0.09267131288490373
1.2253511969808752,0.6496412022523561
1.0265581339127934,2.8871964345331187
-0.34412074017607924,0.8692446371770289
1.2617909261705487,-0.2600552769467514
1.1561550718133906,1.3553258384940141
0.4319840800024142,1.9271133811394825
0.17150570266217316,2.0557494915776373
0.9060740499158954,1.6202711777195553
1.732034592644358,-0.11595636640374112
1.1444268272159779,-0.7479709221760523
0.506568538960089,2.1879562939922583
0.9605802421938732,1.5670834023999554
0.6750212853679091,1.4957165440732347
1.5948305462704098,-0.0479570689181291
0.13639393990840093,-2.1096515169714327
0.7008785217908952,1.5601131253457448
1.3875126040134966,-1.1312203624799384
0.4914559615266817,-0.96955689116119
-0.031248556159521757,-0.01898783743256004
0.6944443548466741,1.6444509501339726
1.098467346198328,-1.0570199350834324
0.3091983323262329,-1.6310615170198925
-0.5467555462241827,-2.141731984433777
1.343963715708358,-0.4641905475054028
1.4778897851074726,-1.3841430324913662
-0.3262242611132922,1.255595594221819
0.43156686184745185,1.1031076529730575
0.0241745361837134,-1.8493098869739124
0.5531572758453164,-1.2147356346317448
1.6327386224432552,0.521635982549918
-4.552411857527406,-1.0022198751708578
1.7347437777061931,-0.4106010171550872
1.292517422633366,-0.2788376830337161
-0.2923830927428529,-2.8069915533622365
-0.25000851619303,-0.15699996449171125
0.7616274593113721,1.3223016893588482
0.9309231622273233,0.33997515415119445
0.26895529487534986,-1.3638289638711938
-5.165908908682978,0.3989048307986155
0.41030788649051736,-2.0581688144319554
0.04611020238960872,0.5310000475615227
1.5064996442709941,0.053531418892112735
1.6521810692611982,0.06490964383960453
-5.117786106339852,-0.13261243137637804
1.5871526256018798,1.2297303412649006
1.532015486268899,-0.14712523990701118
-4.564304387739699,-0.2409440457625999
0.3183769626987097,2.435738222133163
1.4600447424349303,-1.5454168949576828
1.283396877328597,-0.6961258526039827
-5.339638106772939,0.5009494468099548
1.612430448574865,-0.9117650082486205
0.35599713860942006,-1.7987833572443028
0.04191382757917411,1.4221668766993854
0.6371138285774346,1.4233163267374065
1.1543166488780763,-1.118006990861523
0.8125219271088867,0.479860023079709
-5.115899046932748,-0.6428606977872398
1.5424638517770397,-1.1800209057970408
1.8199900123042148,-0.2947526879093597
0.6254935473199096,0.9022015815016984
1.6522800925644592,-0.3052300927887673
1.2174700069356572,-1.5831360647423867
1.1132965573564135,-1.2901435945115467
-0.4284384991031791,1.2564110625719793
0.4340520709867284,-1.509726333413866
0.0009200532062006665,2.3009582869717686
0.08082770374498406,-2.782647882600399
0.8189672943817444,-1.064600543817977
0.1365521154316753,1.5745268738490208
1.8689918052346712,-1.1156559458276751
1.418424304739503,-0.6935338827000331
-4.4722740225202084,-0.844751577086648
-5.382599761740456,-0.400386699302294
0.6216442734030078,1.231353876948377
0.3080324261925071,1.6054688114181594
1.6965952626646579,0.05350467159346393
0.41467483360771307,1.3876160562976305
-0.13641719861988652,0.6646533776268583
0.6764710550417159,-1.1027599110729067
0.18563786003381869,1.967259764787129
0.9522969935955103,-0.7537004245480229
0.6427167967975687,-1.5816212904570188
1.6633587663176097,-0.3348604090029897
0.36271921985530714,2.716754206526117
1.9141523182353053,0.2900168515780365
1.3590464879137336,-0.6921898076785727
0.9591725160862439,2.106480802520618
0.49718486408146845,1.9027222013831657
0.9101749773497254,-1.818961855508859
-0.0319412649828474,-2.0506607208328056
1.6481731172643732,-1.0404289310518848
-0.9145486390461343,-2.005184347515576
0.7359794587941669,2.1661602900949473
0.3330585374503917,1.516006053502438
-0.7005369134848992,-2.113758425177713
1.4930340381925127,-0.05830041416072937
0.6504091820652531,-0.6324432689101331
-4.666822779029064,0.6231843454409633
-4.9018162981866205,-0.7383992050822619
0.9925389124693342,1.489317944827713
1.4632556754804584,-0.8903072320455805
-0.17165410368560427,-1.776620115125235
-0.07671011708886136,1.4493479058996812
0.39758249828212866,2.4143139631922823
1.4463473506920352,0.5165425384244758
1.3480464640868504,1.929282660353199
1.3879679247316934,-0.3820680972003508
0.4115049405628164,2.222135528910194
0.26470560967721507,1.3554529034070757
1.297651696092779,-0.7264963782225308
-0.6865931175400873,1.140136961180484
-4.74376306718091,-0.12618392579628024
0.7952881833191213,-0.7669887460765292
-5.763732998753758,0.6578543686254392
1.5102868832891667,-2.288019350360028
0.2030368883800116,1.7235836819856896
0.6748544102329236,1.7080012830865834
-0.008459961591506951,2.0885014711439456
0.9642522991001508,0.0077298793953654455
0.014260927155168232,1.8868877351375524
1.0770544334233723,1.312586176331349
0.2536239998704802,-1.6237266582108592
1.5212742221970579,0.3723241690941874
-0.0646134587109751,2.2368514787060616
1.5988465510447816,-0.9912103183217865
-3.852907537587722,-0.1498790346881859
0.676816988859089,2.4580568653673
1.5438682823753482,-0.6754825997311843
0.9723403517006816,1.6359411804543025
-4.959733832827732,0.18410720871854763
0.21012435541914698,2.1361541784919322
0.5492475426316387,1.6840437050548422
1.0943150187061337,1.5366072499006804
0.8063463057037101,-0.8576122001364436
1.118353082445836,-1.3648906796947344
-0.4887100744086488,-2.4313980578619736
0.7607812902202757,-1.243884648578196
1.8183195721845047,0.5003584602269315
1.1091998610032854,-0.6642727505793843
0.8765265850491275,-1.0149915806505612
0.7980675758660695,-1.4855298471448004
-0.23965909368133606,1.8451335278609642
-4.895486571816461,-0.23663864736710777
0.21566995877511852,2.1196672102878504
0.523393341656292,1.9657039239516574
0.17051565975874922,1.6595309837753993
1.7913073544312863,0.4833659083752471
0.19988497837624494,2.108059898801474
1.2895507065578098,-0.530391237663436
0.11671717793660556,1.691214693620427
0.2978362354275109,2.2912170936469844
0.26723307485092196,1.9994899015747896
1.6169243049148876,-0.8218022427092998
-4.443574619587019,-0.38518975137232625
-1.2511459401529001,-2.9638253116061164
-4.990408704162862,-0.14232876583788012
-4.966585810290281,-0.022380911905996614
-0.6631949992775639,0.5863943618491902
-0.05971969172073442,1.138116647350835
-0.4690472303119785,-3.125195709189028
1.3306367673387476,-1.1002289937028398
1.8432114598135718,0.35799324590589643
-5.146404558640156,-0.24244705552829998
0.03823818750205175,2.3616036457001015
1.1101816369652264,1.4190552473474511
0.988738862492204,1.6008567825101774
0.3246986934670342,-2.12085895641944
0.29029624746188454,1.036889198936974
0.8814385325409803,1.561571576214278
1.670963456077097,-0.8001916297101102
1.4619591559375957,-0.7470901463093836
0.16419080266883423,2.1715606638674814
2.0813115704176277,-0.5925987335141427
1.2936921264619379,-1.2410565891733174
1.323378119721793,-0.3993138965889789
1.6213594607339814,-0.7079758706013988
-0.3219321992741442,-2.6220196575913115
-0.15363262108501072,-2.2060346370471517
-0.049652564207009385,0.8826348128632174
0.6657156002482848,-1.269638987605099
0.668182460035234,2.2073858252298875
1.8635241513143728,-0.3186519653377464
-4.813554805375704,0.018807460530409548
-0.5991226773995192,-2.6231391983491426
0.5532497100662677,1.2745676479948203
1.6166174654214396,-0.6494205755940973
0.707979091126765,1.4133872718811809
-4.369365831201815,0.1894932196322363
-0.20730540829000413,-2.3028411204132233
-3.9796090594659033,-0.6124081696290297
1.3005045443095082,1.6823765872488001
-4.6923552234320365,-0.5136044553063359
0.9468900323287889,0.5510305762488226
1.5756216879047928,-0.0841233304817511
0.9820304887428537,0.13605999861289697
1.209412458704296,1.5991837908022748
1.566036219571405,0.9234507609214749
1.0618530839849167,0.3482206282000619
1.500561510258698,0.15377577410021886
1.7291380060697443,-0.08947674694142223
-4.630330185704388,-0.0013758134798872816
0.5933826261356653,-1.2945238850500773
0.9414225727574955,-0.9834433676541277
1.3876286312776296,-0.5324981971353503
0.019004387652940866,2.8479636295300566
0.5434224565950844,1.5075158605018113
1.329649321506596,-0.6364265144558875
0.3787646514413624,2.4933525835634476
1.3618116831975924,1.366321454141105
1.6440543223696873,-0.9868531999727573
0.8822572799258129,-1.6055153880818405
0.25439727270211276,-1.7912997218202893
1.3313474842657904,0.2228939895157255
-0.0830971611923718,0.02779991877804134
0.4655408175836094,1.6420648827790112
1.3692373135070393,-0.32001654518073114
-5.082401548064451,-0.0222697476233553
1.636476550100914,-1.117247926340143
1.4275342164520402,-0.3943292038249083
0.6704117965097676,1.6886565385453185
-0.4746180164022264,-2.2810717591223004
1.0592491450656674,-0.5342317747328116
1.5879016792965455,-0.9808308255698284
0.3278411275998,-1.5836510838758553
0.843719146166906,0.9374290277102406
-0.272650899669495,1.207050375682668
0.42785628209643556,1.8123526468719482
1.2770524199462487,-0.3384061434792625
1.7849708614629363,-0.6654679745443618
0.7989160651302923,-1.223304762898885
0.6893591141001407,2.4651290536842962
0.33796213166616434,2.2383183905491384
-4.733464994476281,0.48401908059683735
0.835655824080239,1.5868459445210867
1.5674108303041754,-0.7911742987238368
1.0195325441141208,-1.386715179230304
1.2095266057253202,-1.1580330329719888
-4.8211194180053765,0.14867390803194122
0.8348687833738174,-0.10482933048755391
0.20516065004975295,2.495713118483334
0.048500870098174075,-1.413903285255367
1.611263321611561,0.45520291306617666
1.4781798289502268,-1.439311186967882
1.7953039938702469,-0.4015351193257139
1.0797782711761552,0.9637959251841532
1.5598577927350497,-0.47924008981753835
1.7836122507932886,-0.8397396564009695
-0.7002425256261456,0.09860740479892732
-5.120343509150514,-0.07803601651250679
1.6217152302507363,-0.17790325707146135
-0.12197770565389283,-2.7284481799015206
-3.3191210443360464,-0.28987350991586863
-0.9955052246769546,-1.9232154839071554
0.29654905088201305,1.690017265715399
1.022642059207058,0.23500529572831066
-5.142294031117364,-0.46459677248025033
1.2588886587633097,-0.7761085563951903
0.7019448985543109,2.8925268662342787
0.17879117894901825,1.7830622238267209
-0.566925942694716,2.4820684956099206
1.341327015467862,1.1907037568185013
0.5870691194040661,2.2450541083834836
0.8962045542567846,-0.9106213185975475
1.066249026456375,1.1155757637473291
0.3801925920374271,-0.23721910411201888
2.025390376540167,-0.7066102189156244
0.6410202293659653,1.1108288714371393
1.349972078017305,0.47052660847905015
-0.11431492546037825,-2.0823976515399796
-0.7128763314880099,-2.8190714078265313
-0.9171318763653714,-2.71137175226254
-4.457337505109987,0.019977934149208294
0.5306842343785068,2.021091983331764
0.6231568002194278,-1.4554059577481224
0.8481502680271159,-1.5902980085839118
0.11434827705254123,2.6373901000912787
0.48070732919612724,-1.782449487681308
2.0034060498520025,-0.531466331348008
-0.2540715103411504,-1.8286793947681805
0.6005108440768537,1.520938182854109
-0.05770309137182916,-1.9352842981343719
1.2276719416915984,-1.0148925187410947
-4.680447119759502,0.34491990207021656
0.9504596137181588,-0.7896500240211727
1.9199504162386791,-0.3066930377389163
1.0873857667071716,0.4596497283502193
-4.72836040388893,-0.40359111138279113
1.1984933627525283,-1.7256370240259342
1.2669301880495822,-0.5811055482289278
0.8776841162878957,1.4693228606101387
1.8912056982253815,-0.13566100489703514
1.0263889420081749,0.7936418269369415
-4.471438806232173,-0.1340692582198212
-0.324502099789813,1.4266510493833902
1.1861138927978336,-1.0297409178297585
-0.09561540523947962,-0.6156219007983491
-0.10139161086306919,2.047367799574868
0.15739827252317673,1.824008158445569
0.8906423217371883,1.973785620446968
0.5775008044574297,2.079478341330099
1.2391925166182753,1.189531185845221
1.406916384563571,-1.0358254750906188
-4.4889190663394825,0.14451552056142133
-1.1624385615059707,-3.0385304536375215
1.790622461734339,-0.2695047259207391
0.316507975883831,-1.9888881927114908
2.3626543273516094,-0.35486341305757
0.6876846989909793,2.1924280981361775
-0.3389168777492964,-2.074813090490522
0.4813487717274614,0.48309670892444956
0.835166417717146,-1.4149433672401728
0.35495045845738177,1.1727731625521503
1.3754611535843155,-1.3034263367880523
2.0359557227148395,-0.4937570474264008
1.3776654316339803,-0.6153556526730295
-0.9220538342230755,-2.6167626281567737
0.43656213118641407,-1.8632860082523253
0.9451277558639504,-0.9562926103955742
-0.4574504017778793,-2.3532703456528576
-4.591760371337725,-0.5438179113477324
0.7230434284713805,1.7911389219418707
-4.311866234866406,0.1716877135406932
2.0376387532388756,0.23343731452873523
0.22536027921033694,1.550092430018501
1.4423944550868644,-0.0715329990712189
1.383784524197408,-0.6100972757148307
1.7834971217284594,-1.2581309277753872
0.45164130806197034,-1.3884566378076522
0.23500996276616395,1.618967077659419
1.3013015058273942,0.8078705724025315
1.367881326200385,-0.9167981462986079
0.2580972301154164,0.6935424024365429
-0.20090995184198465,-2.1025973620729905
1.0353760251973811,-1.3305052438556022
-0.007416987072131105,1.950747183456665
0.8181391185811691,2.1989503150283434
0.2747730906298695,-2.2918991882713167
1.5992779542507445,-0.22943067703130993
-0.5030441434565188,-2.204908402666705
1.4547732015437171,-0.09776478201798418
0.6810113691972999,-1.3088423769335973
0.4163255402431604,-2.135399446644466
0.7821683177117295,-0.2838410596135071
0.4274578650391313,2.359243613299393
1.4923186304220568,-1.3640426893154294
1.8111200351642578,-0.8475282998138081
-0.26101583977222237,2.03271060349392
0.18508180271633812,2.6249298394544454
-4.7574408660525345,0.041564667883299614
1.6403184458682165,-1.1048929934301701
1.384594338081167,-0.20684150431576864
1.947758927399685,0.23852332672040072
-4.041994578541073,0.0008749085315567913
-4.100511784730338,-0.4827462312076873
0.9466845053856456,-1.6074150573450485
1.2358854175026335,-1.4831916364901256
-0.3367581955063109,0.43424134955856303
1.0426441079436186,0.7644753976372136
1.8664779683236392,-0.7139944343757756
1.4816204109692384,-0.435844280162274
1.4718293895696164,-0.363070691247695
0.5598551161962221,-1.4441695545471067
0.8010931820707856,-1.8384249707194604
0.15632173308200054,0.1810311738351738
0.9652936782918656,-1.5810172748678597
0.7725219609396494,1.0229078607094597
0.5076941372199146,1.151358914627448
1.8871135342356207,-0.7262766713584231
-4.573887276841133,-0.5078918684000779
1.2806744473184724,-0.8913238166672536
0.947134556043707,0.8590659549312921
0.9768835355214596,-1.4089499908627807
-0.16115997073535585,1.0739878511081975
0.896093487076339,-1.4104971581099337
-0.1255403408226307,3.3730373812583103
-0.016148133645898507,-1.0978087523241211
-0.626514751067174,2.624663671023202
0.5746418997429914,-1.7786162073071792
-5.091676300408424,-0.3078470889747548
0.8326024529643595,-1.8893654343782196
1.0019874645634572,-1.1671300273839882
1.5840846135854103,-0.6547270439481524
1.786450264744231,-0.2146214427906887
-0.45779390853635776,-2.0719480963478456
0.8893786133072544,-1.3414389490592042
0.9806156751547134,-1.206943963474844
-0.08023731095649944,-2.400604742477694
0.02820028497954574,3.081700556464138
1.9855196572275418,-0.23614937152904417
1.594446854785951,-0.07881941402550871
1.3430670199354415,0.6158595511326846
-0.23719982546391724,1.9104610544660519
0.8659382949928938,-1.982127403457302
0.7884066966282334,1.7577292896074996
0.4823693729087614,2.3922082403055414
1.0878913471593823,-1.1067516309266985
1.45767555713907,0.25612684878885394
1.2781940460388381,-1.2248032854780537
1.4341802560991594,-0.7354957135297298
0.6231770151350193,2.1033125721982677
1.4010005881184935,-0.2591365908389995
0.638050208768881,1.03482790206595
0.8623767531219294,-1.7129425839662258
0.8563166327543061,-2.0647995126417555
1.2654945261786863,-1.6654867114130114
-0.2571100928770521,-2.298661409609679
-0.4358989907242422,-2.5367731641832494
-4.485703915136099,-0.1854865524914676
-0.031653288954669796,-2.3260397884396697
0.8300993991060711,1.601519821127983
-1.1398680590524668,1.5632239932594
1.6509591201971434,-0.8947073831255801
0.8539229919087833,0.08576254953164779
1.5585023436649061,-0.7508864449700816
1.2331404363709801,0.7512459031271512
0.6601935789122806,1.6485610837174758
-4.407621356348239,-0.3933131038427723
1.3688469817915665,-0.6311486072245505
-0.030110403517262768,2.7123604198507465
1.1583434710159326,-1.3608047723549508
1.3197697164378035,-0.45184774254878257
0.5524546306503092,-1.3333373540794295
0.767703235562047,1.5597896222612042
1.7648690466591617,-0.049390758469735715
-0.1825954445526453,-2.4548574640074805
-0.6700659122158513,-2.2247989307634
0.7317352353829802,-1.705178636535888
1.0716825912952939,-1.5551558831221073
0.9020105826241256,-0.9636302100075624
-5.058404518862066,0.08359434420895491
-0.4932361713239917,-2.2758657113200123
-0.3110084214348473,0.6904176432208302
1.2196819480596028,-0.4816137866557475
0.8715310363547459,-0.15628695521824154
1.2522961013959142,-0.4600887171725018
1.071857520418946,-0.1639856449974272
0.8861499220421363,-1.1646212290347868
1.076248001559079,-0.7288100521149765
1.9870851729635781,-0.21100275572071117
1.279736871097206,-1.3286142260925171
1.0546726795359247,-1.0911296278761107
0.8206361758289906,0.30818960225929676
1.2741093486680852,-0.41287867704001424
-0.921482094754015,-2.762154748891233
0.575264350928706,1.4333000207031805
1.1990274851609555,1.8380466595976652
-0.005698631983297379,1.5353249334599373
-0.11806796812759182,-2.514813969754211
-0.6797938419910148,-2.0552430307004674
0.5472716477325263,1.0474323351151373
-4.873683524094185,-0.3714706049692259
1.3744378020017967,-1.3759780079158301
0.27156446983169447,-1.3865705718462895
1.337470666734842,0.7313798788425147
0.45288386406682773,-1.2131898732360833
0.7825861212683031,1.4556250909859465
2.107923308588418,-0.8403161536349929
-1.5402902002739167,-3.0489844915427224
-0.20954370474382383,-2.1308156372063567
0.8584619593542543,-1.1647273131827252
0.7506639800304857,-1.4110654075249214
0.8202247901879183,-1.4148722868910297
2.0700937342258925,-1.09601082457025
1.1095015312290932,-0.363037145298498
1.4923884523531081,-0.8732670749390922
1.6833088065958521,-0.7157207909464026
-0.07933218031972301,2.045897246254502
1.5870732104078353,-0.49999518775951923
-0.14066252432446624,0.47335487437569246
-4.031701703678048,0.03633568925412968
1.968853036866011,-0.38317459289979017
-4.577612527294421,-0.1915182296249245
1.344303698309589,-0.7941150549856619
1.0487771158866017,-0.8650602255811508
1.2106419284064007,-1.560927182617173
0.3124093797815556,1.9048142735778788
-0.11358316989100005,2.403249273822257
-5.565662534593941,0.8050132144961784
0.5725442167409706,-2.163112443827588
-0.08106157813426897,2.4273712482816014
-0.47882888612672503,-2.7305476113158
-3.9931356379829084,-0.05438268800508455
1.056414072438262,-0.9176947104979218
-1.2948300273878661,-2.428779479195138
-0.04617160537654502,-2.212162475512215
1.1549883841645454,1.6044885863893161
1.5218465909091505,-0.9323547084785614
1.9961022019093835,-0.33409066153955086
0.9009123163952196,2.5756359306418353
2.0170884337383446,-0.3934047206962164
1.1762203655998609,-1.4267954363403306
1.1286071290764341,-0.7086291390724769
1.5772567694523958,-0.9923446577670036
1.645972684273991,-0.36975566011620475
-0.4725509349198555,-2.0383121524069314
0.5622847538713988,2.730532351349344
0.7886079262525179,0.8695740511722464
-0.02358216834289216,3.162729561316761
1.5978029136676666,-0.6548519133295106
0.7203713254200533,1.377438500168363
1.0714728260232738,-0.9330358343765058
1.1300847939831247,-0.850915618692002
1.5478409310856616,-0.9726037433154943
0.9955881755425748,-2.0486617353002883
1.0214139212352122,-1.0852806115183307
0.4445556836030518,-1.7778535799452455
0.5251069385559337,0.5067869650332585
1.1161772661025189,-0.5591360425454542
0.2616212191975014,-1.897126801124745
-5.493129759681519,-0.23195775153105805
-4.420710557124259,-0.07327135086515016
0.7062966572193989,1.6248929564586856
0.9600553993871065,1.597585609926593
1.2427282669692834,1.7317769761198811
1.040411173512828,-0.7364112220222564
-0.307068527294507,-2.692018760489789
-4.690680644179208,-0.15465388139145114
1.3457132000051537,0.9725834240122694
1.720772987704261,-0.8556049620926506
1.621875935925917,-0.2627474947769244
1.4368402518051173,0.20528608613758723
0.10793718090869268,1.9929458855910915
0.13446036858909968,1.7279166140248468
-0.584449117581981,2.762522703121844
-0.0113788802287991,2.813958488687094
0.8136476302622873,1.6977946349469486
0.02459794289069395,-2.0574225689535988
-4.4501004497344985,-0.2615789469198312
-0.12935557625666563,-1.8605086040272227
0.37178011855030046,2.483265642581191
-0.6184452949223134,-2.3265103970713175
-1.2463393407671477,-2.6163251980470257
0.6828674206208736,-1.239508695474332
-0.15686292131032212,-2.404529488192623
1.663215312225379,-0.011590890674557333
-0.9679215736976147,-2.4027612944742347
0.8232808577347163,-0.5231595885362054
0.04765553143305965,1.5128897759791426
0.653551120729708,0.5852120005579617
-0.3577644810751366,-1.6868228289335647
2.2512736810881715,-0.2950400278615613
0.6309418189549171,-1.6002960558561792
1.9931985253143065,-0.2685669095636149
-0.022317838043126998,-2.1500713658278663
1.1073443426231293,-1.7697431992179293
0.8211409907805287,2.0630758237996396
1.3000751326696176,1.1746510368788141
-0.2505515965691732,-2.5235673465336435
1.0363986749067626,1.010929064681821
-0.7863705057744856,-2.659323458115049
0.15264330341367624,1.7757607478318918
1.402030485433792,-0.5289640986691442
0.9464750637478813,1.070528234222578
0.8447466488277051,2.0145167023640838
-0.8534646620015393,-3.0971706477718413
1.518104565867939,-1.1614152192637952
0.8978939618437919,-0.8898525225996543
-0.1662517465992868,-2.1704938057234715
0.8598418360126632,-1.1556573142123399
0.5928114694985188,1.04868517198458
0.4266832084198155,-1.4888726379346247
0.00445231297627475,1.7785586106346478
1.2143175302480782,-0.11373204934334818
1.424416163928207,-0.514196748678584
-4.723690397929245,-0.2148774523944414
1.4022453817952516,-1.325350460743928
-4.949679532057985,0.03417472604872909
1.0376175301755122,0.8070898421478899
1.262187394528353,0.6495449101156198
-0.17891814530816016,1.9290089183652173
-4.833457984722648,0.10402460488027697
1.060797239623643,1.083662652504707
-4.932803480107936,0.2770063883490532
0.3039944572910819,1.5470375424874394
-3.6897167894179055,-0.5093855961792573
1.5359755268206956,1.1394792519568748
0.9480061175673502,-1.427776787613911
2.2155774767567005,-1.1755769679932302
0.871495256211561,2.2603192978752897
-0.5239506182043592,2.2680661907829807
1.3136599089654248,1.0897402905901177
0.5202741879811651,-2.319776626042706
1.096597924257395,0.7662850678488863
-3.988138308427935,-0.27089818826491363
1.3726441467388817,-0.35890054465247
1.0376823070778118,1.0700947824511238
0.057494230781893224,-2.1682048278134953
-0.1939469834257207,3.0071373114105535
0.27905040606763576,2.4240712843278547
2.054886351209416,0.5721767288443476
0.13622946599691746,1.016815996676665
-0.23318421436162143,-1.6384716543691034
-5.431652899629292,-0.0748925751701858
0.5328574183635777,-1.7715585768830129
1.811583130000444,1.1558046098420587
1.6160062701805857,-0.6653462453865134
-3.9138031473288035,0.0907184169351886
1.18884241532698,-0.48724523946231585
-5.126346606045924,-0.3999432747612381
0.7622920127522873,1.2887510918631058
-0.36630014441037506,-2.5556521802584005
0.3378729111308296,2.585707030720614
1.5591891825658586,-0.5663669249829862
-0.20744224271843614,2.612717873505114
-0.12922504198163337,-1.4860763883035604
-3.956191065749118,0.026309955318845734
0.7297334032009816,-0.922694042726082
1.3503908310148136,-1.6951566662087547
0.5851226247642046,1.089438456106927
0.8009471558724602,2.2915004099058125
1.7425171183241233,-0.6036993737764383
1.057475442163361,-1.4596832775508113
0.3499215705006701,1.8909083249844443
-0.06706400337411328,1.6929614642023094
1.1374524706634392,-0.5748460718899712
-5.278225857908921,0.3905112165834528
1.5061284150022867,0.30473647412990756
0.5700167956351204,-1.2218756603671208
0.9887695617265415,-0.6381763654610878
-1.021266003329936,-2.8459338102031806
0.8001927079202553,0.8988885574106433
0.4664162078823652,-1.8250734061853724
0.27497449119271017,2.483400152812301
0.8668287216289439,-1.421610271584152
1.5758132664791056,-1.0300846799512178
1.276573216280412,-1.4087279511146296
1.6506847457768572,-1.0384007702205864
1.0810795278280423,-1.0201708746106237
-4.395067503211333,-0.7052031225891568
-0.005842594235536137,2.667960088426701
1.6733885400002528,0.5280270233748635
0.9355379280638955,1.4901756292583754
0.3825787715860759,-1.9840364390003327
0.7667999586633866,-0.7229074330356755
0.8706048644679417,0.6893841500292325
1.5350160357787246,-1.8591431225767099
1.35676676924301,1.4774000313308875
0.4807953190519036,1.626973066569647
0.8915663229227737,1.3633481332812307
-0.19125081350858844,1.974252800951798
1.0144713347688854,1.8365476790641235
0.31627503987072775,1.8969292798303334
0.8246780865167556,2.614166304673301
0.9971797918344618,1.2294352308094294
1.1333127261715734,0.5216735790889967
0.798313312702492,1.8772163350963875
0.916283588006371,1.2513470651425473
1.2601189200281844,0.02414545818928052
0.9547762223054582,2.1668805549555636
1.0303449763052464,1.7606806412008655
-5.684094828692001,-0.47609023186211213
1.181261020371525,0.7947468290980823
0.407501304998938,1.8433254486194035
0.9788938946243593,-1.4643864741936004
0.30354351452292505,-1.647318573897126
1.1576627603800809,0.813585455286216
0.9351122659409067,-1.530399427838844
1.568251990560442,-0.17234693870973178
0.6377531798850465,-1.286122008230237
0.45326800575695103,1.9543926916479997
0.43689778531805007,1.4392565486748066
0.5260044547878684,2.4845364804051715
1.836319127931727,-0.4217951993217402
-4.388500767459651,0.3891195565701692
0.8122400980858769,1.7652072487228505
-4.490535552203319,0.43062917955141883
0.6308353296837184,0.7425147249787208
1.233011805155485,-0.9779972016873395
1.3655902649442966,-0.8075763712921664
0.8431968826256092,2.44516942447088
1.2051961644964164,-0.9592072440178856
-5.031251192526252,-0.44712119265975475
0.847152889959886,1.7745750317942428
0.9084501758762852,1.1980812448583422
1.0008754080346147,0.8109433468937323
0.25672622098908554,-2.1863741353313566
0.5857241699780933,-1.7439770363183562
0.9240455586151557,1.6038513939176422
1.3435919138804506,0.3528705450149677
1.0533253759218586,-0.6987557633838625
-4.597796298425083,0.7682708764466504
2.0122199998918675,-0.6765379867524326
1.3649116221582032,-1.0485750654967365
0.8863594565756269,0.8614748944729445
1.7052467119750854,0.4132327136019047
0.1673245942637412,-0.23096699400870196
1.123836636616193,1.6051006189946073
-5.922399861151596,-0.29169794123376763
-0.35760042116017876,-2.3284432328351827
0.0032367130198118206,1.1226094644635578
1.9052130653664139,-0.05921099552223072
0.8071127462143035,-1.2888543240518553
0.34384138220747806,1.6901375661564477
-0.4408366312084989,2.3357447816672225
0.20411038214075433,2.562997447292429
0.8241391978573436,2.1607544461618082
2.168185771896143,-0.37555733622061876
1.2203020603224486,-1.0170484979374195
-0.05724922849010403,1.3475011093946119
1.0019437067570562,-0.2417589999251349
-0.11483303389864152,-1.8106589071242125
0.49797772687855246,1.7560359383355397
0.4324640265646848,2.0084054545142678
0.5457534068217291,1.3675020180636823
1.193945404258774,-1.1774311399268644
0.5689271740260643,-1.2890603585400846
-5.503918013681073,0.32389593962100116
0.696806065287339,1.2253200066717893
-0.0931407485306944,-1.6730255379048284
1.672778635305486,-0.7596964489634183
-5.461142681350045,-0.10914573632423573
1.0880617070810634,-1.5383222618187027
-4.466408871857015,0.4345257806672433
1.149639679074932,-1.4550421142777983
-0.030893722144863557,1.9559589068809997
-0.319147153868318,0.6906237286118475
0.423722930790606,-2.0148450504378927
1.7547003168221926,0.13042547320832257
1.7404799250084766,-0.5467258247743348
0.7093959500712405,0.18884640683764048
1.9198332632769364,-0.33804422948192997
0.49989016883427434,1.8502501026823326
1.4781758168869965,-0.5360368822859984
1.365315411141721,-1.0914585919219788
0.04839815029365302,-1.961512438729185
-1.1018194805033528,-2.266468179058164
0.43815156035343006,-1.609951419316912
0.5735623923866843,2.3799976225072252
1.0409637910546907,-0.7795274140139753
0.5576213056686519,-1.0679276305131225
0.9712559176726894,0.25085412284286035
-1.0659139721725404,-2.6141015309242768
1.5839627806985546,-0.5074049075448617
-0.6560287767298923,-2.39075092664327
0.772047997754795,0.45631831202357315
0.45447404697327115,1.6259983544068581
0.3609012110339605,1.1769351036443878
2.1109028192746915,-0.7641654824449058
1.6178319461912458,-0.37764223797728386
-0.007210866632033331,-1.9773316321138843
0.2516413521630972,-1.2092417386813676
1.6995241085832042,-0.12756731004410438
0.5472473977129115,1.8954179398998146
0.7963468453085216,1.3041443617378732
0.883042387696576,-1.1693229484490368
-0.6150211316001906,-2.5718388200135496
1.1640562812709077,-0.9638022919666919
0.586110886690617,1.8434630848412683
-0.5861924988242895,-2.4291633311725827
0.2978604002974532,1.3719800273307736
0.38267085261937034,0.7502685562434279
-0.0870418602573134,-2.176649472615288
1.2035803433774173,-0.7408783496127954
-0.3929361274795048,-2.0128292025614307
1.3521395142354713,-1.2335421830679667
1.4102505899891993,-0.4904394315043474
0.25955134071482927,1.9529631633808884
-0.8056842664850122,1.6564210161667008
1.8444629774697516,-0.5264412006638958
1.2550852854260053,-0.9385228736197314
0.4702830773868615,-1.9570738297927899
-0.3053230088971419,-2.4104999245480094
1.1449831163004942,-1.0191936376831867
1.0963171361157804,-1.2390869441365524
1.5912122846796235,-0.31198811817487493
1.2999074506563435,-0.3091789329002261
1.2850250581965725,-0.82115094473815
0.732073259044079,-1.1397687561593866
1.4222870970860462,-0.9010956727319526
0.6206845082687767,1.4835076057558299
-0.664894255052533,-2.4072666680650436
1.3145669786957064,-1.3684664665481259
1.417091930824887,-0.46850167215516464
1.81913178403171,-0.6237363083391411
1.2386191456426208,-1.2585760924343568
-4.289566466200028,-0.11621839363660927
0.05383805845651447,2.179221857166959
0.48066723478424667,1.138409256847345
1.3646226341308212,0.2188816240506636
-5.593655788332386,-0.590192045748538
0.7944351963059285,1.495879340536023
1.138191739144611,0.17573447031788975
-0.15342240032051122,-1.9799998600435749
1.52294389428139,-0.6157261920681248
0.16208251015673644,2.771660040407433
1.3988387741814146,-0.6843807744592817
1.7618318728388636,-0.009404451721097674
0.766133057054111,2.4064296803083463
0.4301921900258613,-0.6485579845016346
0.2163288188856973,0.9384430331915483
1.3163427376194978,0.3383707702163965
0.13293931464640202,2.3511801848943032
0.547853161826017,0.07244975726397725
1.1793550606146768,-1.0517303187174076
-4.273532005974825,-0.35446499051838276
0.5934894706699029,1.5936577139985646
0.5523994392405848,1.7979096430486297
0.25693042392726106,2.050711558301969
-3.6558154287686793,0.2895413821383517
0.6668770094270042,2.126411180777095
1.9583340479882685,-0.547268548453995
1.096636311476078,0.6796738680088166
0.6626561534708161,2.4491380214614358
-4.857685048817986,-0.11698253359205345
1.338933451639955,-0.9322482867379398
1.2282102334533227,0.8645816517358326
0.6575335563278837,-1.4344248824114794
0.918408335025368,1.8902268156379791
-0.8481476781939365,-2.225045252440363
1.5323472334430215,-0.8548440674454102
-0.46727591526244894,-2.6000363866271634
1.8822973922084796,-0.9805684458566764
0.5000832584375577,-1.8183988626217225
0.28366121828545277,1.8589037191531925
0.7653520092023717,2.066701336117963
-0.16108136635775958,-1.9350472173566393
1.8761387543792967,-0.3223887601875017
-0.16080981074856207,-2.4356216083348947
-4.343629944348293,-0.01919728695404328
0.3363777175247814,2.06188198940287
0.8262944275409376,-1.7741362573720818
0.33010089994320263,0.9862070916898568
0.47945601294110457,-1.7044024910556101
0.5080672188931601,1.3987563585761842
1.1170894083677598,-0.7767940471250016
1.1745823876535877,-0.6263662292789781
1.428088543450496,-0.7653504567154085
-4.007564475578086,-0.13808461766846677
0.7546798581427505,1.8307908240822741
1.4649771519678922,-0.24125214985102267
1.4816277722884288,-0.9118333332302343
0.5442842719433377,1.0893012754825475
2.1665303172949586,-0.5851727272868391
1.6180547009045536,0.45093926911697274
-5.615217292553633,-0.5496728773007261
1.6117245027228793,-0.8599310264540668
1.4841207380724843,-0.14794084893301998
1.8781294571276705,-0.7498179587214261
0.5451438813711553,0.8809197598698673
0.9274775872170216,1.5398488498915912
-0.6759877101819864,-2.9055648451632905
1.454875260710759,-1.0159390884287605
1.1219377660429743,0.6830620804639468
0.4723814210099178,1.0596804708616498
0.9192142748822371,-1.1801749491078872
0.3296663760805391,2.194167847331752
-4.088967011355663,-0.005873957560601613
1.5834855496387592,-0.9083218677247931
-0.1043501986866639,-2.078953739904833
0.3641076550223821,1.5475823646533295
-0.012393462074148112,2.2431532708107147
0.8141454957553558,0.5273820291047565
1.0410221009077214,-1.1176266252361966
0.31002627038575187,-2.225745328879144
0.3949890470270312,-1.905980996195385
-3.9533667144890554,-0.6172295448341579
1.5695862575591049,0.7117048776882571
0.9509764495513144,-1.2101990348013283
-0.2931314916908903,-2.097549745617309
-5.289054323109558,-0.10365754362110631
0.9621576087574497,1.8743155970740941
0.6247891118106859,1.89291564968658
0.7643691394642975,-1.2343671632789692
-3.803790977751726,0.9120559871208321
-0.04326359855679455,2.5613859439030917
0.5434144134566145,1.887328684384542
0.6043481923441782,-1.3807743833194777
2.076717061768282,-0.47790171857197977
0.24977528497989865,-1.8357486772490474
1.035009396044573,1.4651026299588563
-0.04985420129341826,1.1451006429588968
-6.092078596857859,-0.6680673911486569
0.3929982594259145,2.2944258580881307
0.21523398576598762,2.829645938205524
1.0828416468737068,0.6343709544432381
1.465174951279639,-0.9871685251061103
0.8090906269361553,-1.6350927592610118
0.5278545896897956,2.6981775631023903
-0.01072038795791506,1.112621105754571
1.5159648907483996,-0.9732677528306046
0.7416278027507883,1.6839084808527525
-4.733166566285904,-0.04252761498429214
1.5010363660703077,-0.30144026039896576
1.609221097085959,-0.004687384100816522
1.1269452217295532,0.846736815029375
0.7824876517177476,2.633296081395651
1.1477531007037265,-0.41756808084133146
-4.391275382318642,-0.36697254149185804
1.653841272994515,-1.143351865069343
-4.758624522118931,-0.09110602200572487
-0.3246625574871871,0.6131375219911817
0.5842023242591236,1.1144322308765968
1.4394142359063304,-1.1188260035696243
1.6668273715037312,-0.42568681096571104
-4.308864719169948,-0.08727771812493844
1.0739772484044345,0.7314405389774096
1.580601616393345,-1.120625122763855
0.3370928155616997,-2.219468978875456
-0.13699403519343387,2.451957403363608
1.0452758642681639,-1.3583997872275724
0.8204049611989981,-1.138599982197024
1.4377356615341208,-0.7664182373964744
0.5477555394539181,-1.6805532683090194
1.29222885408869,-0.2665725477957742
1.3287612885205147,-1.1567367450899966
-0.1618745016556145,1.7060600079312545
1.2819832788961962,-0.5957990786777669
1.0714085507260591,-1.4351543637570372
-0.7381145509396884,-2.6048752149202996
1.8467561779474055,0.21732409433551822
0.6471893387845106,1.5832684964620767
-0.28963065923295617,-2.1029983052565844
0.11186561180843146,2.6389904212145106
0.49913957970777717,-1.6542489300113372
-0.6559832678626913,-2.6560200049489495
1.4207339666209422,-0.870527896313095
-4.591889950817892,-0.26171279294665833
1.1098800094317833,2.046725584094741
0.6960944402567261,1.296701006953268
1.8946735957546923,-0.4873574944792409
0.44437093212177703,1.8335855146274815
0.6095602448456986,0.8673517587182812
1.0996113203923965,-0.11948152728777939
1.8268794102915957,-0.8542729669567665
1.954573660894692,-0.1267990480776092
1.1485452416984816,-1.8825299066716157
0.17746787908374267,-1.7418056588082325
1.681787040229677,0.6047801829300015
0.28708926787114086,1.331728175983533
-0.8651747728384752,-0.2067386893688493
1.4042801383198675,-0.18573000577996496
1.4512389426740966,-0.4465072258642057
-0.633859949157761,-2.49570900393389
1.7255390552326704,-0.10785434626896222
1.1474570462701408,-1.2612449884972705
1.1071685261716762,-0.7377282026956232
1.1812780308767472,-0.4452140710190534
0.7275211242856382,1.3723852540552726
1.0659882217318428,0.0604027364034563
-0.5820196283149929,1.9859327782012026
1.6484463215615288,-0.23940702090667149
-4.9050131886746,0.6989885186711934
1.0671051831218616,-1.9417278641380096
1.239616624119849,-0.7864756639919604
-5.8800686051139035,-0.5749371265426081
0.36014811410008823,2.5625687487429785
1.5219153860361319,-0.8216394574776756
0.17856298158517042,1.7889488312593256
1.1247961852315131,1.294424919404331
-3.862748647878067,-0.1597229750939642
2.083216032773663,0.010028526087701497
1.8778219296005003,-0.8775514734189424
-0.46741487260998316,-2.3299174467367134
1.6302576782553069,0.5056407729563491
0.026430665466317175,-2.1601755517038987
0.9985422254706275,1.8268525560169786
-0.448008993142176,-2.057137722042174
1.5096902225335516,-0.8200917547995744
0.16378910382641373,1.6346671223597171
0.5859602547933449,-1.4919395695561715
0.20286804989926524,1.8437889618221792
0.6937280133594083,-1.483212992860086
2.0875731252287233,-0.49885890752066986
0.4687352827289779,-1.7223096252833168
-0.2644716677117852,-2.2823472473924453
1.3025163433943314,-0.03145584783354411
-0.6225923147846422,1.2432873067509713
0.25163550266060536,1.3347908522121745
-0.48915449458252624,1.9114755771762169
0.9303138055752742,1.4506773320932453
-0.7940744727588229,-2.8011371088446837
0.34040025130112195,-1.9532785831280515
0.7026447337901952,-1.9868274032584012
1.513418759095799,-0.13161044691935914
1.311059866960753,0.7801673194723753
1.5462089590359072,0.8105028232176684
-0.2133950110024858,1.3912988925477303
-0.617814658577602,1.5471587209834747
1.5714949869837989,1.7778547042837998
-4.6542389262159585,-0.8646766770882869
1.878965814643804,-0.7044548006647646
0.978094029521429,1.380132275968619
1.6567229763291929,-0.6393174841792038
1.4235781532279643,-1.0485166167004518
-5.217308605153615,0.05373280033913333
1.381887729613614,-0.9844862049757971
-0.044358712580740506,-1.4237944377834426
0.030112787832608977,1.3854801447278753
-4.309026855567559,0.18990217283300576
1.2424364576012226,-1.4772367180797503
1.7273479786166388,-0.546178754545474
1.3619629568065135,-1.040434008635761
-5.400344213571962,0.17448844387659554
1.4770515231446584,0.6696820923972455
0.9264183531542486,1.9130552789346102
0.7833165768411096,2.4526397621558473
-1.0570674622028784,-3.0397081388627467
-0.0405790746663178,-2.261553188760687
0.7967849352552152,0.49245315838082104
1.3413906676485652,-0.6037350267198703
-4.144239057860664,-1.119288972238796
1.3400976806655225,-0.5443751255261075
1.1151447025353092,-1.4199718945156086
-0.6664173781521779,-2.864485521971251
1.9123973681650515,0.1377835977741625
2.134567247921098,-0.9736198572380516
0.8104453938446279,1.0181437903168544
1.0727392507063924,-0.958861006746291
1.036856437764769,0.6098833069396403
1.5496607643971572,-0.13736779915151218
1.0964152981482982,-0.0745831704223957
-4.302851019031489,-0.48970147457189644
2.013821454069071,0.4805017286529846
-4.790196001179082,-0.16378276473597073
-3.683202549207315,0.31547503571851165
1.1468149766301914,-1.2412511613774335
1.3180840596267394,-0.8243098572443185
1.0932820265661525,0.333462250229842
0.04436277685692155,-2.3910524854263286
0.4284636990726591,-1.3273497863582724
1.07741817441198,-1.7028952268943804
0.12354384233119678,1.2085917457305455
1.3597049415787659,0.2744888824650053
1.5146610263002416,-0.7925557346055377
0.7783013455726273,-1.0742106919860035
-1.0270426324539028,-2.2631370064398415
1.5396679798637138,-0.6567356045501472
0.7746675460499591,0.9456053368548992
1.1925716969044842,0.09703540272398592
0.7063817104115868,0.5680826712924352
-1.4488095993631378,-2.3885462783757707
1.1968807847170826,-1.0915523603965422
1.1136705818906478,0.594283157029703
1.5214043908806807,0.18025909455078207
0.6507425026764301,2.22981346126263
0.2631712741738358,0.721285869254454
0.7473670710406817,1.4110050604732678
0.8130989898481705,-1.673150822745175
1.4024761068984042,-0.1580675709565808
-4.2343937472231525,-0.3467773252331163
0.28414732375418866,-1.120268022056823
0.1462459051023592,-2.3322981175280137
0.06444056742434041,-1.7127414493881212
0.5101329561564459,-1.8410451349102774
0.8961510469169834,-1.6176984489083857
-6.201507346899707,0.73436613378999
-0.17314709118156507,1.480069342647339
-5.075096698080779,0.5295191220509076
0.7240995658809947,1.4008593413473047
1.1106307066024854,-0.9964981519794014
-0.29718673702102183,-1.9763277366739167
0.2967500939008461,2.6978595041605566
0.6256039528594337,1.2671184857679887
1.0217692006389818,0.8823920118981612
0.018419136583274674,-2.0013865794563435
0.7738642525655,1.2265482431651458
0.8836395168799139,-1.479826240243902
-4.401251737242859,-0.0508906704732706
0.3670852807039625,-1.6314845563831089
1.056099866831722,-0.8783384225359853
1.187028498828324,-1.847993033560927
-5.159378982669624,0.28576980070950403
1.034982323879516,-0.4229372087397182
1.0209300964449082,-1.7450769965872641
-0.9373528804506094,0.19964380715166796
0.932181447762242,-0.20327785107701943
0.3335427428993517,2.2450675493269054
0.6976365016973691,-1.1681820562779008
1.4432938245353937,-0.8581232409622178
0.2056771166646874,2.22933467411942
1.3110367966948193,0.7597246055673655
0.5588536896729069,-1.3462823964206747
-0.14577981573401505,0.40766520765077197
-0.3193709890934058,1.3420999467884105
0.7552801728254422,1.7528123833401188
0.632112384913281,-1.5910887832100422
-1.0012463616938458,-2.40543274621531
0.47667249497284325,1.1780459252724975
1.8666307916691913,-0.3916168323143185
0.942319628392465,-1.3749027235134585
1.0246803763466197,0.7500764307057523
0.28404961251373284,2.9330681318510123
-1.4946536895993086,-2.887050786982646
-0.16534670505784627,0.460064672392149
-0.8789884809990516,-2.6299714371142664
-0.13733658305690144,2.4829245578352146
0.004092621856206763,-1.870621863466272
-0.6592839479488642,-1.9243825240451098
1.7586845462067038,0.22054263859567588
1.466113170549882,-0.4298146391469377
0.24484832306891996,2.3619196418828174
1.4554488336714477,-0.9921528488654697
1.3164337553231906,-0.9090657070456244
-0.36836224812255663,1.578256872380108
-4.500897846409615,-0.5281356114220783
-1.3124821651600658,-2.6566854034645564
1.1513403974432284,-0.5860869870142069
1.5132629678240899,0.16501907540378438
-0.36629301509483997,-2.111938000133049
0.5373123834706852,1.8729241524666358
-4.306133330493264,-0.20569654046352395
0.8391064813204245,-1.497566621480658
-0.22806932875741048,1.7052452521753236
-4.450674016962646,-0.10536801427259154
0.8562093617233928,0.753334088696126
0.06839791540704306,1.3950638278363072
0.427907487719762,1.821254055535491
0.3844978337375402,0.9775526395776797
1.0961091005979353,-1.4636599108932975
0.39996076758185745,-0.885491159193896
0.021619045253486364,1.7398825830868685
0.7727166131315435,1.433213718976919
0.008932527515781321,2.6899279518356853
0.9618668445158468,-0.8462767770467464
-4.560139287685877,-0.14670821635013043
1.3124522426718939,-0.6862994557390852
1.0808074996484363,-1.433578502126175
0.913112594074135,-0.9675278402599748
1.0735480337144572,-1.017610725160163
-3.9697188722948544,-0.44157293163080524
0.8652367458129177,0.9720486311469116
0.32290684805888303,1.6418570165684847
-4.315825324761671,-0.10264850518313635
1.364416977803659,-0.3983028108299234
-0.04835179711358952,1.5670806504688077
-4.39926979487048,0.004886633717577523
1.5954732319418086,-0.46390228159567415
-1.4079281014933616,-2.8822214850104624
-0.014234080094014934,-1.5240428046556649
-0.052440817117787,2.357310993755741
0.007352758762238642,0.8651681044680957
0.6354331785989711,1.5395538699359455
1.174882879011191,-1.1803043261387605
-0.2194509585368207,-2.51764719067864
-0.8058762963899524,-2.079100751656683
0.2321874462982437,-1.6858370658169428
1.2977538523030794,-1.284780046379588
0.5499925998990907,0.8410859636497915
1.2242392184417104,-1.078238744180508
-4.404911966225921,-0.5320344013544045
1.2608851690696972,-0.18084403945562166
0.3378367028253321,-2.1326579108450923
-5.957191618821505,-0.04416723336836353
0.314318165062039,2.2342185852257357
0.6197156276341854,0.659864421371471
1.2264079547511155,-1.3001783121214103
-4.618689848565864,-1.4060039866287717
0.6100816414776292,-1.1449229556270024
0.2388511282588061,1.6123426545151722
1.0263776072211366,-1.61778865016015
0.7933203833128522,-1.7482689015769302
0.6972123510693862,1.5408825256304348
0.5078409120213898,-1.3770809074168697
1.3747605089298467,-0.8962047123047232
0.6507400707143671,2.39819844449193
-1.6031373233871247,-2.70135696680194
0.11588508864377269,1.5055549633059802
0.8950653861872513,-0.07171592802650635
1.6728719585232985,-0.4847004971410793
-0.15340704539366304,-2.246937348535419
-0.15017738830029623,2.1332553827238177
1.4237383807293877,-0.918879240596374
-4.2830973677570245,-0.356043589226472
0.5454951640840954,1.8557068737505937
0.5845276023145088,1.9015476615909368
-4.8788673181349544,-0.20827338839412662
1.3933443280502753,-0.7805212160987159
-5.1280186956118365,0.1618670413571387
1.571769215422739,-0.7772924641484986
-0.1243504315895451,-1.7681707798432713
0.3980430862816678,2.2929211214845764
0.9567680287935835,1.6499037350495278
1.2385285373304564,-1.226163855760323
0.4045003075740409,1.2705048704771649
0.6517377537159856,1.3736981802295072
0.18720841561232374,-1.9066827973646516
0.44922829109347473,2.3537558092519144
-5.308056629416731,-0.209851599030481
-4.5447260097637825,-0.09538024622048008
0.9177732311585688,-1.6393982852775326
0.177243370430325,2.369827178797488
0.42017687092391776,2.1525423287880017
1.026573396063702,0.11114565653368287
0.8620855150743811,-1.3933150658644902
1.3817933388758135,-0.4264503655754702
1.2850634500821259,0.04444775845694234
-0.4799549647385795,-2.5087043255527814
1.0014119110429092,-0.8433680056789444
1.0967011883942794,0.05127756738696437
1.3841201007463362,0.47352056770636963
0.8450191191126765,-0.26573216962237456
0.748090549173374,0.8449100022621577
0.3338685867006531,1.5550079776945107
-0.47854250052382424,-1.607826511118881
0.8038894020158104,1.4140386670999363
0.4985476894183338,-1.419999235574405
-0.7192909276586488,1.8045930275308695
0.13396080612807554,-1.7747876898341413
1.43512668296385,0.7278327779030956
0.5103049461231411,-1.461283533765014
1.006814345048326,-1.3390970866493235
0.1095797571671545,1.270881834292297
1.2969357584270518,0.2025289510755148
-4.355605240476769,0.25936824589374885
0.3260216070207881,1.269850929392086
-4.063944069269412,0.020112696328445832
0.28529729993043673,-1.8148308817659335
-4.412248272734766,-0.27721790506494265
0.8951184749602432,-1.6217780814917184
-0.09756169804343105,2.4053517811593843
0.6553371661187068,0.48923793095132023
0.1336207337501122,1.6402881880689495
0.20911645926287517,-1.6716402943808417
0.22054496117848663,2.660030651162486
-0.09177149549368492,-1.9916825527679516
1.1422970998834086,-0.46303968632520714
0.6894159484482387,1.2453062038609317
1.7298366219876675,-0.9777778685313372
0.7843406132760433,1.6435848987830664
-0.03388006601064293,-2.0585759381947253
0.753838659208088,2.090131732772173
-4.792851424287847,-0.6140049419137471
0.7820470395490838,1.0802428621561289
-0.788044840284719,-1.7867664044553568
0.4544751745867611,1.9819694741438394
0.9994740377667187,1.5654078601443773
0.3513124813800089,-1.5482674698635552
-0.9384744747531831,-2.6703774790451282
0.22531911481340025,-2.174894494888237
-1.4691725389875907,1.2807063841285613
-4.896605873982614,0.5135474045416687
1.2528900131848362,0.6121781548142641
-0.44255541832887835,-1.39681753775411
0.6383361053635326,1.97380193034432
1.0487103576688062,0.3564367607414296
-5.12620776845548,0.10119960283668503
2.399666154843983,-0.5074028833198179
0.7878289447088198,0.8280238781170921
-0.4942847497857157,2.3749902059851244
-5.953260940710739,0.18204842919017555
-0.22132296412813526,-2.150629018493743
1.272665982841397,-0.12955073303209558
-0.2708365076929623,-2.3808903097421963
0.06343922426988503,1.657783635712097
1.3984468890089952,-0.7828924478974075
0.27887722243721563,1.0667110029515556
-4.5904187363164,-0.4899564887553605
0.7648696865969334,1.4638365196055572
-4.5388756329651905,-0.11802419892028504
1.453740490292898,0.3533454172829653
-0.17002087303631275,2.325138382200309
-0.3921963926069555,0.8356806218757716
0.9966960165043766,-0.7524149032630625
0.518382210605949,1.3981723169211737
-4.612135721087228,-0.08353059062551345
0.48319662467284086,1.2826530581342308
-4.639545440187635,0.18728540001432678
0.7281788871488645,-0.8715032015479977
0.9040784872704991,1.2887769260522737
1.6210954873989618,-1.0326728623198276
1.7203120255181146,-0.37909069962542385
1.014260512263099,0.12829653645906425
1.5653656547731238,-0.16262314259756858
1.7120329576221405,-0.10577358671221578
0.018769483963625225,-2.366377284247079
0.9344559449588079,-0.880542315385218
-0.5088259567444708,1.981871634394996
0.3968650273537965,1.9998003302202965
0.5472498776585693,-1.4185426758536883
-0.6259153990813866,1.5124958536701663
0.7368625441173138,-1.7921641660683765
1.8071541274697143,-1.0456050616784398
1.235994924362502,-0.5531251162985212
0.8655604707314076,-1.6834735931525708
1.3320757972266275,-0.8534271873708249
-3.747175068562078,-0.3990410363303115
0.006275632388741472,1.4422128318999514
0.754959559729464,1.4871988837590941
0.5101573382764671,-0.5869146451525771
0.7585313109488105,-1.4365922593802016
0.8321006335347366,1.3969929708725712
1.0631437098021064,-1.116065708013061
0.6141016038754742,-1.030286004726859
0.8719563056462939,1.7651048999873524
-0.1428521010386794,-1.8152190900729352
-5.6532694100137055,0.20812113560799655
0.3871546379777409,2.0788235412762512
1.2146854887457084,-0.643816783730748
0.6063708521246627,-1.7911268693171232
-0.36248321375415643,1.7553319497836832
0.8920825975063631,1.052371481642305
0.0015338414037148447,-1.900221625063342
1.4495734782747993,-0.08132922526323845
-4.136984207649088,-0.09037784777286097
1.9089247030411014,-0.9550789985539493
-0.24406222532086944,2.6174190376951247
1.4125151397328173,-0.7535371404423981
1.083818501801299,1.0244731039591368
0.6142477235421949,1.635524859352008
-4.526078445158056,-0.5770245585355631
-4.371761985390841,0.1789267802603312
-0.11660184269206969,1.6600050417610552
1.7788526552202015,-0.11221607112718526
0.12292172419393596,1.342442148639625
0.32082090775069977,1.36560497209397
1.1721003834284043,-0.49041279024219114
1.369003718631568,-1.8694346871979268
0.2830721183485216,-1.7271039489978568
1.3834561138364765,-0.585061191623436
-1.3998066779422054,-3.4100329465663273
1.2344547755850683,0.39373447876465073
1.8407321353704065,0.49388507235160034
0.49958987702665625,1.7727384746997727
-0.5930666240961159,-2.1462240568624114
1.4259418618180688,-1.1624544610130791
1.5304037723905095,-0.7369295320115787
0.5339830509115127,1.803110876114752
1.544535644395771,-0.6210069877754905
1.1817170464419668,-0.7122763380375392
-0.0423606189996332,-1.7350100848876104
0.08442537599103601,1.0510532068966605
0.381784579535358,1.0208882864608197
-0.8074457464904945,-1.7305725123530595
-4.218866096703012,-0.4037648231023862
-0.8743908396042133,0.6734025164886226
-0.9352957505639562,-2.001687184925426
0.19793365094807852,2.9849688745039367
-0.06894042507107681,2.1059215587673377
0.28797361793312853,2.3118009709285428
-4.884075274021686,1.0124264842053237
1.5202559753620204,0.29531958321135643
-5.220362363984822,-0.18221584867638627
-0.3902695684697855,0.3366412203457745
0.26287923833559323,-1.1156251302106948
0.9667753896794327,1.3962764726709818
0.466051354523827,-1.500790528995839
0.5515431528397724,-1.5994726803646517
1.5640138466205198,0.5729343795447571
0.7549566887073507,2.3403598334911764
0.861031788467601,-1.5374655295108985
1.2405130214570144,1.7071283991221715
1.869232917760751,-0.013579893756025599
0.7608845754295963,1.0458206598788493
2.0322478898155305,-0.648214849350373
0.42509345125859516,-1.6283541059368485
1.443964392342715,-1.1130783429870914
1.4095629796950526,-0.6061104910478431
0.3187406242038888,2.3025337578632326
0.6756738833082294,1.8529577801230677
-0.19000515921755157,-1.1901979703025976
0.5170744214613112,1.3743375761695211
1.1781511968405236,0.19475854265977927
0.7469049344643933,0.909281215403907
-0.11597063600957452,2.0362480948195714
1.672737769608022,-0.14872140206870152
0.7772915474879029,-0.5249520905637547
-4.554155572245302,0.0214035006503605
1.1739406339659957,-0.5198647892677454
0.8733748694634562,1.5784525175504385
1.3266484941428711,0.7158633909647986
-5.769308210382805,0.7142943739052512
0.9832313993734584,-1.2704556783423053
0.6750244357925215,-1.0962991270627334
0.7603298714917366,1.8775430114418958
-4.548763670862073,-0.056071407727531844
1.0641866802887117,0.10108061060876056
1.2055014971185951,0.36709825591947026
-0.35063379375347703,-2.1374829075113153
1.3914557780739805,0.11398558916523185
1.0690197327285638,-1.0208812769677669
0.26621531154830286,0.784973730363411
1.1175406329878301,-0.9908797622360216
1.4337492581441253,-1.3610210936172416
0.7343025495127241,1.261482685886314
0.8996246026618011,-0.6689666138570741
0.3538630288209944,-2.1216423173677517
1.397920629784691,-0.8795006795800193
0.13885639765561986,1.2393598891834885
1.4449578888012782,-0.6574590257798458
0.9494013612707889,-0.8636860149534966
-0.23394340921881085,1.6711183130092906
-0.3732346517820946,-2.195713484258789
0.7780837110247293,-1.1966064781212828
1.2327273835354071,-1.0708204798944714
0.4569013579128817,1.8587008671799414
1.1635721899073368,-1.0266481164995331
1.1760912454776642,-0.3882576700650015
-6.095155074077342,-0.19938478937420112
-4.813687953691368,-0.013168396933441554
1.3987920022073468,1.685552663475304
1.0262174870821843,-1.794127744883817
0.48670566530905296,-1.7998900052163467
1.7293612648529684,-0.3984709344484867
-4.547741243470039,0.08560379283249919
-5.56697659656446,-0.30954760787123176
0.1524556035257932,1.9522093908717837
1.642285695077515,0.014207981953267333
-0.2369350473055131,-2.035002563103878
-0.08225854187368652,-2.128950936340904
1.526893959912433,-0.5202593773623498
1.8553215146454436,0.4282443618195867
1.6482993324062813,-0.6740869574445603
0.7801246353658415,1.7136495857309493
0.45707686413400805,0.7149310999831974
-0.19656109686508072,-2.1987884430647955
1.650618720798149,-0.09718101523279124
0.10009220149492844,0.5221117251373214
-0.68468105963926,-2.487923127858199
1.219285401018912,-1.0764068293253692
1.2302066417957023,-1.050545172903876
0.0820105573811769,2.572530600234526
1.6653589557290713,-0.8852955925278586
0.9453682566812779,-0.7411149973873602
0.14459442981523615,-1.7688609087278349
-0.09099719402297302,-1.7175980586248716
0.8800400701073526,-1.5283325966549257
1.2867167467519043,-1.032652495038277
0.914388483164212,1.5105525696959645
1.004640148977728,0.39689760170933464
1.2260036850377833,0.1552796591645259
1.1722938923411064,-1.1202640580497993
0.5280538208959784,-0.5680240199207847
-1.493232427941594,-2.3969279880021297
0.4488215161872556,-2.182561628308681
-0.40503145518912137,1.1846409528495019
-5.194997888989752,-0.48942981068929464
0.01631764445429295,0.8768362498167095
0.5084436337888205,-1.6465183770725336
0.9494414522559614,-0.646792562336306
0.7994877600429612,2.2072651739225413
0.2248054742157353,2.6110391220734375
-5.351928080833746,-0.21272810934239675
1.8991612941631755,-0.5350844722641516
1.7636100751243007,-0.17217434817971644
1.0208188587656213,1.1366275304250892
0.1372914838662408,-2.4102750521577163
1.6201931076325478,-0.99120682018407
1.1059371206167277,-1.0635313274329203
1.2145797786953962,-1.116980621855144
1.715900034853109,-0.2537489187347874
-0.4810805998958325,1.4206326808019514
0.32585366226256735,-2.117838298561966
1.3939366538338467,-0.6884989641469438
1.8773289839666178,0.088121427487047
-0.39411108144058915,-2.479998445793115
-4.7515496496461305,-0.6836184863683241
1.3131920294699373,0.38028316905855425
0.2311684645659237,-1.5910572635270281
0.4990826051678349,1.6470936252057236
0.9665304987098176,-1.1237513265995518
1.0254187046130707,-0.5020429200797296
0.2067668334368663,1.2061542450651088
0.9550399074210865,0.815698523063911
1.396503256591928,0.5895349727823689
-0.08638759632580253,-1.9467820704468055
0.5513690982946979,2.7052892047672796
0.36254780917679896,1.5589531357593764
-0.02677391491289658,2.271472167392937
1.1063649154414767,-0.6207513109742441
2.108318481183525,-0.3268429421057805
1.3196543179003006,-0.7498669884391048
0.19893694823796704,1.7552844357898023
-4.583269019981382,-0.432825590213027
0.559259595404663,1.2139696581444979
2.263790820589373,-0.29371536181008867
0.9406986727669758,1.0653232225684746
0.37542255736536734,1.7342663555991475
-0.4010128220970769,1.5769538437469512
0.42781255653313927,2.937550950449691
0.586565492709963,1.5551594404379911
0.10558231469727318,-1.9794418200248867
0.956264221532274,-1.8370477801732052
0.4103933270599774,-1.802848836400669
0.9040357909596662,-0.34573996215094965
1.0976582464169604,0.3965539620760572
1.1172610163698196,-0.3805007390438152
0.25306150432835284,-1.4181312217959858
1.3647763974396387,-0.9065894968375344
1.536992407122458,-0.7183249254044003
1.370380901645996,-0.011823789622806767
-0.11370789320977037,1.1344987625470297
0.10849300487620482,1.9036692640033637
-4.538650003965884,-0.06951965656711488
-4.559328260643099,-0.04868424025394648
0.7795556549107869,1.2846400321787
0.2647245876879486,0.014242819514836804
0.689805532866048,1.8888354204335556
0.25140802020303205,2.603541291327699
-5.823129367968654,-0.13716441646128755
1.2192965629156927,-0.2953892525872615
0.9661022651200406,1.3099235184572025
0.27892975405945175,-1.6361848235676624
-0.06112117549725743,-0.48966153702188464
0.3030771024062451,1.3001335070469864
-0.2095609530864877,0.7944648421316565
0.9251687130513674,-1.2901908499565524
1.6574888351262278,-0.5406344194315934
0.8333679190344228,-0.3524380332031158
0.018535332304265628,0.2633668028867036
0.12980281621643389,-1.5520474118233456
1.6655755681799043,-0.43113876463
0.5497829192271851,1.6319138818050865
1.129635713077884,0.6911086868064442
0.24023343583645027,-1.0380368692274244
1.110393093034826,0.773600668765366
-3.5697043661463526,0.35791881478985316
0.7812451201287027,1.0984721272162477
1.4146963121856484,-1.0679286208557557
0.6597276065355003,0.36728381597848225
0.4454250973981074,2.052345517484694
-0.3657695350679126,-2.268530749664542
0.1888063509233161,2.685645269013778
1.4035647071963615,0.024099741479663508
0.5662397162625675,0.9648105865812575
1.2178585483592275,0.3722025879290508
-0.2196124327863319,2.5725837428300395
-4.636396960116126,0.20956764537598838
0.5499095253726515,2.3382370958618
0.06553929008704507,-1.9066161247349829
-4.730092186713451,-0.2932664684770351
0.5208982841762696,0.2142357421775801
0.9433293308366006,2.0983851444138972
0.6489616122091618,1.8905047640287087
0.8262560214126417,0.14455787858991762
1.375419734699621,-0.9259972284734794
0.4180958227527734,-1.498984522957866
0.9832400036083453,-1.2438169753236556
-0.3156599553787791,-2.104809301422898
-0.1477571373685105,-2.217918384149203
1.1316344434703651,-1.3396902615627364
-5.150723324646819,0.016344688281238213
1.050971427676107,-0.7472613829619317
-0.10539537862511505,-2.141181022363486
0.9208417144867349,-1.4217668166731265
1.0834955112054958,0.2605918233962256
0.5806532152958603,0.8528095482924636
0.6691012843092308,3.1113868978927846
0.501159455795816,1.3070611927333817
-5.806973105922207,-0.375817966330906
1.1174823527109148,-1.0247664227395028
0.7337393749174845,1.6796296939168653
0.30672527852947484,1.007027207079731
0.5879100458565681,-1.2798008870745268
0.13638508983451472,-1.6223967801870203
1.143163234400232,-0.06826758553236588
-0.23318843756829746,-2.3291257662988247
1.0020279695369212,-0.9521222881578797
0.842558141209926,1.468643512595323
1.3959550439010835,-0.6749789889081014
0.9946618202626138,0.4659568116803293
-0.1641378673955674,-2.3568443932567567
1.893799080262616,0.01314650995653443
0.5740720322663627,1.2097294222257429
1.790941693059828,0.27004682983205874
0.0557124334134786,0.3728113499070862
-0.4095168005992396,-1.8577385538029798
-1.1148684965661455,-1.7210480266301407
1.2700183525165936,-0.4574368147770037
1.0755642800847884,-0.8842044716716141
0.6138704259808747,-1.018652687775895
0.25013262213671245,-1.7964856873673725
0.1382432245295206,2.128937187297506
-0.5353100716547333,1.4097388334319683
0.4831787340053393,2.377199973737033
-4.3196989640504615,0.053158415266980674
1.4992830574859743,-0.693397173876051
1.4012051482699903,-0.8584034990406557
0.14460151132773041,0.8726401659392754
0.659587752016723,1.1468589867281789
1.4652220083592602,-0.7876320826478337
1.0834397924397525,1.698993320502944
0.9306878494659095,-0.9239245310529663
0.34913445018265704,-1.5585141254142576
0.650006364794605,1.565745297635161
1.7055705754472126,-0.0346830133209975
0.4704472081622057,1.6955119893146848
1.221612985445566,-0.5128492966721926
0.6014221314539159,1.3559946279693202
0.2632008037481095,0.8440511790749726
1.7718900011953516,-0.13398819841834889
0.3464566304399584,2.2615683365675645
-0.28679024286288235,2.164865995515174
0.9354347017746201,0.7904816701906742
0.07597217647793332,1.389761426666159
1.3382934942475808,-1.077154489428082
0.8349355900092774,1.5997819814808636
0.8705558486938032,-1.6494562328254625
1.554495981389789,0.43058868933029476
-0.20499939485264398,-2.4690582917010615
-0.0035425944709271528,2.013295466517728
0.6665357961893368,-0.45596523521290666
1.0658031958370664,-0.5396491826520572
0.7584308638912789,-1.1973504356929345
1.0443949481863954,0.2814781240290064
1.5683531273636993,-1.1530732213868606
-1.0203713291833896,-2.222410197144269
1.4685160557158532,-0.7140221704718404
0.8166180535429746,-0.9530277583683409
0.16618497358295717,2.3338593561532055
0.4125481460919309,1.8520704434938688
1.3633114935039417,0.17589690325602142
0.7600957388113806,-1.5360937798998036
0.28593667032230907,-2.2121679400339147
2.1306285877398796,0.021483120005286124
0.9116332170711766,-1.1966990465879528
1.4380099974366107,-0.8659071381685234
1.2445291774024316,-1.1646517753418522
1.354291419996905,-1.002179481344152
0.9376754922776055,-1.171655370148542
0.9122735667513625,-1.062489602894962
1.193036250145031,1.2452100324612
-0.1243905883512122,2.371003847404972
1.1387195535178127,-1.1539655293966231
1.5388114051467467,-0.4406055052863417
-4.564667117188508,0.03911442197577592
-4.036138270137101,-0.15316264826772963
0.3583712540365748,2.719332139924445
1.548212304996493,-0.3363775945150793
0.9658928906670426,0.6499432900160488
1.4294654224238321,-0.8032081712941969
1.4312726695602829,-0.18270801703249645
1.1171694906281024,1.8864449671224999
-0.017438009134386326,1.8643095253885342
0.7777052242539843,0.5768353860265939
1.0532741469219888,0.7174130779458903
0.9746557165837536,-0.4681239439656944
-0.48055358891249894,-2.5053771026626763
-0.2505396476889744,-2.0809288558696433
0.8753555908943602,1.6779043951752557
0.9128863921027394,1.4641214265523383
1.1566023396407226,0.06116629822479521
0.4081058108766292,2.9343255783455975
1.3742474717974298,-1.3384322820938592
1.3026025001734707,0.12625543161753677
1.205830265799407,-0.8295656256933864
0.5970996657484652,1.8837807804296767
1.4200506024631894,-1.025891724328451
0.15216084074635264,1.6340300484266517
0.20153178009917425,1.8357989633314054
-5.21297545776116,-0.7339276860153885
0.9372959553485098,-0.4289948081824312
1.0204262818460514,-0.7338040146317921
1.2824049802875732,-1.0028879256602359
1.8391713540543737,-0.3216898070363938
1.737396730468351,-0.35124668997243047
1.5820440160514548,-0.9043402594935277
0.8576258379836681,1.4573427275767845
0.9332501199835034,1.9795925291672316
-0.5483531010822016,1.938267513501515
0.4371957557508028,1.6823121513008616
1.0388101769787643,0.1535027874589483
0.8662060878897708,-1.2283239335831915
-5.808425454777617,-0.22610863313398274
1.0046564209286828,-0.30854204818104475
0.9376605013655824,-1.1954943671235287
0.9807817067018617,-0.9278863572551614
-1.1593103428797085,-2.424403113224822
1.2221630851055496,-0.98941459350078
-0.039909562189263635,-2.00100522413439
0.19683924969670075,1.9668742392132903
-4.1957494459556015,0.6039801647503494
1.5883474576151453,-0.7403073479947598
0.939315288190636,1.2645144268664825
0.17459733445652165,1.1378760530769765
1.8460587978655545,-0.0813897912967012
-0.032750943265984746,3.240894798052051
0.6755211020523741,-1.1031858981290492
1.3593985794880659,0.028947889198591606
0.8188877222227211,1.5015926680841722
0.4416862454082439,1.5977453460913116
-4.2814575177769365,-0.34072389672972186
1.355438680893711,0.22939357022725823
0.5624092260917666,-0.7140440288132368
-0.3224875930584666,2.1965244492090896
0.9078291506850865,1.2107653006649501
0.4440250130339517,2.709940864056674
0.6943366480065241,1.46304484358897
1.0344795283332173,0.09263158670374051
1.4016768990453108,-0.9712938395760778
1.4042402463027797,-0.7249778553282314
1.4840032078783907,-0.006422427764368604
1.5855122712760485,-0.41995222919139524
1.293188760056777,-0.8736731651762899
-0.12018138730413434,2.033387944866176
1.4485280032818053,-0.802561723718774
0.8144903907531469,0.6644062184854078
0.6107053391366727,-0.7582221273282381
0.15040708867764727,1.3057562225446158
-4.428475671676976,0.18584637670124282
0.2154646476985522,-1.7292061955347138
1.243507967507401,-1.0028293714008378
0.2351719931774693,2.117070674964396
0.853817546018832,0.47315381908843973
0.9745310348854924,-0.7988683509983593
-1.3655732946796884,0.737545435657148
-0.20009568628055346,-2.2503959785586862
0.49576973480218633,1.4193669927457386
-4.650509974988172,-0.12865445849485865
1.55095416349621,-1.0162522522284192
-0.06268779810972952,2.2749129639681374
1.5552769033996814,-1.0783744102914405
0.9802202442373869,0.23058209987716266
0.99696982668401,-0.9017921427348286
-0.9365611982127013,-3.3878531216092718
0.9015606862214306,1.9359154921615631
1.149524169595787,-1.019880860712527
1.0591984677935964,-1.1535156506492317
0.6768247386805666,-1.2621868192682304
0.88701098235873,0.8909770904615913
1.4634258167592025,-0.8309853813590226
0.6868323320724647,1.086904361411342
1.0049311679191024,1.6776836493515457
1.2007393763860807,-1.5962192987856039
0.0776540595439667,-1.960661755527346
0.13404446552708515,2.0576506802850343
0.5923861813554836,-1.4464126148905119
1.179980488618671,1.116442342618178
0.8203647595699481,-1.3956524843312605
0.4754115396404393,2.6719018379810664
0.2849745485653493,2.0973720050473132
0.8145608424508202,1.4694805018144628
0.8514168953483984,-1.4464603125266446
0.13686460135687542,-1.5991756408958848
-4.0104454481034955,-0.5105713015276789
-6.0774045447519,-0.27712879747493196
0.825264966503946,1.0628601107056714
0.4206930104204321,1.6176740734130246
1.5271473373696582,-0.09137156866445514
-0.57855592487944,-1.621357313332145
0.15786863266592352,0.8984285322570285
0.05618070563820361,1.2439518759889943
0.7098592786207848,-0.41644301139927875
0.3625615323207258,-1.7480593684345134
1.540657798731783,-0.1679987366112768
0.35930571384688914,2.5094206227150897
2.059850252900325,-0.8168102787323156
0.11953554613782255,1.9060013648879643
1.1802439840381218,-0.6663569756180654
1.4916154234171457,-0.40556179122325026
0.42589002685820365,-0.06451741734562359
1.3823115506873365,-1.1149577020731025
-4.309119656486635,0.16030014440593462
0.1315690494126579,2.061982283009209
0.24515987218578938,2.090462229187255
0.6082397595428469,1.8565524191873084
-0.2677898423872715,2.088347404818371
0.42307427182771806,-1.6340678376020945
1.3623812468437408,-0.9429619232974231
0.31003749079153603,2.00181232455575
1.3313382217246978,-0.20858983117986304
1.5307992048715178,0.2887835736815084
0.5773848934515544,1.775320095841846
0.782354159980136,2.2727259851234485
-0.6616667661018132,-2.8126324583605857
-0.11910101426945756,2.323396311969457
0.050438747359372024,1.3025002800359593
-0.7130054654423189,-2.7529153740340746
1.2897143156242188,-0.8564898331953238
-5.192094473227285,-0.4807635717514482
0.02257649136078105,1.6611558087836127
0.8786087327674961,-1.6351371750379455
1.9026204892740053,0.028345973093332484
-0.5437707770979661,-2.4855240721707537
0.25831297499319567,1.312581630532132
0.705589445027627,1.1362822699235136
0.8469776732375313,-0.2080636355674146
0.9602562149623499,-1.5515378581676589
0.864781180187506,0.20423715495968572
1.3386318424827837,-0.8458676734949455
1.7137331799821434,-0.801072396034878
1.1513198636261954,-1.202859274873008
-0.7320663526979936,-2.7669391170592683
0.8963770398946922,0.9115011106131651
-4.673014479699961,-0.4931327220431217
-0.8016664738329153,-2.7250784622503508
0.4094231375087793,-1.3248028183081169
0.9418121514184574,-0.7939675983128467
1.1316215210699556,-0.3597599592727245
2.121502892409413,-0.7728773854157592
-0.3970575363941149,1.11101249611894
-1.1363596948021533,-2.6234740208800167
1.2358118140941836,-0.8905858703342635
-0.25191126438333294,-2.5508298237764864
0.42051553479946613,2.0119132993088416
0.0004996991834044527,-1.6164775432137162
-0.994517049850656,1.3055108378234261
0.7764196395352031,-1.2678796831159984
0.9335686954201999,-0.4722156227239513
1.604314844503195,0.8058228812188183
-5.753835338505179,-0.8227346175073628
-0.15525396191928625,2.0623570688097455
0.004613760783341978,1.5003068075735257
0.6679972477806051,-1.3316309292459543
-3.716804865829084,-0.1065409665749305
-0.1968376589627769,2.71821211091684
0.5064870043312365,-1.5977259212463488
0.3000239106779489,2.352325345007788
0.8637976673566732,1.9290068926847737
0.49726097505334743,-1.2629922396033462
1.3149605125748545,-0.5586947642691779
0.786652607912832,1.302359535615894
0.6711514131011338,1.2080060931033203
-4.711142364661666,-0.5631809012712286
-0.7979851212141013,-2.7711744702229333
-3.391796444983427,-0.4253403017245714
1.2071939414860327,-0.6356593332620184
-0.6363753016832748,-2.542907639376728
1.4459026043323635,-1.1439561988275866
0.58606329460071,-1.8490395933665198
1.527906922921492,-0.6817096205959369
1.2801688523148609,-0.3849583787192295
1.2555741146453872,-0.4735965609419764
-0.08247104619030812,-2.590289220219139
0.9780338148376858,0.26335417830495544
1.3858899624915058,-1.10862722346629
0.8804047396855706,1.8827566017083281
0.810121666062925,-0.6332628297742642
0.7863715168334914,-0.22771450519344327
-0.038677163643475156,1.0939447441018384
0.07505662440582124,-2.028461250232591
-0.5606756584396776,1.535066323026506
0.2862049181405623,2.4926041394502634
0.2130437556466596,1.9518417978354496
1.3618073126826438,-0.45837146690536723
0.5786305285026548,-1.4673177329592257
1.419243235093116,-0.31428312872682024
0.9182224623343582,-1.2065014100724674
1.0710555389599719,-1.1717900501893241
-0.12083014059306367,-2.097261861389138
1.558512698518562,-0.2085178703875984
-0.1429537710128554,2.0521479501283912
0.5197521179565905,1.758567412350048
1.5612828331027178,-0.3104657387168355
0.7080131199647919,-1.075148319894663
1.1534740932306446,-1.5746141451959819
-4.458331711765459,-0.2926937024140601
1.7335709853383994,-0.5664570189417893
0.9995522066686567,1.253217862237461
-4.929372780112817,0.11766253516207562
0.6317606235401291,0.9278409648919805
0.22954612704926405,1.0887015006886676
1.0377306823297614,-1.4114609510905225
0.5554687517487137,-1.5823889922565555
1.234057307273273,-1.18919879086905
-4.5632598939690165,-0.22892865099116796
1.0564707476896653,-1.0171291875078043
1.310244223658327,-0.4862168836185672
1.3589265792823562,0.1552656521457812
0.8660625357793573,-0.12269323545299249
1.5436650208139127,-0.8418114133934346
0.6418752972139287,2.1200836698758594
0.6752470301471561,0.8317573002545829
1.657707275139306,-1.1141214808335727
0.7291552884936804,0.7135064341592875
0.03851864493324129,1.9199288001755952
0.37875625907395927,1.8866749598978
0.09746445783241091,2.384467648436072
1.3589058365923268,-0.7908144378691888
0.30838524918849647,0.7193512510670407
-0.1601325161620891,2.1975076079341944
-0.7075889477319328,-1.9892552986923335
1.670740709919927,0.25185318577417365
-0.5380215313757791,-1.9262381284516206
0.46405084705706784,2.0743405814112066
-0.6736531543119608,-2.114868290161259
1.5797480145606897,-0.15380558775825684
0.31215500366110066,2.8655612236741947
1.0200044297103041,1.8499397123150965
0.0338274020725853,1.5554044159503306
1.204557531845768,-0.9698325004422184
0.649843751264189,-1.4912662741665759
1.1433570806451032,-1.221316192791859
1.1790046312553575,0.3545687803702806
0.3181886175721944,-1.6315428419861329
-0.020317727385440628,-2.323102287015187
0.43295729425730434,-1.4034650540473612
-0.1454176078119447,2.6705559202679336
1.1515092747852924,-0.010465898315758707
0.6476991163920041,1.9623240194470086
1.0038671342214762,-1.054388595886168
-1.2018702238784345,-2.8048160927537666
0.17790915507887056,2.5833694696805374
-1.1764332087937632,-2.351258358140311
-0.4365852184973068,-2.3659209649732227
-0.4868567292326657,2.9923152644775324
0.02783550704655235,2.0454287385977103
0.8873852098024368,-1.3940423827720556
1.1225872779657569,1.3811983926382518
0.40706896951650245,-1.7850824192393169
-0.2158590781406374,-2.085776817491077
-5.262430955525032,0.29968300913306095
1.5874605426966277,-0.7514807106376936
-4.366329596042052,-0.5916754483012479
-0.33778365140652256,2.181064275857091
-0.33805769552203696,1.0130348117887584
-0.8096627250670375,0.7637666184618235
-0.048450018535861075,-1.9163073997370605
1.4602045666852896,1.5228652574181207
1.0656712870677982,1.0218803384041308
0.4088944949063418,-2.152787126485699
0.28677103004655946,1.8897492549004233
0.7178893850750754,2.962080344178855
-0.4809372879477126,-1.9590590476917742
0.2169142787449801,2.549731937572597
0.06139351897699372,1.6776965602151128
0.21486684712369053,-1.187578178411971
0.30191482185606683,2.198661638316999
0.4721408103732414,-0.08427153135648918
0.5065615257189472,-1.7056829916139329
1.4037958242053177,1.1857315773176618
0.17247814412031148,-1.3975700220426177
1.4316042034422773,-1.0236833803380672
1.143272843449963,-1.2228152392389178
1.4763326285722633,-0.13430789158045894
1.6127916092844876,-0.5869496463844497
-0.32806892747807853,2.16792247651262
1.6962525129878205,-0.881711993624465
-0.4959429127832266,-2.726038620391835
1.4435334149727044,-0.6467430651563392
1.092889482047522,-0.5797669244357473
0.8959656147309703,-1.8206305734817358
1.717562049899651,-0.274100901603113
0.6304918682715663,1.3473990607725284
-0.38215583906506073,3.030492562846979
0.7035780857751152,-0.6090488285629795
0.3697287103508569,2.2350208193439616
1.5186839744428553,-1.3890112456008494
1.244665428963015,0.4132870453367131
0.7150151115438591,1.8346686572430166
1.418235548300537,-0.5095783661811657
0.35049056400745165,1.6750086592823963
1.1596653546719622,-0.8579043061973115
-0.11919876279612636,1.7581879078132752
1.519167585268414,-1.1278166461393557
-5.0244566177410945,0.23958510417002196
0.4453636651408465,2.558841958284895
0.6214561528508488,1.8643675520749339
1.343209070781929,-0.544607494436512
0.19742879942647218,2.154736783832029
0.51881952465555,0.12412003524922705
1.1718138122129047,-0.2673406939463593
-0.4461210411898493,-2.1712062705344386
1.0103644510116643,-1.6945742899137206
1.200756507815627,-0.5223841807029004
1.290429142001922,-0.0959920389403943
-5.439414211107329,-0.4432000394312767
1.0814787658278577,-0.3283414019356599
-0.09383602273147229,1.4176577083790738
-0.6650281680057957,-2.6410806386776886
0.6954430596133422,-1.5774729160875598
1.9622410786913251,0.9270188079435113
1.3626241658772709,0.3505945432434635
0.75483180187108,1.0421836379112057
-5.100090926787489,0.18189245548627841
1.0828761647449319,-1.2368359994881661
0.22774299623466845,-1.670686561315261
0.4716310481364626,0.9488960900697638
1.2154259719910994,-0.7727918653669577
0.8985957965734616,1.3607068368857735
1.4864258235708647,-0.2389896389483422
1.277622457780396,-0.9285990079157358
1.0061447316597465,-1.2139204920781743
-3.9151377356105184,0.32282231617852675
1.6510289628853079,-0.3715124921767218
0.244344323562606,0.9544905850511746
0.735369010573457,-1.404488433198104
1.5189473238746367,-0.5621231305904335
1.1069670215267422,-1.1016071092456712
0.4983731922800369,-0.74641412736091
0.41415034892716157,1.7142442418442183
0.27186781246134434,1.8116198684064146
1.4043898385666573,-0.6416059021905587
1.1449629827324659,-1.3542441564282794
1.4275664646425543,0.2917204935876627
1.1605501920846308,-0.8464545115182555
0.061684413389583886,2.046828326694808
0.12098252897524812,1.2699775725997426
1.5017367115439229,-0.9331975474508807
1.4661317939579557,-0.27331116749722917
0.3837930129703178,-1.5526768942963052
0.7531526750874407,-0.856971498410874
-0.5222420526212803,-1.9727941448853175
0.3902243340953721,1.31645573025182
-0.4612542986962838,-2.1750222385241953
1.2721551952323242,0.8871873804180935
0.1601189382433816,-1.8467289496025316
-0.569685035216265,-2.5538219420436707
1.513362589904537,0.7106380984346895
0.9176174556352329,-1.3201852434196517
1.0749057113410638,-1.3124847309955856
-0.7478383852046265,1.8973757958382687
-0.006134919696880856,2.8618309292828084
0.4293595556359885,1.1985740406686234
0.9903417991850794,-0.745017640468275
1.1637946952482596,-0.5160134791086677
0.5797817053461405,1.0921128001792308
-0.359049903627599,-2.3709995011590212
1.2833563466837192,-1.297335633231564
-0.18137118805428726,3.0627990853252847
1.7347416197098038,0.26023438124124665
1.6455975810840595,-0.6846554635843533
0.5462722062907035,2.1733299255052296
0.9896260628912642,1.395099724232845
0.3345662183161406,0.15281840592130677
1.139396099723579,-1.0756524042004743
0.5340142273080699,0.22862807414063083
0.7224925551732011,-1.1694628505306728
1.0400451876337895,-1.212414874991721
-4.77069900008498,-0.025877723590124913
1.4990013809611424,0.4134607857889563
1.3438120737736163,0.8406397141132856
1.640777581034209,-0.28527388421406635
-0.6714213287943467,-2.8020008736735798
1.114004407078442,-1.7430634306508053
1.3041880756765702,-1.3790100912515733
-4.421097774125871,-0.34401440481296186
0.10038348583375237,-2.105045104900723
0.7908171265660692,-0.804976205092274
0.9001223236231206,1.6510731624464468
0.7954289087712624,-1.4070328702927448
-0.33332958814424957,-2.411991086382349
1.0599052176054102,-0.09517817721328098
-3.9354537925510527,-0.7051060482798595
1.1588599324934539,0.791855934979289
1.4657794000230924,-0.9800262929093908
0.026227830834261615,-2.044983901868742
0.33280748214714045,0.34460242025285864
1.2140679424528131,0.8168080857028851
0.721566258758034,0.846479511911613
0.13907701328319444,-1.6530609240935328
1.1328661693609128,-0.9526575989072739
-4.867934341154951,0.8868672521176929
0.47620025442388736,-1.7493062380523803
-0.05099980719742414,2.561744189436176
1.0255654663635116,0.4068669311657184
-0.2648415612646216,-1.556845253524093
1.7140416926477202,-0.47456571284015914
1.5075587934784662,-0.6251144090666485
2.045836308840581,-0.3966255943634918
-4.454425749556007,-0.19283992611978817
1.2791775802010024,-0.46306276863566265
0.6291944084961256,-1.560654686258247
-4.500010665006446,-0.46387266059200405
1.9619978940218403,-1.1052063371284693
0.5210432544726717,1.5011313720014103
1.8847406809056935,-1.2356581360638417
0.13006550065772468,1.7574331624639454
0.7340589788812396,2.328777062229459
0.6820496725623327,-1.4433648284447937
1.968562719072317,-0.2656154758112324
1.6200827840807497,-1.2073591055956707
0.7306223592412292,0.8307649739388838
-5.235605727876475,-0.3286485042035967
1.2416764785802386,-0.7576884944379538
0.5196853622155619,2.274124012547858
-0.2982931111524524,2.8229855267831083
-0.1021854847300698,1.4435557577275513
1.5151152888032355,-0.32264122570363585
1.514302262823934,-0.030213864776834465
0.7195903919702114,-2.3116414353498933
0.636102197236226,2.3134047252142613
0.8407868061652805,1.1971591969301763
1.0572689307353214,-1.2799957044129064
1.5009804812179806,-0.1288106620723679
0.4837170727794187,-0.9945558045014333
1.1212120802051644,-1.55831807066215
0.4362247643254975,-1.6176494106993882
-1.9258995659249716,0.6694565689678182
0.599315437763081,0.6757102196201222
0.9158023077297479,-0.9612233877439805
0.8056095457820984,0.4586661224100268
0.5781069213235026,1.373779623509944
1.21537313987312,1.200764736848784
-0.24290025266098048,-1.8908857641223562
1.2741370086619581,-1.1918860942761518
-0.5307092522547422,-2.008803574549478
1.3049952415466952,1.1433863364238002
1.330808609222027,0.529610485568628
-0.06441762212084118,2.0263536933288027
-1.2542183623572498,-1.8239445549967932
0.5435199042026763,-2.101449025158889
-1.3305744353404354,-2.957179271908711
0.4786109064098225,0.1767600961994377
0.18581036942348458,1.587998515270529
-0.024161610338894673,1.4639088924165091
0.30220924192801996,-1.612471172228644
0.5662821408218035,2.35388581647896
-0.2226858372884327,-2.231878201007287
-4.371905656843092,0.108076191680869
0.9254720382903693,-1.319261915994862
1.3436533326364355,-0.8765155123648226
1.0554510874780847,-0.8645095909109897
1.1953182100743336,1.0329241116338814
0.5072721982331503,1.7222395755927475
1.072097873445679,-1.5023415046975068
0.24115990867697662,2.4432927340061434
0.6935360105876036,-1.972434255720023
1.2662417456760422,-0.2752610779307784
1.4161733849659064,-0.10251767729850696
-5.630275568993668,0.27444424195789374
1.6726085755152456,-1.0746971497732816
0.9302212521191722,0.9557708711456558
0.014612157320853669,-1.7417713694354136
1.5181595402721377,-0.8306040805525104
1.2898120960925172,-0.28089192111186007
0.051807155908923014,1.1401608262762897
1.4591014983993993,-0.2526885630225464
1.5535923611266755,-0.5983647181625172
1.411749747945683,1.00062987046604
1.3756751178164286,-0.2061412637816898
-0.12676841743304848,-2.476237582783065
-0.7129294047560365,1.612495134368909
1.546894765748983,-1.0906309031862358
-4.674632646875745,-0.10454437272405201
1.0554327237251595,-0.7903454959728952
1.0890647909763442,-0.7462770433471021
0.28786346814624303,-0.4706475919763244
0.5021359928531377,1.1401383926987383
-4.56868460550497,0.24801183724200018
0.2383682456644293,1.9997433293486695
1.2234236250992805,0.15043619268280703
0.5624759392642388,1.418806938756459
0.7120184260775567,1.155535080872052
0.6955370795716467,2.951905894324351
0.11988443425299573,2.1995342319264943
0.6375348789927565,0.8572394768404458
1.1362481524282455,-1.856563748191222
-0.492174552537422,-2.0526106083521194
0.500058574008378,-2.042466026201382
1.4795272577446674,-0.8551196567073859
0.3636032943641885,1.6316106679425932
0.7619751241045879,-0.16492189248120626
-0.16949304573760832,2.1429942097580326
1.045291016585609,-1.106800026243079
1.2827160846082164,-0.4959770466914346
-0.07677149185435725,-1.9870846554689285
0.8849465610022722,1.8847177909318351
0.3605569135552151,0.5454943789801834
-1.675933433212793,-2.2513701031372015
0.8055005772960833,-1.076734506041404
-0.0156841380960298,1.15067938099534
1.6212198547514656,-0.3708227579453073
-0.04105811566808516,3.0111368490669665
1.2145615306090207,-1.3576673614906065
1.5317557262155372,-0.06106947060724441
-0.3191716424468934,-2.0657216948638046
0.8893861436643494,1.2649539631882591
0.7259377529636982,-1.039812568994349
-0.26996637823456604,-0.7648426996599416
-0.0843282878943887,-2.414221909209597
1.2548615283693072,0.6273999753651649
0.33847477386490765,1.3364303482685171
0.036067554104102964,1.2105826505124317
-0.5816115122556115,1.583907516968442
0.021724280367585207,2.145308603792384
0.30448736716715996,-1.7389763275473964
1.7414792082536104,-0.4308659994213137
1.1012632138663054,-0.7551302538630106
0.9935614725315217,-0.7324217802284888
-0.8928631553192854,-2.677098453244138
1.490245634998718,-0.6097683344671553
-0.13367172544961137,-1.6085589043633255
0.5168314469895682,1.5314343209682333
0.33734926342961363,-1.739668956184432
1.1757006250481181,-1.122745382844586
0.90921616827015,1.372371893802081
1.3866213307819857,-1.060431806437087
2.1723188520731784,-0.01585634759281273
0.3947318820895113,2.50838047925142
0.6405643378435253,-1.3191371309585511
0.207847174292904,-1.978487856667384
0.6055650929325669,2.881826108949488
-0.3770752894960162,1.3477820664159228
1.5065906076395887,-0.8783536173856636
0.23184685830012972,1.7892361661964904
-1.2932139898668276,-2.238788220362639
-0.29230346022431275,1.3062287083305117
0.6357185618443184,-1.113946136855766
-0.6188061522591809,0.7282869936206062
1.3517530358631789,-0.35325022206678536
0.7133640213359843,-1.1341392429465822
0.36965214668348434,-1.3623208314544981
-0.5162368595224004,-2.504470828518002
-1.4772730061766977,-3.1973792829326433
-0.09235515002077913,1.361360381497634
1.4233611517337141,-0.4656154720092302
0.6099214995956561,-1.4197559464479221
0.3391655692715603,-1.8247403122721382
-0.009741037642492222,0.5981293351221516
1.0691653187851926,0.021100296225110785
0.3769089217639575,2.4867917231281913
-0.39857161379865896,-2.1162692776906873
-0.5624726844332623,-2.0372687487988275
0.15941661838148294,1.5196825801478309
1.0403768713772117,0.7359384327963855
1.2694448037095156,-0.2079807599249547
1.236047824377803,0.14267221661329377
0.5770911280283207,1.4109890400723917
-0.44077182990940067,2.526118458884765
-0.3903835777377079,2.09714208839147
1.4263182574157367,0.8595990335536996
1.1371705423358514,-0.8006726416840743
0.14508075838259407,0.8458296832641202
0.40397345242604055,0.9747463968968426
-1.3499298766605208,-2.973783020432609
-0.2675871302558642,2.452018532377716
1.6510389363924998,0.29554966870408184
-0.7762621494244208,0.41601171073983884
1.2403917246442828,0.7419363640795947
0.2901571157834673,-1.544485953484211
-4.423190363314067,-0.6764512892009714
0.3233533142441674,-1.4432330641994717
-4.348684805143206,-0.17680087693375507
0.4479487386694386,1.5509374059800338
-5.152113750927474,-0.6053670808358756
0.11911692450374066,2.8697455699798455
-0.38167122840564716,-1.537249764370404
1.2900674106790204,-0.8715016050044635
-0.23574582321920967,-2.105938620466511
1.0286187006419891,0.0928936617283795
-0.500273966278493,2.106595910679331
-0.18816786903448565,-2.2808349986319705
0.9976961069151464,-0.16175195302014422
1.336955095384871,-0.7708098492757317
1.362498847375632,-0.4007761801180449
0.22950992503515663,-1.7656213611639588
-0.8011322670959029,1.6940241661731172
0.7250940754194586,-0.6530155941329223
0.9237787733936627,1.1799511712335649
-0.0597811421177711,2.218641262080139
1.0763869815505012,-0.7620811218866244
0.1287101402268568,-1.979744411751604
1.3400864525000342,-0.8745576320064552
0.0742658433937346,-1.6035239637486463
0.7152002982271694,1.6867915907008442
0.7513213007222875,-0.1558634190659138
0.8166528624674211,1.5918414158017404
0.8543469740452697,-0.692308364057773
0.4767683357756283,2.3186063212308534
1.1956594017898823,-0.5989941379339936
1.200074937864751,-0.5976242390836342
0.7196038373745948,-0.10012878216091227
0.7286676287030901,-1.5897935515660606
0.7089637811484292,-1.4693706977030812
0.029406846843599833,2.0873401147251127
2.031743302412923,0.6630077755509206
-4.049020509096267,0.08920529592848339
0.8953702549845213,-0.9379558473180137
-0.31010378886552764,0.7005429668584287
0.04619556453772051,2.6908154381154157
0.6802281855514337,-0.6326877348626115
0.9456358242120677,-1.0659503629956253
1.3778597504631438,-1.1406025120046024
0.4552746995515915,1.7374015198592898
-5.258612768911422,-0.025157762816322652
1.319444086726653,-0.10190830942296118
0.45828714841363,2.143364511000778
1.242225330285625,-0.8865419579714616
0.16165845016657937,1.9676785656206708
1.1007875021165383,1.6619438573032028
0.5545344620478987,2.487674075817354
0.08717671436285432,-2.067978307072618
1.1180468235036938,-1.074286961471285
1.3421984633064652,0.37386992124127205
0.9061755003203164,-1.078324400288214
-4.332623047387691,-0.4746152524471274
1.0438628303656377,-0.5895224508506776
0.46259101993971513,1.6778333464694937
0.42652630224474986,2.807541731328844
1.0213894470241596,-0.7230533533997825
1.022357523489329,0.1140711040286164
-0.5729297203141801,-2.3748018866144482
-5.364429945855978,-0.1991146149013191
-1.967517349007117,-2.737271954977245
0.45768122816693013,1.1278455754365986
-0.47573243106011953,2.860808554231132
1.0597158892477492,-0.5674105700673229
0.5126567076029326,2.1597582378259985
-4.417016616423266,-1.029092202704539
0.8766365995167641,0.21597333121157714
1.318324910972763,-0.9018902628303895
-0.13599170239777203,-1.4982902923737602
0.6263083631987719,-0.8902911752109671
1.0625116365858618,-0.3262683532989115
0.11080612585272305,1.6008085368688316
-4.5846030989484525,-0.3382354071395447
0.6392801116509413,1.4838410091921168
0.38234917238761246,1.051511545181717
0.3327249010265225,1.4409914571398867
1.6672005575651534,-1.0657431880945918
-0.644322515507544,-2.8901004540256694
-0.31075094298732725,-2.0382975928973357
-6.4999995731528175,-0.12145459930388083
0.828432930009225,1.6365353901901518
0.3532978049683399,-1.2226192211607467
0.2687137332434927,1.5279094240183464
0.6042721998256202,-0.8063049803751022
0.4242991537894948,-1.1329368905428034
-0.7427721691099665,-1.8899368303884392
0.06334333873674594,-2.003943931346226
-0.3943121317368741,0.8294141906554854
1.369003270655374,-1.426182885000689
1.379458541231433,-0.4775353509949959
0.19261850931701646,2.5975534013480006
0.09773835585915998,1.9183750173948313
-0.19339588107473704,2.963220334618143
1.3837147604511313,-0.2716046997658867
-0.15961851040426606,1.81572153049144
0.9201086088146908,0.8376969131040708
1.1801181096115203,-0.4016119593819615
0.6162385630449342,1.9026614918666285
-5.189835835276312,-0.17135190224980973
1.4898976590336157,-0.7524014788835373
1.08133452218539,1.9375575447630033
0.16727580374531825,1.7963851424274997
-0.0030897317917065476,1.4224585057868255
1.2401897879344153,-0.02215670033240116
-1.69056371867707,-2.338516156951794
-0.02273795015923095,-1.9060131744287354
0.7614725823985719,-1.39327560379723
1.4309897881276206,-0.8747228761965253
0.8732216177489837,0.45352776832966424
0.9571940330843132,-1.3152796462811027
-0.0508986325926511,-0.45114094612215494
0.9395202757452461,0.5385089676453706
0.11429295510924779,1.2911292867540882
1.8551277520829947,0.21274311028650703
1.05808444521383,-1.211181234541702
0.7695716669028727,-1.4439051783031016
0.10891421177010517,1.008557001919464
0.7215758506369637,1.186773833888453
0.49113763566842517,-1.621321347705588
1.2963028116992983,0.14325293358583516
0.8644589987865275,1.2637110754910135
0.212087352713138,-0.21685482270930623
1.5753830681783827,-0.20810548067139653
1.1082344214930206,-0.31178121158272737
1.614886843793263,-0.5346164370274584
-5.079000272685377,-0.23498272357325606
0.6065449750494428,-1.1155119649652572
0.6635356920210868,1.4602138276182113
0.3822497039277601,1.7215369432715053
1.0502676623208391,-0.09311324230812945
1.10357220594636,-1.578826565221469
1.4046328139892075,0.4950034748271933
0.6810828942977539,-0.43605871793308904
0.8028476694833351,-0.7595430312762171
0.4251448525387281,-1.2640653542332734
0.6422052839510989,-0.9173607831592416
0.21501119879493594,1.8813925198985975
-0.7887015602373519,-2.585974705555914
-0.1041143487027177,2.6388040025151804
0.7085537460532475,-1.682590216127708
0.8778407783462248,-0.8676736944562122
0.6158489400336739,0.8287071067512883
1.5789764763008056,-0.1729538410687269
0.06946862149403103,-2.1239397977708103
-5.62843382448425,-0.049646540120104325
1.2718675525542646,-0.7602186260627601
0.913877037575682,-1.7664064856984671
1.4032405398245982,0.260535337361586
-0.2784238164700394,1.8913724793262194
1.5017430501101532,-0.8388841748610406
1.3327293008728474,-0.2618606688005016
1.5552393486486467,-0.6569766913853855
0.14735507621160207,1.873996282350806
0.4176314594965922,1.2893840584875789
-0.8462849689059403,-2.6319664319290954
0.3739416275991712,2.117930717871847
1.0451510415964562,-0.5397891934342209
1.099956209733395,-1.5369820591853633
1.354004494737538,-0.5889692204791267
0.9341691067078612,-1.258749625862671
0.9122315544709365,-0.343044855463679
0.5807045932942401,1.2163182509994614
1.2822164704887342,-0.3778847683154978
0.3201405148618649,2.4361523931359876
0.69366415782847,1.3426924324413134
0.664454068424006,2.324576541308709
0.7261114808668566,1.455318830348019
-0.03261737795621398,2.4400747992852123
0.5742154954227092,2.2261614615783856
1.2135080243841658,-0.31485292058974396
-0.9849687592624243,-2.2824792433575083
0.8272270475766517,-0.47751460147604313
1.0519299579510815,0.8687535954319873
1.1142713355894056,0.30672765697803234
0.30830505624350646,0.8731360686509925
-4.991943029670651,0.7060749544939918
1.2228183231099132,-0.04837481735869715
1.3713841807311695,-0.5515917938253205
0.8742197603891768,1.2364374529140054
1.0118319207783306,0.863487170606131
0.3377984945955331,-1.1034538309871127
0.6653583175787304,0.9375428026564644
-0.7485552750877235,-2.3360818737266187
0.9454028570258185,-0.75599774198166
0.4943983055512243,-0.8591541926747692
1.3999358537231974,0.3900338667262152
0.40384806767179793,1.6353112277890784
0.08117178401665548,-1.9080249216589502
1.2077193768573298,-1.2561598012945847
0.7902149720962961,-0.8348957648039895
0.8911439080961107,0.25619274411789017
-1.617188607297712,-2.044199654572229
-0.7743314821077931,-2.909187341453343
-0.4073052370471994,-2.462373192424403
0.4438859011415077,1.578952178632515
0.0022847498468911752,1.2834235351254155
-0.06192057212017872,-1.9666525851198364
1.1461296008962356,-0.40155564358731405
0.5042594505413723,-1.532479811625005
1.2658876820383267,0.02631178375764765
1.1708259396255922,0.1408830720829454
1.0583678848439122,0.827200881382693
0.657145335536123,-0.5145695398295396
1.1339875611914996,0.4979527377987654
0.9402753333898364,-1.0007305680146104
1.2656346194450725,-0.7739360499362696
-3.612608630627907,-0.26219707544326404
0.3065743542261382,0.7798153069279244
0.7137591306874922,1.029338853245728
1.3049637888163625,0.4695108165314535
1.0437323740858535,-1.0433001566981122
1.0737759111585132,-0.8315798130280178
0.647250999576728,-0.6337148518042929
1.0308075232544678,-0.0743179980196501
0.10006944009923162,-1.5651493368196485
0.6932382865453527,-1.362612003903435
1.3122101556270311,-0.6886606004956476
0.618227113417442,1.4728026985908034
-5.871331995295548,-0.6729821280955272
0.8646580587890493,-1.1280808929880863
-4.321181118219163,-0.14981685159029112
-0.03408182924349018,-0.18020506583211604
1.5293832864507382,-0.6006747336106468
0.9055026683039391,1.8923386751377074
1.9391493471679682,-0.08790726509282613
0.4719437064692492,-1.9831410926205473
-4.778318662101434,0.37082579314233277
0.6524254597657626,-1.2230153490484332
0.5590686683828926,-0.8090332868040472
-0.40301436427295934,-2.5554951032866113
0.4153964209448512,1.4202417203932565
0.4871707986499455,-0.598327475615807
0.5085862090453289,1.575395943344329
-0.2659445149340641,-1.3322316372607392
1.4569070847803895,0.22895449113598848
0.476012905233154,-1.1896640878105205
0.7329839098686679,-0.9604038429579873
0.9003248560732462,0.6148464425552924
0.4019491329689043,-1.045116048634977
-0.4868519599422645,-2.261643606293301
0.47208828981523365,2.1577430628712597
1.1522597499804632,0.502890444489023
-0.744279026553111,-2.378843187155809
-1.4015429707542033,-2.616615512785621
-3.940226674301874,-0.08226530921272773
1.1534170236066366,-1.5377685150802616
1.4335658294954703,-0.48033914090683005
1.3872829645080447,-0.5766512297228473
-4.984355897857324,-0.8726698691450023
-4.7361546165735415,-0.21430400384791015
1.1670935048885844,-0.9276228213681004
-3.8159197757371457,-0.06847906430870036
0.9698521876870632,-1.0707151443277116
0.47530344062945307,1.1053926047932137
1.1008082137696307,-0.4527129850181217
0.7112921760575477,-0.7254967061636077
0.7422644702916545,0.7110397393081092
-0.3242021020124714,-1.1688871842542012
0.33032101882821563,-1.2816685762981201
0.4234617466310253,-1.6332259666456466
1.6620344785737977,-0.35726494225184485
-0.8016942180964473,-1.9836205851259698
0.7873213959976277,-1.0461741705784309
-0.44362747067973707,2.2713809881348914
0.5177453532686522,0.24179016069194634
-1.762308318743407,-2.832805524125242
1.8396758993884768,-0.5137797378169249
0.5535932240602727,-1.209548301064332
-0.10166038278039162,2.085503922928266
0.7327589799876973,-0.9778458026479472
-5.625304421142386,-0.10561095012977169
-0.2844684956153519,1.4660218925852797
0.18113527726012416,-0.5464273224898745
1.3667518807448313,-1.226549137048181
-5.054540594906031,-0.29058245958519785
0.9683199303774103,-0.7161405617196295
-0.1030601692850244,0.9860913020452406
0.09524413548514152,2.332545981660956
0.9358891343955459,-0.35746982332146304
1.4701964759368966,-0.5801760456247693
0.40876313017263116,-1.4974469958171728
-0.1324316336775899,-2.014590849043134
1.104933794150226,-0.33131992152917783
-0.501346499835181,-2.6686996328136807
-0.6849059008129279,1.2012262018468014
1.572098584080056,-0.46214551509918333
0.16892320743536487,2.7196583209546943
0.12655223012102673,1.3428865343498693
0.5869136297723059,1.8663038032090558
0.46801845790068314,-1.2448510621831028
1.1083668036817678,-1.6519210837454052
-1.2342527312211566,-2.076048711881921
-4.437132432789595,-0.567343900937933
0.5067747764553916,1.9344064971179409
0.21986066146505745,1.7619041291728363
0.4321443709946835,1.8912736434120132
0.8268443374283314,-1.4172792512551877
1.3171701861866214,-0.6167664617998344
0.43608376600900556,1.9665709869143355
-5.129641222156103,-0.2504865592547252
0.6913192991844814,1.6280442114512892
0.8527805760664892,2.521765132296457
-0.7492051658241182,-1.9712307082010554
-0.09042354013434585,-2.2423128525095977
1.6502292631449544,-0.7529023409201892
0.5655308490680893,-1.5896367120130426
1.0184989880034176,-1.2902752644578241
0.6669135695828209,1.2842951257761956
0.9792668615815254,0.200896251071842
0.9401802930680531,-0.9685008043771803
0.7710147014348153,-0.8564420109496432
0.9300736176822807,0.9682596339216039
1.9689780737070055,-0.9041960982572829
-1.2106798243443833,-3.5141900272253515
-0.4841937208859913,-1.7785868509894076
0.10781237272027573,2.1795899364859403
-5.0231383914041485,-0.04719718992979487
0.6342906333898298,0.2645153222134463
1.1852074333890175,-0.5613714481465347
-4.5644163396540005,-0.6605812944727512
-0.4439032429665695,0.7174087354667262
1.0344624399392361,-1.2452605122606544
-3.982535936357734,-0.3621522900280379
-5.362976080997911,-0.5351026802419858
-0.28871829201680965,-2.2089253945631437
1.3513049846415721,1.1534467800080317
0.5874198752699678,-1.6036597604175573
1.0764853361081557,0.2640999137808072
1.1932679509492117,-0.5671034350043066
1.4656716643741732,-0.6118242940110253
0.26229479955955054,2.743935647532402
0.56833992383654,1.0015014642227296
1.1703753732990525,-0.6163024368372865
-0.042427696510261084,2.0554343991071526
-1.551804394932301,1.6599408084909117
0.5873133222174467,-1.2653919741966375
0.08512545980571848,-1.7772882885437846
0.5951335402008185,-1.5231878172435585
0.48750374137311,0.4895250627583623
0.8266721823726518,0.25489139360824914
-4.78821036963131,-0.33801299574390103
0.5940419423896277,-1.480655943619417
1.1471255378844307,-1.5732427084324532
-0.14868306567161746,-2.325991820553095
-4.806540671895796,0.008291106840488506
-4.487840096765916,-0.2949781021345519
0.9520408764204994,-1.0124133650677944
-0.1842705978842286,1.365449710927328
-0.306518067930236,-2.4193015469088865
-4.259571594537396,-0.19283208173346153
0.7110514195089883,-1.1080302798521406
0.9532755772563951,-0.3695925575359396
-4.575570335013192,0.13926383232730966
1.331205528377757,0.31703933096134707
1.4672772712027888,-0.4822587996618754
0.3234844774035468,-1.8085578037150194
-1.1703905101983356,-2.7333114126096163
-1.4182434560311012,-2.601304701232647
-0.6024777847099507,-2.1804815671067077
-4.296638132494988,-0.43842646084585013
0.18367829675371383,2.692599419125349
1.0415483031279271,-0.568546538912571
-4.5356277434126735,-0.509666882386101
0.26520905873852757,1.9066697282143708
1.7698036281130793,-0.7908657188951356
0.5600470757728557,-1.4841256786387813
-4.17187067479433,-0.08137319433386236
-4.218802097014885,-0.2921269428274564
0.3495062709530746,1.5919053578107163
-0.07552859141438083,-1.754195479578017
-5.714451882463266,-0.6936271205832554
0.6906321921641779,-1.724841567236591
0.12707260597426875,-2.1653735410522335
0.3577980890725383,-1.6098038686505998
1.4041574060552955,0.2019668552309192
-4.6955042450132956,-0.17850883591699074
0.3169242052146476,-1.753498398865475
0.02877293545333903,2.605993224765717
-0.9208040668576658,0.5729136078238493
-0.2263580227506983,-1.1839861131830194
0.006772502929893803,-1.924438482439714
0.4992334082564952,-1.7055142058487283
0.9116954994050218,-0.4409540154769353
0.46811817358669605,-1.653846950838753
1.5383010545323799,-0.849575523028008
1.2158223313282,-0.21866260678910265
-0.9937373010573834,-2.77235682441274
0.7565665246633198,-0.9298490852453257
-0.2610038451689043,2.8571826934204214
0.753579271106057,1.4864075702277915
1.0659567796323148,-0.42816522603185786
0.7255133805604931,0.733618815910113
-0.33891446113784046,-2.230440444949849
0.8529329282926522,1.6032300728613342
0.5787507963805699,1.9173954806150972
0.4900255453190774,1.218426292314059
1.24130933657646,-0.7894696801572374
0.007318839549514621,1.756419503116578
1.5369384855906993,-0.17775323479017188
1.3225215805097512,0.05413765441480223
0.08646420192056732,-1.6514906862479766
1.001393787305443,1.2612444214933798
-4.412190432791041,-0.11339576442592059
0.026349477997376455,-1.8259963807022577
0.5572740756360126,1.6353585176848657
1.3180012186047851,-0.49856035419219447
0.1348870591520288,2.354503152493425
1.2320258910005915,-1.3019635962978267
0.6590221194388054,-0.35044156404528537
0.8200984525478708,-1.155952848249643
0.7147412178974879,-1.2091846086825295
1.5026366196406962,-0.2526294466148465
1.020080314236365,-1.0883798361600923
0.7595284190123862,1.4212378245326744
0.8545663069906319,-1.228587886146564
-0.12003863629387534,2.099571231417931
2.2991701280689663,-0.31011323945971
0.7125005526930718,-1.0085645313369047
-0.06332333294184081,1.4131010366282464
-0.08353664241746253,2.0971599366172433
1.7265254980102005,-0.17447334409376655
-5.363735791484153,0.241898411752676
0.8441222843080041,-1.249803072365831
-1.8440840760087691,-3.0079642933724067
0.2702735225564086,2.831767344341935
0.21267913988523687,-1.452791209895063
1.3281839111104206,-1.0411527686723168
-0.7733760330634888,-2.21087334256409
1.7383871818989918,-0.5924735321963739
0.9111035184684503,-0.6803329760368482
0.6938087862205503,-0.903868641355683
0.12594965494155813,2.1792672779550526
-4.722473709112392,-0.6512597035599691
-4.923623535193766,-0.39305133849524543
1.3141665901270219,-0.09693985542033053
0.8885930500745416,-1.0529672074476453
0.4288885911494917,1.6239056429229601
0.8828167144029083,-1.0400800865328759
1.321544102115909,-0.8716780153177471
1.1379193876266198,-0.7915983270127879
0.6883492735898558,-1.849125262668436
1.7253908585174529,0.15393804525632684
0.28641564190012864,-1.3299704636199399
-1.1029777915927574,-2.6201521679478916
0.5848140271182092,1.8265198587892615
1.4398009985252516,-0.4800375513615513
1.4247481223542593,-0.4930323601336946
0.20010981577047732,-1.6898989341891266
1.2311424899235226,1.0287583906632067
-0.127729223149042,0.8922155076394933
0.9572226673721578,-0.034298820578487786
-5.5622680409962815,0.03984891169094643
-0.5259171307057422,-2.262212591108409
1.0533774400028377,-0.337806057871463
-4.88367477929851,0.5262509080107448
0.048992712413089536,0.30639593659553294
0.24972328740438762,1.3830181340462755
0.5498518569430486,1.7190799805694483
0.2758191430294602,-1.0079011614400708
0.656403998552745,1.7004092855449697
0.3952423478468075,-0.8572762311024321
-4.213935025531684,0.31083372168791684
-0.3851133585820294,1.6339936772425656
0.8589223431453643,-0.10074902032619809
1.1433930952511928,0.25890220246528506
0.29515070867003446,0.6563529365457763
0.532092225978083,-0.8299664180054432
-0.03941092761072279,-1.0464183865071577
-0.6248339772145788,-2.3097481851557657
-1.353347293904036,-1.9877525130104872
0.5338032313774694,1.780394073207121
-0.5375605464823747,-2.170886641760033
1.1158683832974075,-0.9692797291027578
1.2518373425973766,-0.31036742162494807
0.6548201284266414,-1.5463570631312618
0.9046084254887823,-0.7755375331679544
2.0537005185834265,-0.9770271974693944
1.078051306266724,-1.0632680350076251
1.1959981548232785,-0.21139869543715425
-4.99492740164885,-0.28650066711900724
0.2607989632999778,1.5979572861275468
1.75153359396693,-0.4496973207946056
0.9459522340655042,-1.321168199593746
0.5919270964638043,1.6308621419505984
-0.1473276486493316,1.6319075839499744
0.8288031394585786,-0.10785119075348115
0.2744904537131205,2.0343705594722343
0.07752157142526712,1.2266613073189137
0.009171660553088356,0.5365646033361029
-4.82557691245702,-0.6340029907131433
1.054797607583989,-0.6888921707807442
1.3495766403529192,-0.6653257514191119
-0.2832585367629008,1.683724587529338
0.8870410932925832,1.0701503089605469
0.5672918329752287,0.1761224326002007
-0.16643603995487363,-2.17021448064091
0.18985647522926835,-1.769880985123721
1.0869243199202738,0.13264647278911418
1.2781315478795274,-0.9174376360237133
-0.06484634102173498,2.2950934674484236
0.15856670014696903,1.9663324499646362
1.1469403951494015,-1.3587127363208906
1.4514349207132164,-0.7768941382499593
0.8442327605290119,2.071597362538167
0.6115671800146995,1.1127936262268132
0.47752139817212885,2.204881442181629
0.2221740752857727,1.6307670937468701
1.273257591943225,-0.830700370475331
1.1028271223606279,-0.20664135132183756
-5.981808156934935,-0.25687500145865794
0.575469484985103,1.5728436218903048
0.7452389120893079,-1.338760975165877
0.9386775392451071,-1.2252539563123475
1.1105588910261068,-0.06693263380346907
-0.09864047584420325,-2.173474407113025
1.3857460158123476,0.3869512101538205
-0.451655684131017,-2.146497698980112
0.689919549566831,-0.6765807930024101
-5.336148260693979,-0.40450267070038426
0.7718839565073129,1.2777689150879177
1.2463976288821401,-0.2540924982026386
-0.350267541576806,-1.8260277260146476
0.4671806790849473,1.0558996772201008
0.16930675729465627,1.3286308712044193
0.6774909449488186,-1.9995878503708426
1.5845843218267193,0.18468452047711248
0.6313579063079868,-1.5246066790783168
-4.303564634249028,-0.3555007090611961
-1.159430198566125,1.4986171730970959
0.9248710087714035,-0.6682077812091579
-0.8556567381247551,-2.0792574999662907
-0.5142032403323525,-1.9060303911020973
0.1796241640807747,1.5212995983801654
-0.9317223814063714,-2.190828925242366
1.023070581255561,-0.39229006068037986
0.7305841409149872,-0.8628962852142273
0.25447587217727835,2.0503582565938356
-0.21528402009399758,-1.9107284326463112
-0.4740719402948445,-1.8997284434827852
-0.530073293154038,-1.9101840103030163
0.5963843723276461,-1.220067399393701
0.5890043703831567,0.6166088446376381
-0.34361288375829663,-2.328869203249413
-0.3408634241345902,-1.8094737071314138
-0.6514296810834359,-2.505964101672962
0.11080833567613031,1.3230941016243638
1.0195474116561962,-0.7794879418205681
1.382518708073112,0.5075338519407941
0.25134200025893066,2.2362837854825215
-4.715417075105913,-0.7606368422267198
1.010203708917553,-0.8170942873247454
0.8349756177342189,-0.580303081829004
0.7550063632505286,-0.9718159817465564
-0.2936513467520302,-1.5723170406298117
-0.6320260964871138,0.9561006330328248
1.0838207896699503,-0.011504872778597306
0.44275764257039624,2.319929607433814
-5.642374000655926,0.013330733214765064
0.6978352996476229,-1.3777407015503866
-4.668885229598965,-0.7169498298353072
-0.3262689571319306,-1.818144454348378
-4.964428237407053,0.35682449696944557
1.130306280220057,-0.21809420841110128
-0.059209491728833843,2.0237164353613295
-4.135126937092315,-0.1817010238142137
0.6119454740403985,-1.418956026495952
1.0946905137618266,0.08956815688726263
0.41906022062721454,1.6892998927424552
1.0713215641174887,-1.2709775971283668
-0.5743347519213756,-2.472880524669082
1.2970232131005455,-0.4131070676028101
0.7760071175785259,-1.2439598515134576
0.4432267466881213,-1.1308877289090085
-1.0961657911855078,-2.6478295663893956
0.07073941039548293,1.813668687942772
-0.287011709512785,-0.1420752247628677
1.3903216890950598,-0.04666344440611276
1.2454701706014593,-0.5842756213693908
-4.332720339292669,-0.3044593276187042
-0.2903494103025532,1.1681898014067857
1.4019513451666656,-0.0459023276709002
0.5569240931556187,-1.6668563855695215
0.9212448875157698,1.8085699163620848
0.6216563542892782,1.239723012240618
0.04235929807702058,-0.7709980323064247
-0.09630697577771438,2.3593409532527314
1.0749141857690674,-1.0089000009674953
1.598798428450027,-0.6206870856542522
1.4240057340011685,-0.3023468299875502
-0.27982339265510736,2.4520930715780436
0.7798890223463296,-1.0341099787399186
0.37878566467653135,2.2634428075531474
-1.4313526575091444,-2.3220922309424608
-3.9849722159693326,0.10084688133178225
0.5860993961431687,1.3093315151195777
0.7888857276113929,-1.3547078608994856
-1.1076954638533547,-2.3282881883095468
1.4553820598095137,-1.40084807550274
0.919562109696576,-0.07346446821420377
0.05108418383669093,1.8541170157057878
-6.063973402228246,-0.9489794275422518
1.2451507326490383,-0.8884500742622032
1.2408907620764205,0.6071023954517872
-3.8687374252974966,0.1781899795371146
0.4775635232845168,0.6502326867219341
-0.7688792598504278,-1.916627282984631
-5.538376420863629,-0.5712581709031762
0.22982375627677568,1.5937482125543658
0.4053142035015917,-0.8741783201028372
-4.934269812677266,-0.12126263578899919
1.6803316158412178,0.04439623052096347
-1.3571943565866926,-2.3288600547432226
0.23855677467180944,-1.5960195512973727
-0.20305354939325432,-2.0728568316767237
-4.633888575508545,-0.26993840413640735
0.01687490214817463,-1.8731461447212827
1.2728197557037488,0.3587748891992034
-0.3145357070864479,0.6575255455469826
-0.47601524044780735,-1.888196482842654
-4.502932739528608,-0.34889541425904896
1.02754769181462,0.46355698738511847
0.4282736806508091,-1.9860873913604928
-0.1527126948597081,-2.1647045126052262
1.487980307155521,-0.5955145999239145
-0.4188829633923035,0.04866202723202153
-4.236640614867536,0.1263385888727729
1.1047554366003636,-0.7688177994947683
1.0832007884480614,-0.4456116272382491
0.7697428143862535,-0.8286866905479481
1.3536513305602702,-0.7185655565192888
0.8011841341610402,-0.5445822606826441
0.874427693664165,1.7586515905269764
-0.6837396605628339,-2.3170808436555173
-0.7124853152036459,-2.3628956035931874
-0.5663410555723452,1.331554843939092
0.7897403535704118,0.3412224037392973
-4.131100504026303,0.6585855546021209
-0.136167029722626,2.3097428714623347
0.6892225226035817,-0.7475848672251127
0.9588631163596186,-0.8959617386149177
1.250945687646141,-1.5124281090968865
-4.919819511881816,-0.06205726613874103
-0.3741106361561637,2.509491177579741
0.9856036918392241,0.18111018718387126
-0.652465573888279,-1.7917012318565158
0.4820698226042369,-1.9141416138183283
0.7142387412724998,1.17634259684142
-0.4039641886972806,1.2403501402220924
-4.719781495354987,-0.06776009545701468
0.7738323278826326,-1.5369708250995393
0.45419240879935474,2.1090740674768185
0.8843657432696697,-0.9183199570504571
0.8650019865392935,-1.0613100977985093
-0.09936625514074786,-1.798468338403181
0.2354320336004131,0.907878304874763
-1.1821063027454541,-2.470853198016851
1.379297241858589,-0.5835665334567941
0.599979700749631,-0.09736048939582044
-0.0645458964008193,-0.07318226073328371
1.2419856995739296,0.6646696035455795
-0.08172159736140054,1.7392316364684925
0.14327616728584439,1.8532777361408106
0.6066455987647991,0.40762918788594965
1.0612701651757817,1.0989078087026485
1.3018870987880744,-1.3219737747042035
0.7402973330663883,1.796739669001485
1.2302874210649923,-0.3121807126901426
-0.426107023132056,-3.1399030265440375
0.09529152827116538,1.6258395891214856
0.20007659358534102,-2.3797567685890835
-0.2963711806888731,2.466849560604526
1.2771779547662498,0.9462277746890128
-0.646796423536665,-2.4025945492632133
0.8468642219875885,-1.0855030011584115
0.7087528184192833,1.9569319774786518
1.6330324213151621,-0.4112394892396709
0.5936071561318531,0.28028929694356086
-0.2527608656887999,1.1744457233696648
0.8498074618434628,1.4418547448836192
0.45328187677530846,1.714452553408952
0.9570212832661158,0.6465168024115374
1.3401682973684326,1.0817242609427948
0.7412928985037421,-1.1304315922096493
0.042921836270845476,-1.709538295243604
1.5975278133172817,0.8520942556733118
0.5565903752325659,-1.0280754611317109
0.0028298704963155867,1.7523028624745651
-1.1161904043590576,-2.7119117114137277
-0.36389671912870125,-1.7960211053220523
0.6167420113696827,1.286468807251366
0.28150678322193295,0.5643475387246663
1.3974551890396982,-0.5772777281241289
0.41400229020124624,2.246865989408786
1.086517184611765,1.073904099808913
0.0733970689700195,1.0268058467463244
1.3959225462039733,-0.9116102357367356
0.9682352205119512,-0.6785603962321313
0.8512576661140963,1.0161255153041424
0.34196830338153145,1.6727605014544493
0.586516899481366,2.6100312571125386
0.40236174217480214,-1.6623699687442997
1.183102339200329,-1.0552078424932498
0.6154570025163764,1.874403902799788
0.4731149902880372,0.6116080161925499
1.441107820501341,-0.36093253849267243
0.9079633334562803,-1.123901818515312
1.5265190385492822,-0.1460441866346726
0.8903168676696819,0.9158308659247341
0.7185498107793801,0.7097247601303245
1.4189315085972574,-0.24801811406036856
1.1127162838556937,-0.7683523809145667
0.7843284754585845,1.2956676254500872
0.12150912260428325,1.6243322912487421
0.36832851877415523,-2.0417430421709666
-0.0007447180069570634,2.7299639932820794
0.8855961107637403,-1.457786505686522
-0.24618898202728412,-2.3517611891472576
0.8816092713478904,1.7286075156583776
0.05022439533041484,3.3644836318814177
0.5649973815410425,-1.1761309711608194
1.3120880081993587,-0.598570489645136
0.7388508441770842,-1.1383801934458755
-5.068087437942446,-0.34317866046548917
0.8635932788603132,-1.1030818358219365
-4.159903770750113,-0.23110759829850147
1.1042408345561854,0.49078907522324394
0.8631313954503699,-1.0004110365835261
-1.4344086526198776,1.944199001200618
-0.1792680917098296,1.2455715308387383
1.0003584940412538,0.3443243027717519
-4.709430389431842,0.5304883067754859
0.4083976747807693,2.655720107031534
0.530579127361365,-1.3759713724051625
1.2739024578824123,0.17508720862105842
-0.48636240007065384,0.8372559201933856
0.7000503112442766,-1.3531815034798758
1.5666479566830562,0.019092478046414535
1.0726179797085362,-1.0543028315120055
0.7208647230516795,2.162964323891899
0.15350319356963538,1.0740902272382005
0.09559068667223027,2.325202806489612
-0.5542802424812783,-2.969501315617666
0.5496262314723619,-1.5527150262590503
0.9863099595664425,-1.1947961737508752
0.8458358393883436,1.5870693679382237
0.42417481526881473,2.717446898043235
0.6294740705559205,2.4113103444483
0.6053461070776244,0.6582551307865874
0.7873729260530484,-1.2991036562071685
-4.813354211315835,-0.2642796157693834
-1.3403164611887934,-2.6537994411881938
0.276598091725909,1.5772242856222225
-0.2926376779538999,1.8231225128486008
0.9112445601323909,-2.0457516465992187
-0.009044424398908303,-2.122364154563818
0.4869063283699669,1.2359810242798255
1.2308242736045645,-0.5551949909624266
-0.2078890226640143,-2.5504047239515724
0.4749526246262759,1.0683243060603256
-0.0027551195707902743,1.7900753945003383
0.9966402445658383,-1.5451245415883432
0.8520667051371106,0.41493077250019744
1.3340555328432762,-0.9372996791743067
1.3311011419597136,-0.6398433747395743
-0.5585119259631408,-2.271692821518798
0.8344235525053271,0.9103096273834044
1.2460599506813026,-1.1787595955091628
-0.3933219648982379,-1.9778618421020628
1.7201081693086369,0.04664784723400551
0.358302826513724,2.0235361881710587
-0.2924956707407289,-1.8091672076947352
-5.697000061394639,-0.1410360880820949
0.8380827536004021,0.7502809923615202
0.9187863483682926,0.0652756690393459
1.1785196996688225,-0.7353926901515216
-4.00582899071089,-0.3955801077777762
1.4981122166486318,-0.7512822606596057
0.828794972233544,1.1019453248377198
-0.30675359968041666,-2.2780092503029468
0.7519078026887279,-1.2003009250633723
1.2094301478611111,0.4782090254451136
1.2310805185535376,0.4232089970744826
0.814323720744087,2.189875040041797
0.4062805613138947,2.306150592927738
0.4900818127126403,0.16865633541578703
-0.325976235257838,2.0027593419003495
-0.3711123027739777,1.1355843932746572
1.5521738279331547,0.1674030531400651
0.2253186040734146,2.0062409494564983
0.551740130997893,-1.249368137238175
1.0213248313341359,-1.2342671570976238
-0.12935667804058565,2.595957916294447
0.7544421722960609,-0.9499870423879214
-4.1811073674139125,-0.23306445423541816
1.0868894123163788,-1.1251644293044387
1.4612792353279247,-0.13935357787442276
-4.48167625710207,-0.29579536387066097
1.0110933444268448,-0.7107762039086898
-0.3493893256102406,1.8168824493899935
1.039860178033797,-0.6463066639424311
0.794468524260039,-0.9500530844387174
1.402931379309853,-1.0200972336217582
1.2727474805794814,-0.6793876377593806
0.23346199229472506,-1.8253451064846637
0.22275956774437747,-2.3127068804549507
0.4485711004730517,1.6257962046245316
0.7471699720095486,-0.43025812105737116
1.0827176060131605,0.0030169925496893687
0.516342503506252,1.747058398663634
1.1348556807090604,-0.2817446390695656
1.5158980080313167,-0.30836608085147776
0.12596238914615104,1.663835748701704
0.6501221507889017,1.215645675874074
1.7328879014254268,-0.12033804053037177
1.125135022276773,1.088078261941631
-0.28074548899663754,2.123501781627738
1.5088932172196905,-0.5317010778313447
1.2314233400279875,-0.57276757580784
1.531191748312922,-0.6817392815702951
0.955678611776497,-0.8174728748245385
1.6847302475944785,0.1425934092906027
1.0288194973197213,1.165516478771147
0.7458848660756852,-0.9171722015268565
-0.43880427550045176,2.516955124266425
1.0987552408096612,-0.5597631319347061
0.6236738526090264,0.37499852656244703
0.5402046855095762,-2.088105027458651
1.6455776488550475,-0.6092233080481866
1.2882440592086701,-1.093980889584341
0.8874547244255722,0.5272617803128133
1.0878364908868712,0.08405631693726
0.6742425244636813,-1.1701753313288268
1.3037957300779779,-0.9001543684894877
0.9410012814708201,-1.2563043198268886
1.9263259587259358,-0.09372053362179775
2.0590383745848095,-0.60095234055256
0.0021196123255579776,-2.254964406966684
0.5133229314308546,2.2051303768482127
0.5804375206143574,1.272639408562021
-0.407234191994687,1.110448092220542
0.2332956872879286,1.442639767975114
0.6251505345599078,-1.5908281305694607
1.337922813793732,-0.6012556764047985
0.5863413031420921,1.1649217707829382
1.7217262192421785,-0.679314043380326
1.1239322427310834,-0.6705154613415657
-4.671331979144053,-0.07859603697490893
1.5389950601714502,-0.7173296680650181
0.763029811776617,-0.8737702347927528
0.954031038468483,0.24970876300960498
1.1750253217534623,-0.5228140865132747
-0.2783805088695243,1.2484825059453184
-4.4178106683477925,-0.2930079935486262
1.8780081529177648,-0.5123776304010194
0.2744198023063773,2.0318394147392427
0.003973496958560039,2.659578546703904
0.9612960804772002,1.3226277514916578
-0.12220234742863816,-1.7007066286740722
0.8953566759128025,1.0716470317506002
0.32223425704521524,0.7579464038046184
0.5395113173868147,0.14731276135880475
-1.6825226292976685,1.345250258809856
-5.700695507473995,-0.1978214925052827
0.45575385084815895,-1.6680430378398226
0.4840837893593718,0.9380291969929039
-0.7946544800315327,-2.071507784391918
1.139038457301373,-0.21790752577542527
-1.0031944603470535,-2.7216806445468325
-0.12241366168720871,-2.241957428688994
0.1891738279755577,0.48741418704429634
0.6205378489244139,2.084997280937981
0.5701627292184723,-1.7430058462793139
0.5655372444686114,2.254750303216264
0.5719123531280145,-1.1285849454313428
1.0129497016480102,-0.9228087164155788
1.2177826190065761,-0.705887278460589
0.6957397788681069,-0.49623160116029463
0.49886774022636965,1.5070646419824458
0.7144256554430823,-1.7423323788779943
-0.8770175939890853,2.096248746044837
0.190796373712317,-1.4640792111833036
0.24439031777005105,-1.7685156843002716
0.2912198304971485,1.0157126931551188
1.4045591000613291,-0.30381274217217125
-4.322109940903908,-0.6858114808363442
0.7003434739301175,-1.5941134905035241
1.6048280281927016,0.05819308939070004
0.6406189845606269,0.8204525476910068
1.223335909379732,-0.4954540562270919
1.3468619283622258,-0.921884635550673
1.04006644377131,0.016529310078377595
1.5387787380036706,-0.11555726514896243
1.075343116990042,1.4610059593641218
-0.3330384943560641,-1.5382088638406501
-0.4830768925313231,-2.8721601046566043
0.5076856917312297,-1.1461053059981476
0.0660655959133624,2.061729082517296
1.2012230052501436,-1.5470255285784593
-0.49838983798707454,1.233512554229448
1.5499377258563896,-0.5634643650974012
-3.9353353909354376,-0.0028266731589480015
0.4371672646310242,1.4320609692899566
0.4533462810292719,0.1940853940755436
0.8944041709610389,-1.160554457942038
0.9531396087256193,-1.6627076323730565
-5.925464034646947,-0.8009349197727045
1.3024031045257887,-0.6047004596484963
0.7913816460538291,0.36710243636736617
0.7018428370387861,1.1335510429071427
-0.05346054060239705,-1.7687673427308461
-0.43505059520709866,0.9049972443434298
-0.3665912292503266,1.6314624264729405
-4.259685156881441,-0.501492659428398
-5.164671278146951,-0.08793326375287114
0.04596387667329526,2.153051141135463
1.561160374069853,-0.6035419898332804
0.04463390716337973,2.9664603312259454
0.1789558239947443,1.1482629877941037
2.304574819178752,-1.0738794386054207
1.626413355011491,-0.7838890768322375
0.21337459096652475,2.026312150735626
-0.6750508452231492,0.7515179383586529
-4.730671622380849,-0.09216679997888054
0.8185470325157579,0.6768906112298164
1.3628588641201096,0.21483167225349015
1.1286199116506768,1.0252097889924903
0.3030037164606396,1.4903261110574724
-0.19186618928900337,2.291981095295282
0.9443333298246922,-0.7400960449015915
1.2902811113953252,-0.8163037172981302
0.5857924642534912,-1.5759184625550977
1.4092637633620007,-0.8320310595274146
-5.580213451581032,0.5600129764302717
0.20190538043510678,1.8039165124486802
1.278640941982731,-0.42531028944672444
1.2711805582909785,-0.1101715150071337
0.2417824519686178,1.5759244851051784
0.08918522671096178,1.0533078846816801
-0.1739281543229642,1.2327701337433723
0.5304859630953187,-1.4901556339220523
1.5797004382232342,0.3548082009175045
-0.7577803433898166,-2.7111623084147043
0.797576217083864,-0.4136321729950068
-5.581117726863903,-0.3030558553556741
0.7910284190509198,-0.7573232820516224
0.30073520113656493,1.9125981210527687
-4.749531627761269,-0.3759748176454296
0.9667202800669056,-0.870991759260782
0.046294103900778254,-1.6151854587197259
1.0487508866934683,0.42746708164713637
0.2083427987662125,-1.8595495643962239
1.037131980642779,0.646067573625203
-4.5833529055347055,-0.487648565710793
0.829446508401985,1.1627976298109683
0.2556705452686285,-1.3904531613786304
1.130926070352642,0.8954367753244348
1.2115688992999538,-1.0574723202300564
0.19986319627959312,2.10601163720215
1.5617990450117352,-0.47869246725892034
1.173809227226098,-1.0936457239442867
0.21118805557177067,1.496844767968838
-5.743280891647492,-0.2114797962043386
1.3362800136177557,0.8411354405358633
0.6569230462307645,-1.1399685949994178
0.7629959521267237,0.00017696498346602267
0.8852414787827766,-1.3981252707860106
1.5834999175375424,0.8757456439459022
0.48758239781016294,-1.6081186675464891
-4.1257469248445435,0.14359054009189764
0.8517378472489026,-1.1852792605337066
0.7293221272836622,1.4019365473772745
1.0115266361671456,1.3952049242532378
1.2981430505174798,-0.10820118085500681
0.508695981894766,0.21178126252702725
-5.378303753537468,-0.39137940039703695
-5.053526874251675,-0.14410166389842474
0.6794178569995144,-0.7286207426020038
0.9497725153592241,-0.4476172564261117
0.6525572280370728,1.205863978188513
-0.7959635897371216,-2.864735807796184
-0.0673061693893639,2.660843319761806
0.7256253991324915,0.3774721906886039
0.49400634900331303,1.534030697112607
0.8449633289676137,-0.349192395942531
-4.778615171878748,-0.15998029462416258
1.5217535552413,0.8849686622236517
-1.033361243692032,-1.550911940398396
0.1684619483377413,1.8705766796140604
-5.616159552785341,-0.33309788396883505
1.2373582198581297,-0.9882357929173026
0.387307917734319,1.0138621688722254
0.48022588632522967,1.9956975790463498
-4.145781305809464,0.01646794614523907
0.8272577243773792,-1.0732198879195904
0.833642017489746,-0.7161012650451065
0.29930582472529277,-1.6555123407291377
1.0899223713323647,-0.6990892628756323
0.3497797509936637,2.5591096296831126
-5.455171286797972,0.21117397316049033
1.3600316750292558,-0.29408616242826585
0.04577810423541425,-1.7444344891134742
-0.10436846368186137,2.0894509676956567
0.9308723645510053,1.6998851084616489
-0.09851786495664604,-2.074627896586849
-4.999157785206235,0.2965933383713862
1.1548342577197994,-0.8569279517632888
0.4258592205350135,0.8695517764071472
1.9723039852499378,-0.29470591978173283
1.6999406780562136,-0.0970193788975395
0.0035726173327299744,1.6925814557288694
0.6084460796673316,0.6083368608806029
1.1094998820066537,-0.5389085242934932
0.12228856961229223,-2.0575866197393653
0.7396609605325546,1.0151089479423934
0.9123579484451634,0.18559366919282688
-0.6702976510754035,-2.3182724226009146
1.0576648187524402,-0.1807641390759506
0.8119856697646445,-1.4816855909924211
0.3636033571763907,2.7925426910106856
-0.6156368169961612,1.0345967332028518
0.8203497889647585,0.11325325569192861
1.3073229598820615,-0.6595061221461912
0.5603496073856975,-0.8536629308571136
-5.0167974939913,-1.2032309647676878
1.1548840358938042,-0.9875787281926091
-5.206714599214339,-0.1159943632964624
1.3927027648167216,-0.311481189957121
0.5577314520981329,0.7543588142889082
1.9322617738280736,-0.4981978440008189
-4.698742369078072,0.325418003987538
-0.4532225978694388,-2.292937043610623
-0.24121334364581015,-1.7324359202996387
0.021931372957015218,-2.0873320011132193
-0.38281868151627146,-2.412643735940294
0.8447125621074097,-1.295054731543157
0.899102605846912,1.8691245802786212
1.2840276542098117,-0.10002841881330451
-0.19034795804967375,2.217138604338582
-0.03576923608906808,-1.5758348791515036
0.9645841574355548,-0.4127153510368235
0.9168197985555507,2.153767597840598
0.2620708338337268,-1.6469209068638164
-0.2126815037113822,1.9386982213326782
0.812534755092083,1.1658238046287217
0.9892815455826771,-0.4860287586112898
1.7699891105748007,0.17797532627319967
0.6901159260366925,-1.2519967888447086
0.3763557556724654,1.6002028155286654
0.4586714584593282,0.8603212935734733
-0.7887214854139959,-2.144727553194708
0.2989147943179761,1.2196790350504585
-4.473573211204299,-0.2879137359457815
-0.20832118703169858,2.177981819969028
1.1412263817284136,-1.1541379092227484
0.4983344336799441,1.2229260128049428
0.5890209962000595,1.6121272514620266
-0.7765640713235771,2.8704647661034715
1.3134317319540099,0.7439351976988052
1.2105645317557838,-1.188419842396127
1.1705129635283653,-0.8164008312199004
-0.3669216588578174,1.0614375372849039
1.5595625746897221,-0.8076930213100744
1.4237670199917165,-0.06158595248998202
-5.300545687841629,-0.40414670057190133
0.9011772642690126,1.1129263435821757
1.2426087447567618,0.1221472683313706
-4.59254505818119,0.05280590528063875
-0.48282804018735365,1.666558439890335
1.6979424042278524,-0.3808917111802338
-0.14983366420954813,-1.3554819748944087
1.297992573036132,0.5061919697146686
-6.005850077639239,-0.05596693444472869
0.7299748826442094,0.8773044453137017
0.5728009827562115,-1.285501347876922
0.4471612564625464,1.0994027283610561
1.250555089198646,-0.8279314356342116
-0.29961542295630234,2.206199144836882
1.2694545844763574,-0.9159880493157602
0.20673124159917713,-1.2931135503542126
0.5581285699189575,-0.7183622517299552
-5.399838699315693,-0.4377580293264583
0.4897559216000634,1.9047015108520509
0.5075002243472069,2.9372029451892145
0.24533533168985167,2.043488313280262
0.31651725708720313,0.4764291260753291
0.6953282329046448,-1.4774055544292
0.16754045827489064,2.0136771990713593
-0.37278325066162254,2.09936748117097
0.666955706341553,-0.5623905174773299
0.9227382129267543,0.31173750180775633
-4.498748638831095,-0.2167000941895946
-5.67536602440404,-0.2413188254003898
0.6732972583426274,-0.7416475327018087
1.3762647741083045,-0.6145268569124082
0.6379933526151093,-2.2416983399828085
0.15070184776662823,-1.7741490397002044
1.2779972067199006,-0.6471731498052127
1.2499018148385344,-0.22520667752211868
-0.7631168632580837,-1.880273183535783
-0.3015528822706051,2.2703345879848427
-4.875079657429243,-0.3611994448739109
-0.09270668578798254,-1.2584280039901834
-0.09614173516633386,-2.712070330541847
0.6704662918026925,0.6839337223663361
1.0003577604357536,-0.48992233109995803
0.5360292869396144,-0.056204845375073594
1.03877552690553,0.4024061240086468
-0.37882873150488255,1.0793921596427902
-0.03249893079031694,2.651610149522401
-0.7724783962649538,2.9379564134355483
0.48404573493189945,0.8252647791062094
0.4488281203216283,-1.37353231634671
0.5100098522676607,1.7163597860503639
0.6347152126170033,-0.7948879460546509
0.8749477906712695,1.3228970865023528
1.0379949365336965,0.4206022030819688
0.6031034345518419,-0.13826193905686157
-4.333829322109207,-0.2086337489634309
0.7288155536584024,-0.6457329161806405
0.9205988842213073,0.235636010661269
0.6100937943347395,-0.6376309538925327
1.0758777598976335,0.944877240354198
1.0143162728400557,-0.49573504862381806
-0.06553639346996915,-1.9145978383707298
-4.759019884089954,-0.16644251651854683
1.0604075533141295,-1.2368522043760124
-5.011328703060763,0.1821484840884964
1.316417672149593,-0.5519273744388037
-4.196186488884998,-0.6722668198406604
0.446218126566833,2.21466330578239
0.9145724974051425,0.18233863639314363
1.2975271024181405,-0.7745061804794608
-0.13850517434960935,1.7831398915442869
-4.95143825297545,-0.22555248975840053
0.791155245608406,-0.8672276524241659
0.5430285992313885,-1.0328839080990417
0.6315670640485788,-1.0218149870664568
1.0175311553682407,-0.03801490904179461
1.243562901016907,-0.6430647642052087
-4.568699298026262,0.03784281093300671
0.1510149077568171,-1.6376375921714514
0.5188126853362257,0.7310756005259264
-5.089171691273493,-0.21476706045968283
-1.48200042181299,-2.1182524799082505
0.9803164963252069,-1.037872058753255
1.0238448347083267,0.5972864255996639
1.1702479239680272,0.7448663174464761
0.8656015893818094,-0.77404889799841
0.5394879265305206,1.8741891007486773
-1.2789397787559729,-2.9216631827577153
-0.14213896232976847,-1.7668734854807029
1.1534689227073065,-0.9885306260004247
0.3293816812655899,-1.1251323720402555
-0.20120242995562765,-2.0320206511692445
0.012836661410232379,0.4438227441155536
1.124544270051073,-0.41724616931019376
-4.580900979341936,-0.5234111799792166
1.3307997317917792,0.06157717855203624
-4.043168052947475,-0.4614316093691494
0.255903798084508,-0.8807857366602398
-0.38100926308189464,2.765246393756788
0.7632131571973496,1.1867751623526184
0.05962684883474098,1.6683310161911065
0.9016070809843858,-0.5084765408613676
1.1649604355861043,-0.08907252552715342
0.3000684365328258,-0.38844654661875117
0.8638236103648882,-0.6527471243995244
-0.3082810456802274,-1.6709586692408618
0.9835725347224091,-1.1066275724609718
0.03805958830534636,-1.5885167469811075
-5.070955093017835,-0.5040062952841061
1.385962315210474,0.3203160769607596
-3.0796130954785563,-0.0030535906545516496
1.0071634034329453,-0.7029931121507479
0.8935364553506122,1.336686866003683
0.9611429360827213,-0.7434950365798145
0.8002065439886943,0.6131177887736643
0.32763599234320984,-1.6621105232480011
0.14667295408289713,-1.7480262671871294
1.2963625807151216,-0.38513677405110475
0.33649496924203665,0.8284773684675881
0.9819086832154766,0.883553895108993
0.15878780062379444,-1.9286282935518049
-4.985361038539941,-0.3794368210588185
1.6011101856815317,-0.9612333289958475
0.6953922163758208,-0.5915402954258137
0.7595822594254287,1.1105772435159635
0.45654520187716185,1.9619021932872116
1.4793962845662485,0.2234510140478111
1.5172476106987656,-0.7820554304657155
1.1188136058033598,-0.40660805275392475
-0.4946860667950689,1.8728233730000665
0.3131938534791259,-1.0049593645556592
1.5773005576292762,-0.30034011041641073
1.2120986173983381,-0.20775971627378165
0.36702384549664113,2.2685606397079576
1.1388301461873669,-0.23824256166649901
0.24177957940277178,1.277458327986219
1.8278276475200184,-0.8036356415567096
0.7231601372832934,-1.1633162730920452
0.0730759659906543,-1.4462133401504627
-3.1693715734071604,-0.06761251378244154
-0.5840701774964463,-2.153690348812131
-0.34306941961877624,2.5329659508575326
1.39444018033564,-1.108695216426836
1.034784148171362,-0.5064461232898458
0.12613492503008333,1.915582465277329
0.7211779999333107,-1.1332739901895752
0.9795408567255555,-0.07039026063035297
0.8021820299120846,-0.5173836696043568
0.6835295058697858,-1.2165701511232725
0.025011153792759585,1.5173463880106286
-4.662123033761812,-1.012082606674651
0.06300875958942485,2.4404041067758846
1.0070490294253909,-1.0420897499183652
0.37067038192167634,1.0375182057717671
0.9593104469950614,-0.6709226575569939
0.7962842584635529,-1.347833653997325
-0.054062387197327255,1.8855237362569697
1.379973642857117,0.03673567428160118
1.5669519489796013,-0.1830600560957712
0.6717241948979282,1.3498151736184947
1.5828044527798857,-0.04685739815755182
-0.16218596598016669,3.1885930114698846
0.31034084997349826,1.2680285663900315
0.07495810099193999,2.049856196348351
-1.1983515902742286,-2.7112398843531462
-0.5683913611107607,0.5117449594853356
-4.915922747595788,0.2793892158255327
0.8066988933239182,-0.8165242161366931
1.1538699191613795,-0.25850664329349504
0.092959382258321,2.1639474827478793
0.9183978618574253,0.6804362058324237
1.3974494534952104,1.209704666603335
-0.04883330367930378,1.9533141536241432
0.22037229667566605,-1.0335558912033869
1.1987151717216495,-0.5335988868127105
0.16522142374990229,1.6163105162403957
-4.782014925759181,-0.25842269771373816
0.023272763364879597,-0.32012089165522695
0.48802893281091986,1.5107208237233674
-0.060821813021602424,-2.3959287061728785
-3.925040891353598,-0.14784670758297255
0.7941963732835106,0.8830219470722461
-0.8332215916600363,1.531377707190995
-0.16652131585660948,-1.961184671859462
0.7903493713954631,0.6846353727674548
-4.708426888167977,-0.5478542103673093
-0.3890758348119075,3.2736223657678805
1.1892418633119226,-0.4392417994833474
0.1677153565829976,1.3066712906459865
-0.5447530130814063,-1.9426879438285867
-0.814553176165108,-2.639700384266154
-1.3591208993019042,-2.432529261142354
1.426986690326258,0.4175864598932324
-5.231431168630734,0.6903564480293037
0.2044848716842367,0.7221362181931394
0.9591027964749687,-0.8312344557808663
0.5505843117232956,1.1648680856193399
-0.8935000038728561,-2.060930038891384
1.0337643703242227,0.5960015114554482
1.1851470410222575,-0.21087884768181725
-4.430349834203655,0.05040871753950904
1.215782450371232,0.7020374644872516
0.7610038959996066,-0.32880582471068537
1.1603946807400833,-0.600404390940556
0.9028800223421575,1.0958827075528284
-0.5666840600187596,-1.6473009050418932
-1.2552455622450978,-2.601620051118731
-0.7802581898963432,2.31232794596241
0.5833662931084734,-1.3273368716989873
0.5053304570253301,-1.2466491867299012
0.4613692644766613,1.135174496923638
0.011760149479905058,2.911024540372879
0.7344478136219467,0.1063399845891611
1.0843502111938024,-0.4817665063422202
-0.3039416162834663,1.0059880924587001
-0.11578410720630916,-1.970012146090934
-4.420717166285096,-0.23663803108573872
-0.46759296943668277,-1.8821925377431594
0.23332999924710382,-1.3110577146786362
-0.43142350369933236,-1.6066306343764785
0.3088000888645562,0.8981132116929081
0.8192901534292859,-0.41944021382764
0.33327219658586915,1.5158939596813754
1.3121991748699868,0.0722641558380489
-4.206420044191094,-0.16049722971151417
0.4484124096736337,-1.4631354372697984
-0.19054956390359978,2.3162291357612843
0.946011693238565,-0.8478509107501194
0.45535990401043,1.791581521373699
1.4888982028914755,0.015086901108694371
0.11381759052677101,-1.4704339048129111
0.8457690936230864,0.16611577785775036
-0.5536025539143319,-1.8159742468261046
-1.4286856672728172,-2.5122659062908514
0.354628122662092,1.8042683492136338
-4.563801976254912,0.35322210658683323
1.2605637911972754,-0.27386012552568056
-0.32516807588341157,-1.8847083791451562
-0.6961332390593805,2.119818194122886
0.6331384448094541,-1.0479433760980377
0.6095022575613926,1.3556582285644583
-4.047116336212043,0.20966151898489271
1.1890313931251975,0.15763111951537429
-0.8398009883003142,1.1790508620592126
0.8958071773906184,-0.9160603188094504
1.0790876522048745,-0.7335206477379954
1.0198506035052968,-1.4510698362601693
-0.14430885064403584,1.26696057117615
1.1888250953044963,-0.591555651925446
1.1482475466343545,-0.5424800679984858
-0.1221021335160284,2.5952013515811507
-4.133002219760469,0.08474349450148169
0.9366514891684663,-0.29344573932879886
0.9533349787311292,0.116508126532093
0.7093227166260204,-0.6748001604765168
-0.05989513798113739,-1.2311395752024463
-0.48469562319353104,-1.9593815262076026
-0.12409250469695261,-1.7995745172191113
-0.030799735882906087,1.2023780962677935
-0.9356728657945157,-2.0767686720933787
1.251223203070198,-0.1789288287051809
1.4289520646748666,-0.741889630107534
-1.1405027760402981,-2.134482831448881
-0.6699157949260744,-1.4951771597632237
-0.5348433653971886,1.6765179008411037
-0.052495480227080664,-2.05614458245918
0.9932855287989335,-0.5635271294417361
1.2831577428409795,-0.5190279376804704
0.49357716934110113,0.9217910112524059
0.8603013178747876,-1.2979213910382688
0.39319926217928325,-1.7168065833155892
-5.042087113402091,0.4230445624307468
0.13669268131165258,2.153009713802151
1.001760980804893,-1.0925794630776802
-0.029643268045516934,2.6878234456386143
0.45311860740127197,0.9215033300391642
0.5338910922552215,-1.6888184845786176
-0.33717060776607016,2.000312274790672
-0.09283722179999346,-1.8254833910142683
-0.33848501439697876,-1.7384449221090577
0.20847296061385304,-1.284135198717861
-5.777210079322055,0.29604433019873794
1.3793566920944802,-0.09926711705710918
-1.2340987878431309,-2.4437851953917042
-4.774148491453112,-0.16153990059481138
-4.3441826249601805,-0.5824543688046361
-0.4720094931106757,1.4305843357713897
-0.1624215879331733,1.7512532106149539
-0.40987573154906765,1.464059077819445
1.4395752802153514,-0.7050104883814664
0.10762914305331499,2.066172586675169
0.7050399370533083,0.5673735607837223
-1.058901150227519,-1.932266332560974
0.5069812204909082,1.3519486274523893
0.014805354278663354,2.251113995148818
1.0131234808370895,0.07966819212292502
-0.5154674956217123,0.7631578401119505
-6.014625620728555,-0.021775914151812247
1.0926409741378842,0.15220456614276437
1.034528188364078,-1.6955398022937755
-4.843741408945974,-0.09332100645481643
0.8830171767244763,1.4207248527309913
0.2243434277845629,-0.9950029567868827
-0.39092853458499993,1.234487063999927
-5.307687302092421,0.11363867713168835
-0.004843138421839449,2.585960379635322
-5.348859915367403,-0.17222838676991944
-4.970004916276672,0.3251033227612013
-1.1586269441339567,-2.715031662376632
-0.7941572926937843,3.1603237914426483
0.7714459040162245,-0.20220772946845547
-0.017904894796543464,1.6648629156299863
-4.911324277560717,-0.14913155020324578
0.3275738004168789,-1.4304392265942432
-0.24498065332943034,-1.8045894941773144
-0.11112976623038169,1.9135299767798337
0.40483120280234464,-1.4303008706877667
0.05059145330787294,1.4579951732351608
1.2269357276196713,-0.4648621679869435
-0.2044070672790141,-1.255034742817512
0.5025859058743661,1.1563041112066943
-0.08769595760339409,0.4815418488470654
-0.4319107080277881,-2.074687586468425
-0.5397732706549198,2.134841145652024
-0.4072120977432926,-0.5578291496998187
-0.7155988027810497,-2.0892763156360576
1.6812310715772674,0.20782394655131717
0.4864082505701986,-1.3461691026948808
1.2925720674716872,0.6573573366753312
1.591009374623685,-0.9352279656707843
-5.494171017181453,-0.030614260256991842
1.277210503549699,-0.003501204528155302
1.078533180670297,-1.565598525572586
0.9049875307533259,0.028560401904190184
-0.10766189600507083,1.8667421073998858
-0.23925190935818852,1.32014404923355
-0.04046709036193177,-1.8744647945874078
-0.9488875193682939,1.543975334169107
0.7810848911485773,1.214909467839919
1.1048646801641295,0.3089599434111766
1.3537176331779088,0.7319755220454249
1.293944691591347,-0.4163242803420347
0.9796926150955956,-1.2805440951868075
-4.881876705525915,-0.8540735073793219
-4.967851786555745,-0.6058568983455616
-4.454833106960623,-0.2231568186197686
0.025601417512442496,-1.6872034348700407
-0.2044291379886545,-1.6308355956649792
0.4136125904430503,-0.22362302222143773
0.16678445297420028,1.578169885208581
0.49175008754959254,2.0368903133494225
1.0420668799630144,-0.5260472844090524
1.205728420236141,-0.5762872711214498
1.0865466523355853,-0.8021053430095835
-0.899344639174113,-1.6519399152321217
-0.542420115403675,2.273892174680924
-0.7389595062589128,-1.8808387324489202
0.35536657765182067,1.4477440096040801
-0.24458396156277892,-1.2177174374939461
0.5860515844398834,1.4941144254911967
1.0463334493606438,0.7577285178996064
0.251388266100134,2.164869640240451
-4.718716911415659,0.8073880947591748
0.5668680516582347,0.5249878078616861
-0.5341100551796878,1.665414448243176
0.09168395268640757,-1.0553683798265103
0.09328994700865614,-2.7043197209998566
0.22497541904671697,-2.1397241275370082
1.4717607507482993,-0.13539865778498505
-4.480481441550181,0.008118051216996176
0.7456237740530026,0.3504376934772191
0.7358239810367396,0.8872823446066889
0.4687141034698708,-1.8454932161093847
0.953493438474725,-0.9015399934422279
-4.802021067661232,-0.9167168312697369
0.28277227879768124,1.3136159858468075
-5.3484522487705,-0.2705704851423807
0.24491211227411702,1.1555708511723888
0.5709613582704358,-1.4026822244347528
1.2581476803425504,-0.10210650692763103
0.9543187952180991,-0.9263141569873253
1.4886883581190995,-0.3017188887898527
0.2988552075707395,-0.007261835061531487
0.9085849149912549,1.312815760377442
1.1201344805240965,0.3731208449084166
-0.03374698422961022,2.584003318305786
1.5627746174157728,0.40310096874649926
1.4910515598982443,-0.39519270778305277
1.3714865422988654,-0.3763266283786922
1.0081745549095962,-0.2146104037516512
0.9806921713061503,0.4390422839377933
0.37096737760452236,1.7160851950796099
0.03262657845428636,-1.7124754964449393
0.7001727814994774,0.2639183878891309
1.2891799641505262,-0.6237735852143397
0.6384866075025128,-0.7043936064984049
0.45282094229872194,1.1058982163825692
0.8725657025723527,1.0890067199086726
0.7286936116927013,1.172911211395332
-5.5621483233971585,-0.3382640974623675
1.496240417117721,-0.6572449779514358
-4.87281042006675,-0.3990777206394682
-4.2562645545128275,-0.16866792725523647
0.5220992897851667,1.4745079276734905
-5.372615523799191,-0.0622200525814967
-1.601744215260202,0.8677973051024533
0.08047155374145881,2.3012339112856677
0.9844765866075409,0.18366142374022815
0.821355955597472,-0.9086137118130899
1.5201877903396732,-0.6087273162398426
0.716952683727712,-1.0394168916455928
-4.977418094351295,0.31951824769700343
0.5777891711895462,1.582155976497192
-0.34671365782734886,2.101399302330248
0.414801537448295,-0.9992510343019155
1.0299120880235701,-1.3231046970511628
1.1955305704168842,-0.0904004938185894
0.10709193375269978,-1.7018362933694888
1.3097105780103855,0.44368028245841745
0.42336216635818535,1.2680529743120752
0.3127063790692215,0.7709699661265736
0.9692809108923495,-0.15442492262989796
-0.5436429647770693,-2.321596955509831
-0.03407948405839703,2.9184771267120944
0.16793160673416274,1.6308927078644004
0.9452303769200497,-0.7706639324468836
-0.5405445697189739,-2.3645342078253218
1.0122233878379516,-0.42792682693851
1.1519059773004374,-0.07806914057778465
-0.5208419040579519,1.6342286523352993
0.8180912911729462,-0.6878727756051107
0.5734515907639314,1.5685561497256986
0.6730170149937138,-1.112883631693255
0.8145053548621078,-1.1532164485445942
0.33978084871915504,0.7236481314780425
0.014532676169059492,-1.2522263785929135
1.333054807553505,-1.148696826434508
0.818379252881769,1.3551059367992098
0.08870270495647108,0.7202706726363218
1.385923363351993,0.6755639176145471
-0.17105066733045307,-0.1677206465809818
-0.3958080217528456,2.313190055246429
-1.4891755045415074,-3.118155417703778
0.7019922432494993,-1.6721365433137396
0.5312852827452689,1.2627812745032017
1.1397214917993332,-0.15769070164641444
0.9214783300581041,-0.20660523184336652
0.6781814963389468,-1.0973034260885044
1.0886918811809154,-1.1807561345900763
1.3566808393497425,-0.3989594797096452
-1.7508963319318285,-2.645318958243847
0.6754514748065202,0.22615812777318237
0.06587556450669585,2.4814753606040565
1.3036448171627588,-0.4760808381586875
0.30393780070403426,-1.8678266580662504
1.3342539949552206,-0.010499664392929318
1.139884583229984,-1.241282351592889
1.7232586756734285,-0.2416093940421734
0.952674676380793,-0.7502992857013444
0.126226916824412,2.839281861957522
1.0482045295181632,-1.3677858632973545
0.039673896875963933,-2.070046460262791
1.1435583114634902,-0.7081859144611239
0.8531791488224623,1.7815984925343256
0.7384465212571873,-1.296449745590753
1.0838742827460026,-0.5751033432617891
0.002788450302024191,-1.389952919318048
-1.4093481516311837,-2.08969770350492
1.639855870556566,-0.22761061991740522
1.1733586279112773,-0.46229986974103343
0.08046519422631983,2.2521365138171405
0.8176647450701605,-0.026720656078573463
1.1969850449466748,-0.25855133829201665
1.452231599251138,-0.4248611568300293
-5.638831991684031,-0.19917067340239047
-0.6295422139975915,-2.0385919774696974
0.2080355167188726,2.619815725831449
0.057171868463178704,2.45279673861352
-0.017208017328012814,2.9930416295657345
-0.5313235193066476,2.053209135757326
0.8848972551686828,-0.994969826719742
-0.824718270079976,1.7806560535379417
0.7685058158278566,-0.996214213690983
0.49693993374362927,-1.2043543380655464
0.768037067407176,-1.1798581832183872
0.9300051384073421,-0.8110093266000978
1.1586354420537788,-0.23489766154299566
0.5396240387744888,-0.7020701408527615
0.1415082690333195,1.4450878765958608
0.8747165491962687,-1.6942030163332884
0.4154523213601138,-0.8773961335249815
0.9393092762895939,-0.5889748161900339
-0.16268023435131862,-1.4679753994411298
0.351947117315979,1.5063177860420802
-0.604158077201538,0.8441373249002311
1.0609031897500525,0.19040974371849892
-0.985351232485229,1.3723815328901652
-0.518893314276969,1.8261748633159165
-4.496661778771594,-0.1241121091542156
1.2587706693563183,-0.589476972354015
0.16603000365333054,2.7217823056242327
0.5991975475251788,-1.0014399530413223
0.1926253902134686,1.6315892796707778
1.5801837270752546,-0.07652556697259476
0.948386758859184,-0.7068571552856437
0.44822417502266015,-1.655357558440184
0.6809384052410397,-0.2047155579232872
-0.3320327396599681,2.072359662967478
-0.03892529613960155,0.8125546831840516
1.2608657907623444,-0.7026809122546558
0.7961426214533616,-1.066113523861505
0.6663099595342729,-0.5048170865842201
0.2879333837133023,-1.82836899411849
0.903271076146661,-0.12194149402509148
0.026407004629867056,2.520328772866081
1.4736971172333981,-0.8000689255622295
0.36488025994827283,-1.3587252278035664
0.8491438991465592,-0.9835799084493266
0.1585360249869168,0.489149608248413
0.1411702066328686,1.018423033169656
-0.9608284097069659,0.29386587412741394
0.008756362087347026,2.1201026980423183
0.9324842239064713,-0.22199950268317029
0.9292583303901798,-1.3381142852113401
0.42194184664899714,-1.1205751856678086
1.2611066332651724,-0.2478204048008516
0.10006975418018364,2.217035935055771
1.5606466544602795,0.04890610751879657
1.0522332468131586,1.4354288280948877
0.7232494880334812,-1.0031949057278142
-4.592737978889422,0.11464397087797869
-0.036914951118879255,1.8121953646535107
0.9833838134693448,-1.1563370154744548
1.1137669689692218,-0.817571575859453
-0.1143454844120667,2.8644539076950686
1.0884762924447122,0.5443397174399217
0.09449501977207074,1.367598769993687
0.4911215376152316,1.4164055460245286
-0.08043913269931181,-2.0177895854882846
1.133151488875767,1.8330426615466444
-5.805256358045577,0.03021607297397533
-5.371495715384521,-0.38040472500240824
0.29795231824597673,-1.2272852398931586
-0.8950482315218986,-2.1437584900874502
-5.5047451380101355,0.015452692263690471
1.062851720406313,0.2142948831317724
0.9558124287764842,0.35668850805725355
0.942460722238312,0.5473040342732161
-1.3923942759167391,-2.3996409035517114
0.9231142860944593,-0.3587527283261095
0.7250239537692391,-0.6863546656151238
0.7369866630216259,-0.3746049856249772
-0.4665916262900798,0.883343972701842
0.8420973513758903,-1.0126649181072531
-4.294020899190918,0.1429201788885393
0.46190461916661263,1.0108998044256843
-0.39474712128988365,-2.0445444422256087
1.3481823345362156,0.1518573218502141
0.18410644813158603,-1.7733359602202645
0.49502401609185076,1.6282838528377088
-0.41065435981440485,-2.13672206534227
-0.3145647986176593,3.07872949901271
-0.6706522688154889,-1.4222696595016708
1.0470466658604456,-0.827786917047597
-0.8382095159321399,-2.4273191046805502
0.11680502549657439,2.2052326147961616
0.8861715381221947,0.9727136284550568
1.084407992094482,1.4085339604109348
0.5625612300184403,1.6716368520549998
0.5830671011540388,1.4064741844916127
-0.45329935441713154,-2.3989057074316604
-0.12722500100756387,1.879725734088781
-0.7776784109146593,-2.0950556062198795
-0.3200976010068349,2.1086768462706713
0.5852380912525782,-0.6845982525988906
0.8844805753275866,-0.5883855101126727
0.9412215654709386,-1.1182178188661063
0.73932004796356,-0.879538774876198
1.0682879611885419,-1.4692914750359554
-4.732341187651861,0.18853865632312203
1.1956050142688563,-0.5273370129578737
-4.6401750649728815,-0.2539565389519055
-4.75690407911347,-0.2779320280677271
-3.9708646403252765,0.3342709484031017
-0.17114779196334812,1.5975385366233097
1.0137429286119186,1.0752349557150362
0.013773461945319336,-1.3877318108258623
1.5821523119289411,-0.2699687477496159
0.15535861422855896,-1.4317889911829969
0.5505980649034719,-0.6510149478817964
-0.7069954719223797,-2.4717233590510674
0.0546214072443194,-2.125028221576533
0.09528354779749279,-1.4318229695322067
-0.5032595196145987,-1.9462577477536076
0.14807981900206627,1.120614482393011
-0.15043240276199848,2.494458701586251
0.9654186480062275,-1.175580241741328
-5.757802295256172,-1.005778967092297
1.065692783425749,-0.7099548196830884
0.5806523179506754,1.6809509062547332
0.04852297131344085,2.4309110713311504
-0.10904261741144682,3.118087829098212
-4.225011425192802,-0.1374383214233549
0.047140171818597344,2.7947271762029016
-0.3489470723527263,1.4921114569341685
-0.5664076693677744,-1.9287025309643875
0.6641951492499064,1.5990632232340911
0.20273370185182868,1.424256961511132
1.3925318249147447,-0.7905794438766446
-0.5711417842427219,-1.9708691790166637
1.563302978151163,-0.6181805206403322
0.024525926938179492,2.791916073491468
0.19471157510879677,2.1186925191536865
1.1212518677051648,-0.5716586267124515
0.458407412318179,1.8934997747856295
0.9896869580016574,-0.8982816998684034
0.2840369302622295,1.0099655535517738
0.44732536915880006,1.7857920800306497
-0.042168178265435695,-1.858135558285044
0.7296818382693058,-1.0140532075102164
0.03190445481032904,-1.3118888710958223
0.28514959960309777,-1.4710713271692275
-0.41173447658283807,1.0565668486102548
0.7813742048971495,0.7263307765790735
-1.0775996291819747,-2.420797285425386
-0.7359820159396423,0.9436374710859899
0.1584455532474667,-1.7608827496577388
1.2211776659786284,-0.30976092093162116
-0.6313743217464051,-1.1233038900415133
1.7257611567510118,-0.3654919932615053
-0.8907842693990822,-1.7252807443272316
-0.5324387754067721,-2.4225970895752407
0.7788148010393104,0.9363626875154325
-0.20693170123742577,2.572922018930327
-0.446903451277292,-1.9126514917676702
-0.6809834423374778,1.6603631398678096
-0.1503510957846517,-1.5441352127672638
0.30674668909742825,-0.7772145776658778
-1.0587652136977703,-2.201148878321476
-3.7433759184626285,0.09101326373393262
0.5304409074949368,0.6006766706385245
0.7340155389778172,-1.263562747865179
-0.9881807800402975,0.7957499798079779
-5.532993090732312,-0.02618559219096993
-0.30335085782949706,1.3253562313800322
0.6927808253097867,-1.4706761228095555
0.8855402109667734,-0.8249342113766148
0.9771272467629016,-0.7459717001197139
0.4631059704825244,-1.223266228344692
1.3699153474739771,-1.1264160132058993
1.44077548958443,-0.07695800194767165
-0.23279953083037935,2.3530244574619656
0.9362492291618363,-2.130181985957654
-0.8781053204569764,-2.2813232878942946
-4.509127707786225,-0.46343364984008467
0.6319012114739675,-1.1931107508332919
1.7103027124608245,-0.29804246445688987
0.8094628403958718,0.4670452598594897
1.5050334632220226,-0.33126072568178483
0.9134455199185247,0.7394194350344366
1.1298006191522867,-0.6967699827346002
0.015168915760398935,2.9620662251776375
0.6264070966843162,-0.8849259325635697
-4.37459404568721,-0.24993010330977578
0.4835266691939104,1.7457166832459852
-0.6499155240711275,2.2020852153480446
0.7531762462645797,0.9991157323793723
0.5193047593033399,0.7064499428051172
1.2788549581600646,-0.5052053622085106
0.5058713854886961,2.2415321660407406
0.7913099741754462,-1.1508874386237526
0.4834309926311663,-1.3503640381592101
-0.3471714151693717,1.5820284715896795
-0.07544122332995849,1.285639647481889
0.8193913309862639,-1.0410567232546977
-0.781872319534903,-0.13484953414865464
0.6795904279516802,0.3851017802132267
0.599663975290428,-0.9137831920562978
1.285646086035443,-1.3205899014449267
0.5705246683666981,1.1317380300819961
-0.2968874759286373,1.0161578943910274
0.08952339649442567,2.312811044210361
-0.4759466664898935,-1.8054115359999856
0.33316658631055707,0.9902513354351782
0.6246846866797947,-1.153342569211988
1.0885795027482246,-1.2693054613602888
0.24477507651590805,1.285107154881415
-0.1107687594664049,1.9498534608851192
-0.16200549037614598,-1.6281788816554885
0.7022541193332908,0.5146295979530173
0.4564653641750706,1.5580219229699812
0.39473398564072903,-1.7662215752109134
1.3740445745535095,-0.6754617426301868
1.5043914002664887,-0.6392572938750629
1.1465443404250644,-0.07486402099351835
0.6028224481762401,-1.202989479004977
0.28300645950431447,-1.3077566552308406
-0.10323394845139029,-2.0417576099357886
1.0632274390754397,-1.1126069473015872
0.5309625835625918,-1.3305022726961138
-4.866016652573201,-0.456172948421267
0.11102094736095688,1.2667441562712443
-0.3087495510427628,1.778660575380761
1.2974309259088401,-0.16414172252458703
-4.776793085452164,-0.04903399654698725
0.0765063594124759,-1.2620918168291149
0.2066012749951885,2.18212598077158
0.8041328611577337,0.016071312245941174
-1.5989921852181397,-3.0125786542216235
0.7639342860803618,0.8888248245359218
0.9339850253574438,0.24139102882915242
0.8751721192824247,-0.8628279948567936
0.057709988073879684,-1.582357719105365
-0.45526850696600146,-2.1321106780620607
0.6062327243251122,-0.025329644337987144
0.7695866611564115,-1.1495348517152952
1.238997830598475,-0.471868062917311
0.47056046284886077,-1.2038695189183544
1.257239322583184,0.22153350114669593
0.33982852672546077,2.362662354639949
1.3135951985295806,-0.17036951268892786
-2.0942780559092786,-2.597170652244251
1.1052044685990468,-0.3239709814234967
-4.456930447316835,0.1816131557259286
-4.645541318906594,0.3130978727410287
1.5658382180650874,-0.8455802458501313
0.7396660853645558,1.8887804966426307
1.2340420772342289,-0.9252014339563955
0.9188418472937823,-0.8318970483690477
-0.012859836235740605,-1.7178840240905806
1.0846399307770833,0.1948546393000483
0.7163623236901604,-0.7910604826993652
0.2913328530537782,1.6117432328662478
0.2668716960087664,0.41443432323774915
0.24354726641614224,-2.098735422607227
-0.20715528416749093,-1.5951239734807314
0.6259803328036928,1.441255164681878
0.8964983656521349,-0.42185832180007643
-4.115310054949882,-0.5476503324688501
1.5926291192528617,0.3814463497805285
0.22371504306650955,2.7605558079397556
1.150840509142066,-0.3088561724878963
-0.18929925231875389,2.3112696036780016
0.8447674590455769,0.7451432866211519
0.1866973625368686,-1.4395983118872546
1.2620767895950116,-0.37843862011327506
-4.510532448850431,-0.1512983328099307
1.0352544895891658,-0.8597167343642117
-0.15939289371254356,-1.3839963742994608
1.3487952115332014,-0.03958579910247795
0.9028308696011668,-1.4524116338829693
0.672379535433943,-0.5520776692718227
0.7187402157230849,-0.7221320618447327
0.8038251994079515,-0.9793662928719253
1.2534909137965093,1.0220196607200558
-0.13162277877774378,1.4361820880527225
-0.592208756965775,-2.227448399301519
0.6325405695346399,1.2717083070685913
0.04152819074979132,-1.6799107643474562
0.5702852615944376,2.159903125139454
0.5655574980194172,-1.1114714009537763
0.3506384328164298,2.406333715787135
0.9154923169740203,0.12427991112208164
-0.2348146280830875,1.3940518299443183
1.1626817431831087,-0.735871531295815
-0.2706874375293142,-2.287163292491801
0.3899716320835285,-1.8319924259929077
1.6692877964138617,0.5968390825404658
-0.27979837341554814,-1.5881490122415636
-0.3401947472909184,1.1056127145759962
0.6100291055089856,-0.710582204771371
0.3814764153209326,-1.0809851341185226
-0.33920920975469837,1.5463417847866587
0.2961177749557305,1.3638916440696576
-4.527668007008647,-1.0704835928566916
0.025838048252191628,-1.5939582127551055
0.6705066324105632,-0.4946997806047042
0.7100956492509559,1.095901148189841
0.629368860973917,-1.1245774068872405
-0.8301309715120496,-1.9984839245720345
-0.5131106065280008,-1.8589711493865746
-4.269465206619229,-0.1923300447920379
0.46732466684993684,1.488453416800246
1.1378658368287162,-0.6408278901140546
-4.187826449726131,-0.48808098906028036
0.11730302775921471,1.2180088160188305
1.301909065849864,-0.3802980758375377
0.5579265794557628,-1.237154163508592
-5.62662021890717,0.15349077352135243
1.1964149410009357,-0.6012634538276
0.8172840069902565,0.3688436653833469
0.738613566384583,-0.6792224032358921
-0.13149878525171746,-1.457648571909038
0.21729482652816112,-1.1686891643312927
-0.1517641008990291,-1.9919117750477173
0.7203941541199075,-1.4337368790665321
-4.667059139121587,-0.2569944676465906
1.3027150444557698,0.08136502309175776
0.5273811300662252,0.6839358093505877
-0.36952540619815616,2.0134077180143666
1.136722836254814,-0.37937806204327523
-0.5619171765245699,-2.3037995793131887
0.04296511139870202,0.1712472237594934
0.15593144403988662,2.2197128681586746
0.30980019605130665,1.5400060400700561
1.2600206382527541,-0.6912475789546891
-0.09212156157994653,-1.4387468786471405
1.3927499227518703,-0.24010549623990438
-0.00022010102003781635,1.1570899032520043
-0.5538879022300539,0.6014528001121934
0.46980560567585816,-1.436772251905408
0.6232703134001011,-0.8852559353129256
0.28797421525564243,1.3614702849171705
-4.8991322252096845,-0.26811581015771074
1.1695538077807657,-0.7251736413048796
-0.012938967135628301,1.2115855074433952
0.765961403074001,-1.3705934429594697
-5.648143271014512,-0.12732001144208005
0.7013820790243778,0.9367521272550551
0.4819069534414633,0.9406445677296216
0.1678317157501927,-1.4920143735895015
0.7652938686346938,-0.7378455917062553
1.1965885714492444,0.16218314648552043
1.2193683431351612,-1.1317295125372835
0.6939598510280403,1.7297351102558083
-0.4225515996805122,1.256279951992161
1.1049397003274242,-0.283475853350556
0.3428261036024151,-1.1772427950513953
0.5822542485452527,1.9255831705180468
0.23239132538826576,-1.384983647472955
1.3952425425082526,-0.4772396120512476
-1.0172197452863156,-2.8862039726405757
0.6469050669056461,-0.9750042617609752
0.9035905632778908,-0.2334381931381228
1.3796353066957416,-0.6810709471827572
0.45844538212946107,-1.1687402555276531
-0.21545681488073237,-1.4865896523882431
1.8867789762268297,-0.33642458746649706
0.15323591938179734,1.3069588819736577
0.8055118070468252,-0.6048148383331265
-1.4923502659986854,-3.0216280473246924
-4.427145544131203,0.12256147278882924
-0.03819622496932534,-1.8692141922817778
0.5519982377114104,0.06512956783924205
0.6627585156690875,-0.8333039818621232
-0.5652883309704587,2.5161229932214892
-4.5702625795173475,0.3568861337531409
0.29299856837408733,-1.3505184162149428
0.5892951143490484,-1.5335901028324044
-4.411698841089335,-0.21320547254485087
1.1646052100056044,-1.1282860947269677
1.473417317928674,0.47715004317753934
-5.628901106153376,0.8168235374367939
-1.004628625494473,-3.023808311217851
1.462211160259114,-0.0640782136071163
1.5734558278199575,-0.185355793568084
-0.7678885247486793,-2.805959985698407
0.022185399093205986,-2.0463177402747714
0.9597017180652008,-1.2067170930749918
1.2814417568591971,0.048621400191857116
1.4827995759527324,-1.5484043075866742
0.4633092440113593,-1.5219108184147656
0.9662283347703299,-0.14809429815949507
-1.00226568159031,-2.12806509088379
0.8646869076342132,-0.6835409991372786
1.1752624134069867,0.6213554876910771
0.6806229001676977,-0.5957962538676693
0.803090405798952,-1.1955875418076942
1.3764254231874973,0.6726956145020051
1.0030078835060832,-0.15353201275385106
-0.28446957661975675,-1.5869939699989906
0.5018202062254165,-0.9983944415697585
-1.7055509843266565,-0.6449204894920516
-4.825057066346705,0.010487833340378368
0.6166557520900822,-0.7188010972708481
-0.8050329598996702,1.9509739468861975
1.2603645052944037,0.37211431999121203
0.42414394932894556,1.0269814855230506
0.380286721018797,-1.8935253660137596
0.9215577620826503,0.6158167070732257
0.7120481520931252,-0.9781577071242855
0.40280552826238797,-1.0715324030365694
1.2081919141942883,0.78669645264762
0.4791685753328476,-0.7166599831865547
1.0280858097481307,-1.0244629317589946
0.8379637373619648,-0.2501096076630645
-0.4168100386293651,2.3547036918500415
0.1158739547779078,3.305415211011579
-5.588111645267276,0.23134214032447906
1.420951845263944,-1.248486020295306
0.2786344057472915,-1.3502160113459598
0.8732707018886212,-0.9002118337844454
-5.049272005045109,0.37464016062034655
1.035671568897482,-0.07973370749605481
0.21939782450128303,-1.4423103685616114
0.7736934908577349,0.8081702259607054
1.1388519138578879,0.11997404790070076
0.7083514169633962,-0.5122271604163142
1.3760933355461509,-0.6821345289376479
0.8055120416502661,-0.6811957417374683
1.3623369161181842,0.07161900827108326
-4.5854061137294915,0.13513884816332628
1.2261133805389255,-0.8108472281780321
1.0130709971126717,-0.523788612109086
-0.02871494407632242,-1.858954635036663
1.282267374197658,-0.44599448368833533
0.727687270813469,-1.193941701943411
-0.07513374478393965,1.792437938112916
0.7494157800767568,0.6022523865823106
0.08783303802033712,1.2196986069199172
0.08847868840677285,1.7002384851044754
-0.24808845171944707,0.09140682981812574
-0.7398728401188082,-1.5586477400070788
0.9700854501244274,-0.4520801480448496
1.3448698768810619,0.14323924640844524
0.38550683050104584,1.9451835201016727
-4.1233843246893525,-0.1990256926841746
1.3050505837693849,-0.18296912239099272
1.3964816824586757,0.07727398007732231
-3.2108036485591485,-0.02981852847321359
-4.26502420682641,0.051969599221592944
0.5356746359656983,1.7944409681257616
0.7052515605310444,1.0398246072893542
0.41117061594443405,-0.9779005822597633
1.1034783519738942,-0.6058695289207655
-0.5538536467877945,1.895750733537981
1.113681243694851,-0.40073777095793667
0.35272744143123336,-1.497418114106552
1.0543972073413512,0.7567236696536463
0.21710375830771653,1.6273997876416226
-0.1824768044790034,2.333916253022586
0.9665652217721289,0.433781247195146
0.497272760470301,2.3486155655166088
0.6174040362703577,0.8961975277799566
-0.021084928978294254,2.103180015508765
-4.71156188033965,-0.017070252442283666
0.2780308560750985,-0.3350690344664872
0.8079607596170864,0.8683737631883114
1.237803689565045,-1.168803437478909
-0.3385167470753812,1.929842798259405
0.24475293513364954,1.938910832334085
0.04410925663265623,-1.6503813013803186
0.5302546873169636,-1.1379214492080667
1.1273379298016875,0.4700398743168266
1.5724681570746233,-0.3380279220149395
0.8668839384809551,1.4445611838840202
0.790312444106334,-0.6831107648553406
0.49654602140993753,-1.556011908017438
-4.663254301856315,0.16534664558206386
0.04274144525736232,2.024464274331786
1.7181170320115255,0.0047402459421382525
0.3910697763733867,-0.47114499321675934
-0.5844788954912875,2.0101778767367393
1.2602125131256563,-0.4863757443378982
0.37619747251197194,1.8486303091167795
0.7231981959539349,-0.899241789219129
0.7562868855947746,-0.6437859023134636
0.04051953418936927,-1.5090635779898618
-0.26207055502266763,0.6162181839233174
1.0272938351726246,-0.8107115971642415
0.00880806894663259,1.9805674139151015
0.24831739126448954,-1.3700859403474104
0.20507440847677916,0.7260192658199921
-4.018494407355421,0.47143285573902066
0.6355958974316898,0.6409954793750082
-4.371340372587368,0.0532536676707054
1.6914093478107124,0.338510642485957
-1.0069008623288183,-1.4244366398599586
0.33210661127154756,-0.8638945347505327
-0.7811911194241634,-1.480649776196625
1.3675215696231766,-0.617007917302142
0.6693708125635291,0.0306469209422599
-0.8189159787162429,1.5660433363937682
0.9508315033669072,-1.214086690786803
-4.567004721634789,0.17361183060954716
0.45194638250073577,-0.7167410222445968
0.051854654861392215,2.071481825663711
-0.3898326430940596,1.913410386401044
0.21365749003109455,-1.0068462095678292
0.7470717257410234,0.8377524853085102
1.1709658748719638,-1.4104387553232482
0.7361953550079636,-1.2520831323445676
0.04088596536607951,1.0068607620688714
1.0456769439453921,0.18975459521571275
0.06209697358980752,2.515700605645204
0.10715160007910443,-1.9014198884224347
1.1096848275902456,-0.459947738587723
1.3335260909056519,-0.8481592101412887
0.4301696995665064,1.6227242570648888
0.46312238602699546,-0.4321017344909035
-4.72141852490611,-0.24910291722040032
1.056255022410334,-1.0596970501400307
1.099896794099832,-0.9706032051689667
0.8238775465855322,-0.7214919513501439
0.24991354943292862,1.5593549407666842
-0.36344932364791566,-1.3863093227207053
1.218109827142109,0.022862402851100683
1.1492505635833292,-0.27185122774532133
0.8059443967426588,-0.2583050022118829
0.11475174506409254,1.5975198842080538
0.7554685720937158,-0.46170598303632643
1.3081047864181115,-0.5739677404458792
0.9906629580822287,-1.4587974111681286
0.9716079090030137,0.36664957143513116
0.6428686438269398,0.872597580540359
1.1175585132402441,-0.22437632500336882
1.0778659338347225,-0.06667120701915774
1.9111448766749097,0.017980704462865767
-4.4892714022596945,-0.1234757722277496
-0.7681929775243305,1.4805378878857018
0.606595519513418,-0.8892922267968529
0.9171271072068352,-0.10421572447000434
1.2750290787212186,-0.6077495633577394
1.1199054177558767,-0.08289412732180329
0.6626538397179441,2.425289407299851
1.1199940946390987,-1.3610494700710536
1.200628619268361,-0.891906035636411
-1.015289118487195,-1.8542520381956962
0.6154825006242379,-0.5127402740531917
0.8235555858815444,0.5088012686790158
1.0278405585228734,-0.050782643220443936
1.5116054090913023,-0.023807490079785526
1.0752144289931291,-0.4182905413041502
-0.4346801248085126,1.6325857159216242
0.5309127962683232,2.0395130741709067
0.03291081961766003,2.124670196126669
1.3149410935872665,-0.31309970199511783
1.2555081278822584,-0.5516900584251782
1.5886624835070084,-0.8154947973252875
0.8074391102362005,0.17570337252627719
-0.6656254678258253,-1.5905566702274263
-0.705234771765933,2.3344561597791555
1.7808034832045236,-0.3488894647744871
-0.556689585253054,-2.783430754036404
-0.49427236398668556,-2.5167037197514244
-0.014177955169592804,2.2239832694348807
0.6108741196375912,-1.1165764371116824
1.4486190595600879,0.06260444604387189
0.6609530571026189,-1.3104409002815087
0.5437356878748051,-1.3736398761586488
1.1512735057528736,0.494858046211824
-0.5528997952097808,-2.0190653397026335
0.21029150922842693,-1.3324851737818295
-0.06600415201376372,1.9982031811736074
0.03816572669486111,2.11124456360009
0.365064818056782,2.3315335103693196
-5.826770027721924,-0.5529235220468527
0.5792675147105993,1.1361941183563256
0.22007121769067314,-1.6020471895902757
0.9405661836716,-0.8883376861044844
1.2847578082310231,-0.34494688413539937
0.9928079558849485,-0.5224771333338172
0.7313062360088065,-1.1115846323610326
-0.13665129593032407,1.3478317677119345
1.0234557092346823,-0.6057409786676226
-0.6332592435119111,-2.3138099159955616
-0.1742711077121743,-1.5686337138561612
-2.5968514950683583,-3.1790572719716517
0.6859855609356372,1.2639679104403014
1.6054619579019438,0.06889152037547874
0.8030120034236294,-0.481503203511679
0.4541776746455974,1.32133532037895
-0.1603402240307063,-1.9936952157448244
-5.87813972316204,-0.0006477855170763464
1.400364387488019,-0.46258949934251714
1.0606815268678773,-1.153914142270533
-0.2307077695015628,0.7864681150007852
-4.911257170299989,-0.22444864594868952
-0.6240549122247497,2.177109071547837
0.8201198347169784,-0.2747390055678719
1.0031002783873377,0.5140767118493695
-0.4729497747059836,2.058314965632064
0.44556916288067094,-0.966742260208103
0.7079668000630548,-0.8208328822249086
1.1343183657016016,-0.74072386114862
0.44678013936466177,-0.6471861890923278
-0.19212672471434386,-1.6957952675919699
-0.0639313915525234,2.011113552557707
0.22330340471999896,2.6878996115769946
0.5672039434636135,-1.0850317712513822
0.5740877961040687,-1.0301405510785098
0.8218257115597821,-0.6413909085680397
-0.5654362796633579,1.820743635318831
-1.122295512797021,-2.6642677896317846
0.19165168204407804,-1.4034823824333875
0.6915637008895325,2.348657067093929
0.917571628092299,0.3189456080548449
-0.07117989293890108,-1.3996551227611393
0.5200713238446837,1.9501164554828572
-0.17114635235725598,-1.8683379608121395
0.031419405647706775,2.6645256404765743
0.5744868304052646,-0.8050533059633197
-0.6069631902411211,0.3640364656974692
0.6168863912943763,-1.6250909842766539
0.2988663427345421,1.593293570630635
0.04953053916789603,1.2636262320775384
-4.750143529296747,-0.30853648494056723
0.5675651109550853,-1.0642927803726234
-0.3264060647499145,1.2790055653341854
0.08722624556743579,1.2401034962759787
0.3138132446424651,1.320133310810219
-0.6494783497967757,-2.2576228666926608
0.7305657409106316,-0.9272837515868991
0.20895514883638333,0.02646257383507791
0.7903120751025096,0.8918943471970032
0.9972036373837114,-0.5101415318730037
-4.970490613465075,0.0870106784860099
0.8927993265243608,-0.3855553754951061
0.22162912107217989,2.0010785198821814
-0.6195917196168517,-1.8939956142800565
-4.512056038681348,0.03672998518019154
-0.044118870991335817,-1.7080161446023978
-3.984448215144443,-0.09363976663944996
0.16781043550136407,-2.102525202651612
0.8440574473698029,0.10211677390290043
-0.07386244031766831,0.9071335340499833
-5.692018424813754,-0.13392026928006057
-0.156239865988395,2.363110572794072
-0.30796602012376373,0.3892586919134964
1.1368718520679817,-0.898752272515992
0.3731982949195314,-1.1386021405306754
-0.36183813493336,1.1558870437413324
0.016436308453797673,2.118288655117874
0.34339422411946335,-0.6966950970073036
0.6986793879384433,-1.0313837431975121
0.39110509381117653,-1.2817436265822972
-1.177218965879043,-2.4068510870000224
0.8078700390525979,-0.27555098356456925
-0.05323145366420921,1.0886355693444334
-0.6500307279761771,-1.0627441880608857
-0.0643170369119582,1.7541978179501485
-0.7179080956480794,-1.8474031024259143
0.8390307533530045,-1.09346766751287
0.6682715715913077,-1.3120791450227205
0.428349829565914,-0.6631603635604572
-0.20703552160530356,-0.03808009028861577
-0.0016270502179489411,1.3806252876924592
0.3779079962969305,-0.023948246005111314
-0.7222841212911258,-2.1596478015052676
-0.29595422959427176,1.718892150911268
-0.00478381977584032,-1.9565548796294157
-0.7619645466571305,-1.7866383993534636
0.20368749298380573,-1.5480350961454938
1.3546175920119006,-0.29330256691211704
0.7599630543638302,-0.1799900022117455
-0.3639983771170412,-1.4910955077919805
0.5344967557402611,2.2025364995145638
-0.9790700571238299,-1.99758922396688
0.35315992358739196,0.9940346361593467
-2.1765337646080143,-2.391228568230954
1.2039302506132992,-0.40414758674415413
0.34191755838612853,-1.1135928435436777
-1.1812302646718131,0.7193552036523008
0.970703702421084,0.09800015369132806
1.1060066409385834,0.11737024488612312
1.2790780543051061,-0.6041548480284243
-4.255878827463189,0.10122205195802715
1.2763682835676304,0.17478800425938257
1.3928712755557229,-0.19799767435488347
0.14827031776715674,1.0855367378064458
0.004692684299885546,1.46395808189134
-4.588044520149704,0.03507284153552668
-0.12687636068833005,-1.499181267421823
-0.21585280906623786,-1.2823011123396566
-0.3680132521491964,2.682566669255105
-2.6022922694567647,-2.8121232587944642
1.3856410653918725,0.30063944604640885
0.43639008674198376,-1.634756503083126
-0.05450040987741346,1.9310907346708646
0.07055649586003498,-1.389224592957513
0.8714486444003207,-0.40939273344198723
1.6301127486685805,0.3638174157228048
-4.456111569911229,-0.20478816903641156
1.3173162724803753,-0.26620708968681267
0.4306391590002996,-1.1903064938131032
0.6737473308392857,1.2517161543777933
-5.565645977175397,0.3786292107797511
0.4898262767919064,1.176413047872061
-4.361480477109935,-0.5903282664930338
-5.8750245685617655,-0.28968379909138464
-4.545444514820382,-0.19896538793389248
1.5497243725221932,-1.0282254226206244
-4.0344320516223044,-0.14411480391668316
1.1491088473212485,-0.9264181001103251
0.5288818171011732,-1.5672112238193943
-3.677628077234132,-0.25394475458800947
-0.136006729807971,1.6145872813780358
0.80680994549396,-0.8295818597252618
1.2187686616456987,-0.8978978955387547
0.7887551613103148,-0.9685081457838421
0.9896062013314669,0.9353347563341571
0.2632363545385629,0.17497383805406133
1.3571992551629235,-0.3518971797855793
-4.326698379474027,0.544696093004839
1.0988198836105718,-0.48829046105911317
0.5050852562980018,-0.8420103789530222
1.1609158891032743,-1.0705122270784644
1.2152780348646874,-0.5227526534612329
0.3566918889826411,-1.251993433615615
0.6946288941751818,-0.8990305826669355
-4.948113413469464,0.5610809415991123
-0.1695499853207,2.3667758530495866
-0.4918085572043221,2.099149822969459
-0.05387275354173307,0.7875434216799109
-0.30829460712606854,1.8825260074880594
-0.9218419099325368,-2.4174640689435245
-0.15017669217935312,1.2323864814524026
0.37914053085269633,-1.6143421809522733
1.1139607084345007,-1.1278419284710361
0.73591615040523,-1.217821197888783
0.9066662736210307,-0.9145291990125098
1.0851350229640309,-0.6519866470620361
1.1508857796168575,-0.04592720878121363
0.058247302902957106,1.878619093462113
-0.2547662471957902,-1.7518327071330002
-1.191865939096475,-2.280574822823645
0.835944162090828,0.8234146601464167
1.1859366964228124,-0.5817499377382591
-5.3708588366714585,-0.4308205486878586
0.33434010952037985,1.8673132334897393
-4.3927709659102065,-0.4843267410551806
0.7113749219156443,-1.0788708678745398
-0.07946419976964608,2.045579107679296
0.1586597618084537,2.166001380062067
0.6113199288985114,-0.463180603068016
0.38780106156779115,2.18432810825832
0.1849297482419221,1.8014107430682125
1.4214122872159454,-0.2779767883380984
0.42281060259237657,1.433980896085219
0.6447790805663828,-0.9710959346568624
0.5977966405325328,-1.046433435103373
0.2508158681906637,1.9238198985278143
0.26353727501896934,2.113667386791126
1.1145606513608204,-0.17881809547650104
0.882906604674944,0.5322110064501581
-0.35891513356789606,2.2204574762104365
0.3359492490788838,2.335141795934529
0.02298730933950659,1.6605391231069087
0.0008090746324712309,2.42270107850639
-0.6193023941925153,2.3913211881130145
0.5881620460741209,-1.0006821085666473
-0.8857475673693515,-2.1403450857849506
-0.5232612895476063,-1.2648969796642733
0.6431213392684896,-0.9249313926240842
-0.08335714585892792,0.06856357268753037
-0.5327136660325682,2.553882728017477
-0.20325261400718062,2.3053444048856058
-0.24589752769566695,2.890642776099284
0.5922348497401253,-0.04273277465043774
0.3290313458315032,1.923944017017083
0.18131741237486015,-1.3678205538189983
-5.080124818799894,0.29087957384746355
-0.6725485461349422,1.6099754565258355
-0.20189748765944285,0.656468148400424
-4.260521925355735,-0.32544121924859337
0.41956277361070626,2.481536870055873
0.853542911204423,0.3543499983246235
-4.398249236005909,-0.3452224622152725
-5.6916804302272626,-0.2649119061128351
-0.3384306633571574,-2.1783934232866944
-0.10760209877435303,1.3554013125830788
0.16125169737936934,-0.6152122245476288
-0.7618540128458107,-1.5603777835524917
1.57583746105494,-0.945056947537964
0.008717920406947348,1.8683634226239219
-4.893279602017333,-0.39821448608738874
0.14941809260664138,1.6667732227125531
0.6970712933362228,1.0465288192041426
-0.874951919384423,1.3917085059564012
1.3422147237206996,-0.1327725252593197
-0.8741369395153931,-2.178393436546679
1.237678072060956,-0.8897222228800081
0.05559045902784522,0.3685453375938311
0.5501307574435768,1.0142064347532804
-0.1778642008210208,-1.0567625836624035
0.40869518256142184,-1.4210939283238377
0.8142383609559027,0.37996444454956785
1.4916973755561225,-0.18739201447414533
1.196469086908717,-0.20171597361021432
1.0860843047871336,0.5285926464417486
0.8436387371769816,-0.7824365718951326
0.12272217174762798,0.9599552033965767
0.1147783366452518,-0.2575370210873081
-0.4910303153724329,1.5401076162906193
0.21777168613047987,1.540542093045007
-0.2590735204622993,-1.6213893915145694
-0.46246938586822456,1.8863856999985162
-0.8531285710784363,-2.1954164422101026
0.8209693180843362,-0.5181736520983721
0.08009202246960673,-1.8404529475072195
0.6904559018649271,-1.3072301563957731
0.3205341235715668,-1.1684167352980857
-1.393715025975242,-2.453244425133246
-0.014998459651479164,1.7458728277925615
0.07690076648654788,1.9746701134058777
-1.467109502662949,-2.6329610344524244
0.7393259833129818,1.275738146726467
0.3867583207053489,-1.5624329800239543
0.46124561296848493,-1.5377541462440172
-4.489677066192985,0.198672279485676
0.35213945223739873,0.9550232285780075
-0.024743761162010314,-1.8206314026450967
-0.109668991242876,-1.742255057309329
0.31159479511219035,1.7624139147729498
1.40724763559269,-0.067217507285672
0.4127044820593864,2.5239057166238394
-0.8197331812020425,-1.9549985028952772
1.0478871741465898,-0.2064712491692744
0.20314840730653336,1.9400003058343387
-1.9336260426199576,0.682690291959835
0.01497966978411255,-1.1117916215350037
-0.61707076860509,2.461857590608154
0.004170721841864132,-1.9154177983716805
-0.38241956522515475,2.0268235522447946
0.18854721519583836,-1.3914067480105996
0.37076800639103435,-1.3796727460018645
-0.642121947428445,1.9017155155441168
0.8868124267243457,-1.280910371674268
1.1131854439381683,-0.5277398272917682
0.9253868729530698,0.5549063572853441
-0.06399889903875772,-1.3768615368575239
-0.23206461392905828,2.390395213069751
0.01177033383241418,-1.313137296297923
0.5401946266350144,-0.8427719771729991
1.3887818807678536,-0.5963871760180769
-4.64636814711311,-0.40879324374425424
0.9394468388987165,0.907078673935356
0.5688465466107152,0.48537935612624156
-0.6067297768442371,-1.6832059481525665
0.16933891639731385,1.460859159728925
1.499623115275823,-0.11858069978451957
1.0784304909713927,0.1116247425385223
0.5120486435312721,-0.8294057252168813
-1.7333451499499062,-1.6299534491285474
0.47786857007685096,-1.231168121529843
-0.4896233451988919,-1.6987128801642288
1.4065869724030549,-0.4465882563846796
0.4519637715724074,-0.9257292796721741
0.307213243836567,0.8240923239668636
0.821148342682586,0.9214836367950132
1.4634045440362442,-0.8044972288539605
0.31634246189032206,1.895556621571066
-0.2615227128468296,-2.245635296842078
0.4003828153105465,1.0514010472684376
-0.49413283580602807,2.5149303386949904
0.2648267140955047,-1.603404052502294
-0.043945595501503745,2.34486047538471
-0.3332771289081844,1.5490160181115316
0.38644926291225085,-0.3405219305083906
1.30763215248805,-1.445041410690195
0.626012330841721,-0.6942706780498366
0.8213407182715157,-1.1754263735115937
0.5576478022555851,1.4527439624701548
0.991653562475546,0.903081493483491
0.40244511639579966,-0.3738932342638352
-6.175504187540521,-0.23141333450605187
0.4152942819693865,-1.7080585797010328
1.0625299629731495,-0.13563163519774138
0.7404767692250558,1.3384980265053712
0.45411955691799605,-1.6144311347388627
0.08044240347355112,-0.6555161592248925
-0.6741012998576769,-1.9565265389632285
0.9735335354593949,-0.3778857148565935
1.5904003011266552,-0.3581008346936945
-0.04865975411373659,-1.5466625954896338
-0.023773878697997883,-1.5196679896115126
-0.4254336764344387,1.364250997037793
0.676649049760388,-0.39715616914072405
1.2144331004426354,0.16886355476776585
0.7488866873344059,0.21840530021976787
0.9750469554230348,0.025141760094002742
-0.6963555851661928,-1.8538961590709881
1.5284535952941372,-0.32652965648473997
0.4724401359018001,-1.205496688796215
-1.169501614547013,1.814587231930087
1.056575288706799,-1.0557062965771464
0.5962106949989988,-0.511925444239699
0.9818935843960126,-0.1873770169246488
0.7021365032224431,-0.8067904924485215
-0.4356177506308948,1.2472456783614048
0.4652761134913219,0.8153593431129967
0.08848073486237855,-1.7239043446054816
0.6474961662706314,0.01825410744364538
0.4280260168709115,-0.490237584125474
-0.7406466611182043,-0.04663118114121235
-0.1668927347488904,1.7458046159466947
0.8555559696701407,-0.6397510506397331
-5.040175617525359,-0.43530389974335193
0.8940239878849603,-0.7455204699935658
-0.2899989481191451,1.9888672865076993
0.04100695020136221,2.1747832363928885
-0.09611131264249514,2.2674278133240553
0.9276736889834499,0.26683689209165184
0.7199410943285649,0.4901741843442917
1.0254015558540857,-0.30451418017071835
0.125057189544667,1.4596792565393235
0.8318678125991376,-0.45950080959462547
0.6256625004796998,1.373749708376678
0.6743581592025374,-0.9614047939478642
-1.9880210301268286,-2.4392903354582978
1.3902591450744541,-0.5136394521670719
0.9786528768138327,-0.1330090211435601
-0.8463352687728775,2.6380050161834663
0.49196209083900816,-0.08790482979838878
0.08199363237951021,-2.197675101041938
-4.9248896215206965,-0.31346419886937055
0.8038931882195833,-0.3671650733127136
0.685618079975835,-1.2374257677602793
-0.506872444271292,1.9748657833640728
0.5397965419685079,-0.7209991877349382
0.4778914171490579,-1.1342661464161017
-1.2065098485322423,-2.4318887851494666
-0.7783622387396361,-2.207652171835772
0.030508809138292896,-0.3564182207495903
0.41348946133389813,1.6340760314971765
0.5688513998508217,0.7729443001881932
-0.32635777595666443,2.4262105956819635
0.2839705677987517,-0.21916671154158077
-0.035603056360418744,-1.4953840614089242
0.04404780337216792,-2.2601778863507653
0.5796858796393437,0.31713622481275167
0.19296793864436934,2.4322333735717523
-0.5309453571816094,2.0355621728287767
0.63284278990601,-1.8857492758713552
-0.29814216952578226,2.668207566818167
0.9155527204042291,-0.9215408773863485
1.4202928795332461,-0.1278615498612778
0.9280455148854193,-0.8455059562316549
1.071374758858129,-0.4448870263000677
-0.07793616578338323,0.55405567972128
-4.703042023482739,0.37513925463135056
-5.003621008497994,0.32285519805154295
-0.4545014906677319,-1.6808574610163114
0.12777916255479826,2.0049810205841303
0.8186479178820293,1.8557379894607033
-0.273128468812555,-2.0787971967041017
0.2436486360919707,1.4304939530062748
-5.010757221568197,-0.8631061363844336
1.5850523418598292,-1.1589356178804486
0.928212044992775,-0.4796478862091721
0.8366185286531764,-0.5839517161295013
-4.470879602559295,-0.3403942690382841
-0.73374735455579,-1.8217459641111418
-0.8356667757888023,-1.603141712963268
0.036267380452379545,-1.9519496386588142
-0.3707554430431046,2.4851175555098313
0.8409959038573841,-0.6549501361313084
0.04740819013731713,-1.2555602317617773
0.47192836957592293,0.4115767408685384
0.8535334376468805,-0.17729420320459258
0.460324889572468,0.028990226693161033
-1.2062384162058857,2.0705234470534695
-0.053964762680838746,2.4025287207663673
-1.292102907171024,1.7872592235330302
1.2028761054711463,-0.15137314986655329
0.5503456644313562,-0.5493491271618697
1.3110213512616344,-0.7109909987597126
0.4493894483379434,-0.09720729609519606
-0.003529609311171332,2.0437410671631016
0.16391591737233807,2.339008357193866
-0.070666483508607,2.7916888665219757
0.6496665275457798,-1.4889370647450055
-1.5148363167690042,0.931873370503814
1.3228775818168121,0.1985476652494915
-0.025001222587157382,-1.337054001885768
-0.6178709142484586,-1.8167744211053796
0.8252030316859377,1.7310783892488077
1.042436066335597,-0.5810807590287654
-1.9332291663753092,-2.489404582826881
-0.07272863819602668,-2.249983611264115
0.201949315981804,1.4426083734474675
0.24494264847053526,-1.7443990358984909
-5.175129043035175,-0.40905743562387664
0.8302625680897543,0.8997237516666041
-0.42319110007688354,-2.314930803095427
0.6054014391138104,-0.8763603013873799
0.8937204338522229,0.040756321121460985
0.8153935566685336,1.470183274465724
1.1630739804038983,-0.9173450816953562
0.39740889482699016,-0.47324489388462354
0.5297754473523445,1.1380703603240638
0.8162939380970323,0.7667489709039079
0.11030063278842984,1.949859563473439
0.6182567127782453,1.5277326843345032
1.4166371740840091,-1.1927410361745112
-0.24428455466692503,-1.0658930044011208
0.142202668301854,2.527817405167983
0.3514434810947502,2.180423917358165
-0.34266349336840296,2.3357622630170605
0.24588499835851343,1.920269270362007
1.1287761875131594,-0.38440620731544756
0.944606305131234,0.23623652170310155
-0.2975495008268111,2.563413725964501
-1.1477508225206543,-1.7720466528940804
0.2142648121487532,0.8213317848258505
-0.1830283638614389,0.637327381549278
-4.2878146385018345,0.0935459473718086
1.3149414590720114,1.1337927787484636
0.1275125651589929,-1.2541527411240367
0.9660490674212276,0.2936271608381459
-0.770540702801268,-2.0359194607931723
0.6235331909900876,-0.905502216993429
0.4039588807967724,-0.8241728573352797
0.8915915248268608,-0.25988548331427636
-0.2898443933092405,1.5953691010906295
1.065715149437716,0.6359599618432856
-0.27048915577539995,2.798044465405561
0.15719873237956192,-1.680496281978486
-0.13337809004881163,2.2016039647790264
1.128079422844269,-1.1372831805063752
0.606241149739649,-0.7163839810933018
-5.194738519525625,-0.24849217275463062
0.9150248671502377,-0.834576762671231
-1.229084410449712,-2.3461262425374567
0.5443966757207706,-1.1173788113014662
-0.41108633779478027,-0.9811032957014043
-0.6760261483485372,2.050900861649084
-0.0002887221533800025,-0.8878283114058769
0.09836035785023982,-0.7549770597180222
0.7553441297099931,0.3566722247316004
0.596757721711668,-0.11223127356384167
0.448481554746886,1.2298797350393564
1.3451941851816331,0.28318848928579865
1.2434735184480004,-1.4934299260160058
-0.9445231107360418,2.082536737655551
0.32316360352646545,0.8900463847753622
0.6813435371136013,0.6652612420678261
-0.6555997444034428,-2.188887147179881
0.1078948575982943,2.567266622416226
0.7219116177474058,0.8665888683926526
-4.653217152420558,-0.07675822779987167
0.5107773082478179,-0.44414122393853417
-0.16908968400784377,1.569138005579543
-0.3092130160307865,-1.5994929170021837
0.36041705796860113,2.193480439842701
0.04600771786320286,-1.76926813175576
1.0361035030191,-0.4810382726020157
-0.66051513299243,-2.422431356028688
0.9914718714398758,0.27030111395248024
-0.8426274362894537,-1.7652255292212082
-6.184675070203122,-0.23751210682358143
0.367740289770568,1.1523384103963366
0.33437033427639545,-1.4742371202264992
0.4263627623128196,-1.4757702106274075
0.668868393733558,2.0164966912148707
0.725189939754258,-0.13628714010037782
0.1314233436685627,1.8746148048528526
-0.4277186666486659,-1.671577524595622
0.19393403128311254,-1.5117940132231797
-5.289260097503121,0.10084127782084906
-0.301269199816838,2.3580858553452972
0.2871899541314291,0.9012343111771234
-4.578008262716127,-0.14977923877197707
-5.6245101055675075,0.031227115894121568
0.4431754602972798,-1.1760745268135993
0.2051806054129714,2.362101839298241
-1.3240455736996954,-2.409689047492142
-1.1551224217689808,-2.3324654492715453
0.6973129336671559,-0.9253375255858539
-0.10751234180023334,-1.6436794822376806
-0.05910776125263709,-1.4664257867434514
1.0277447549121628,1.0539709974881613
-1.0389079012834326,-2.3923226360284087
-0.6679022899982227,-2.08729312985239
0.5348880374821711,-1.643574371766826
0.24512926235228938,1.9166337740000667
0.5263325614838639,-1.7260347240345952
0.5931493472438368,-0.9823142322693028
1.527244234821472,0.6585114889681704
1.2462952328200458,0.5282103928062132
-0.6791069669957716,-1.7294082485439495
0.3740822232741656,-1.2813683331230958
0.10266684103560109,-1.4373923024783846
1.050272262825549,-0.6787187065934125
0.20082370726094342,0.2731087383006972
1.1386234686055572,0.09134945524256646
-0.7064478943135254,-2.255008910795374
0.8670864322495169,-0.6795613544595086
0.797213170078045,-0.8151960263390149
-0.12832010635561555,1.7838032052811372
0.187970766022086,2.0231176800457833
0.8825605222141002,-1.257305738814297
-4.451069431013915,-0.06981948139361217
-0.0362378979299613,-1.0287041214709898
-0.34652280035582744,-1.6211637269417962
-0.023937316757528138,2.2623119275143346
0.6876010466339991,1.5565478701670583
1.2076376238791646,-0.24151865099646183
-1.1759445353972693,3.343735227385802
1.174337629268958,0.3121332435440128
-1.1641096489754827,0.4826415023584428
-0.06545376581139738,-1.2923671402833332
-4.657733102005707,0.18097040622955363
0.8459979073190395,-0.3684400380809928
0.9649347952677001,0.47881171220433566
-0.46613466056012537,2.059424282322408
-0.325506839831519,-2.0103952134335255
0.3830036453332678,0.8990340715585856
0.09825080249873316,-1.6258227316161649
-4.587983034878463,0.2245537387202641
0.19109529570972508,2.040806450367484
0.6279044679026161,-0.8330218039499186
-4.348420410011525,-0.48480792886778556
0.028289106943058747,2.1356181160529495
-0.3375892976019501,-1.72421715584442
-0.09206486735709689,-1.5396036270915034
-0.3132485189518952,2.0508782911881314
-0.20889678068306955,-1.6962215218877115
0.9364452250219211,-1.0188381368736315
0.736895766466517,-1.6840826365733472
1.1522230613245221,0.5857143126107258
-0.12189290668164682,-1.6580683178779563
-1.1077429725900139,-2.7145995932926534
-4.564654431137731,-0.4593629282690735
0.5337645698554155,-0.7718439311072675
1.1386184726057915,1.153962925435122
-1.5016928240871503,-2.416327917522754
0.3707375862058098,-2.1042774802129354
0.7197634895184599,-0.8039863681905273
0.8362735498667325,-1.1650112906859826
-0.9428081906138938,-1.8183985737008026
-4.7046288679109525,0.10094667997621697
-1.345610926565448,-2.599630359049961
-4.82793732271416,0.8987639721613699
-4.316656409900539,-0.2449753014815816
-5.445588626949284,0.31827502769996807
-0.21343192384644724,2.371381691030249
0.5374326574642116,1.8907591589075463
1.2350412868477567,-0.35611660087385716
1.2789290663116681,-0.6225703484405564
-0.1211412856969478,0.8267062329591712
-0.40300413030290905,0.9989495646954424
0.8019947594495949,0.2065829919769512
-0.8002908305416446,-1.9401740101681002
0.7650846856104617,-0.27193769593890005
-0.5162293054744146,1.1384813345483755
-0.053996262395722694,0.4211941478917572
0.9966864116105345,-0.7245751245367734
0.6441452039875044,0.9250998686575654
0.14235741757768636,2.0084691427990884
-0.18688576816463623,2.3052931022443826
0.08743717768056068,1.2739783916841632
-0.597063049061997,0.9037485926623778
0.7913765471435142,-0.7225732791406734
0.7812334793215397,-0.5352601048360124
-0.1917135774778488,2.1620583848759236
1.2573899757375644,0.001152965074190959
1.2725410144309883,-0.22441290355898713
-0.24670921680384658,2.4659495858555602
1.457573007750433,-0.10129356749778178
-0.6543299704702585,2.5980301839163893
-0.9081248826173952,-1.7306030211240182
0.501758733537129,0.4768050928956788
1.2970898751484619,-0.3524612874510442
0.8568116317026686,-0.49148690636210196
0.9958464937602651,-0.980879095369023
-6.101729640342426,-0.8802243497797132
-5.084316575551184,-0.2063562794709337
-0.8021513377450585,-2.6896034121521004
0.06019146732866376,2.599231428188333
0.22493046337635966,-1.0662270352074386
-0.9434352220424689,-2.5614626923701955
-6.080697795456265,-0.2641304440254243
-0.2346747878691882,-1.3737850577734783
0.4505936439974582,-0.9702634373369062
-5.218698055281176,-0.4658698043769712
-0.46175106081411765,-1.5385297934559636
0.707151349598423,-1.216334216460471
0.8822743287544561,-1.1006686223459907
0.1185329887336228,1.200232145757271
0.09598499188397101,2.3003830035385104
-0.7864751355182686,2.1989963112736306
-0.0005652125755487759,2.4022905146191835
0.9474603307758762,0.09695575083398823
0.46762545281046375,-1.230447291396005
-0.8945046212360432,0.8182183464738115
-5.731520243579865,-0.16112267209740638
-1.238204168813393,-1.7183634363999225
0.8890077482849411,-0.7622692610698667
0.4985973653290222,0.22485020723214388
0.5414317646914045,-0.9578772543481394
0.03580319390970691,1.306079551501142
0.32006199247285233,-0.7929579702579117
1.3071183951618428,-0.7452746688755925
1.3946003365409652,-0.15183159515235903
0.15702296356679168,0.6343759183771333
0.6099786432999961,-0.9357793931843772
0.8584804701705517,0.6614055532952362
0.8663971471943098,-0.9021653560458904
0.9077774129191797,-0.703407923739276
0.1794179754858614,0.5475680835193852
-0.6553939163387036,1.3742875035481361
0.964727623071528,-1.0707860955216544
-0.7685226455713156,-1.6552561268614556
0.8541396220221515,-0.0785175478150275
0.8174713207385764,-0.6418068762734527
1.185208888870464,-0.2045220629879308
-0.27577390776513105,2.6059560793251926
0.4021274262952489,-0.6961473985443667
-1.0422194573806405,-2.3080112389567677
-0.5305927247738836,1.561953555060516
-0.2103653050253124,2.429351736259719
-0.534657240828461,-2.0895355919057645
0.19164269140273327,1.7956782588131806
-1.0764653241835067,-2.3762986860353843
-0.46327486486508496,-1.8932526400451715
0.16423200733901558,-0.613716536854695
-5.365757238599376,-0.23347434727436628
0.9925118658501929,-0.8474630034530753
0.6366126136162389,-1.2409556553128271
0.88908553374988,-0.7888311230393732
-1.0028513495225073,2.968834195430707
0.17390520875306514,0.8938194164817028
-5.2510301258285565,-0.7141308264833991
-0.5454589220688055,-1.896978187775662
-0.5560433016217801,-1.559316909815661
-0.22938212672440553,-1.7561854514832074
-0.094074516042119,1.0581590365509823
-0.06724496523301204,0.19555048022717175
0.6972382501185589,-1.0662767697258275
0.7245122094695144,-0.0841769216233199
-0.19063337435848368,1.914563355414651
0.3749372604191886,1.6565113043098485
-0.8158158770252323,-1.8652326048431813
-0.6657087548962072,1.098852217312755
0.9942994339116883,0.8527524285908825
1.175286429606143,-0.4550600315199731
1.1633319179686954,-0.9982006129238336
1.2417355413863038,0.03369454965807405
0.5908499739288369,-0.5120603721626678
-0.9178743969383371,1.827317196027544
-4.087737793032981,-0.4113444305782051
0.8182237147898266,1.0772401259274798
-0.6740907419505934,-1.9509256813170366
1.4475043471818574,-0.40424214103943357
-5.41180888208077,-0.7006488466055207
0.3789613492074745,-1.2813132765978679
-0.2085704396592807,2.5455082892291987
0.153970245992741,1.0622781407535635
-4.281440432416501,0.20080962257829296
1.6066228406466807,-0.5762968257595441
1.20467129517054,-1.1032083177405256
0.2804385005490826,1.4182342680051738
-4.476458978663348,0.024899306510377122
0.9239517853620507,-0.7576175440977718
-0.17735649597758038,1.269187498580345
0.19058252463358255,1.2961831097850425
-0.17798779373500306,1.537774857439994
0.9618819275351886,-0.3477253411556207
-0.16371755458116427,1.9314611935358343
-4.329326577906505,-0.5171293149872834
1.025434112153615,0.2056952819145199
0.9725962667043925,0.1501322074725593
0.809527091210589,0.03968438613227065
-0.34339550257606866,2.305873783498606
-0.4348253213396825,1.0441245622131896
-0.016237816058571327,1.7900700957164746
0.40567289302651166,0.3283899146349054
-0.9889763854542011,-1.949150119254549
-0.33906170017976195,-1.3948324674555936
0.200104254841485,2.646793139737713
-0.15233936956262642,1.4955758670175259
1.4680531006606923,-0.42552394014633904
1.030044631906125,-0.027431033205702074
0.15205280749475722,1.7670818616374968
1.1572650377416558,-0.12814916252458802
0.07572648630615056,2.31065002565566
-0.7789414869568997,-2.1768029083394604
-0.14218837208207746,-1.7904823367358573
1.4008406945919891,-0.3711255143526641
0.7185700698407909,-1.4062326837462933
0.4837396391765675,0.9359880313501273
0.8533897100778821,-0.977156271589756
-0.3537349358083429,2.873996954702109
-0.5936182298936693,-1.4651935224409491
0.31246824643692855,2.210850048294342
0.2743102503418558,2.111256598638165
0.10750951675231198,-1.2695612731598038
0.37045479709436735,-0.9402351247987213
1.8047236146960688,-0.4288749662079359
0.7197872725660985,1.416421341752817
0.49517834658941456,1.416470864688609
-0.44368776059657766,-1.5086552131366775
0.17057968974875715,-0.6014653338994945
0.09437128941469726,2.0306785934809413
-4.124555073488874,0.09215113939400632
0.5220964385876354,1.471202865407859
0.5188837793332212,1.1035731150620456
-4.9826932145867024,-0.49940042939379914
0.5775416761446923,-1.768626189130559
-0.22995809434109513,-1.7062314787422508
0.02750288408731552,1.6066854145339085
-0.14429097618174408,-0.8540646722037768
-0.029000911174499024,-1.472998240282065
0.38134809450592333,-0.9757378291278229
1.4842463503652428,-0.20068001539505764
0.8326407185315746,-0.49393353588081185
-0.05329766471194038,2.0416006818073265
0.3622640027088034,1.4565186786811066
0.5468016216320434,-1.754025320469875
0.6629060369466164,-0.7719234932810749
0.3806866520574689,1.5381738887366965
0.3600792205464864,-0.6106916197732368
-0.08642705501195151,2.452789609013771
-0.5192264322980426,0.7746854533278503
-0.8211433653550422,1.8676916887948949
1.0074489727189875,0.33774316620392125
-0.02214300776383824,-1.5107247619271105
-0.06132195372027296,2.4281790638982947
0.9939382540754735,-0.9757019903514456
1.3593686824210516,0.6036550787705621
-5.5987426999668894,-0.12047060940201361
-1.3443187568900885,-2.195834085327641
0.6354581330702653,-1.0461224850323168
-6.113826546064574,0.06966540189591587
-0.5497490585782677,-2.246711862101569
0.04127327158781077,-1.809730645543034
-4.223211054914999,-0.1180908872863196
1.330517728628204,-0.4610805046017907
-0.07905217471680995,-1.9647026096301141
0.5337416092444829,-1.2630858835085312
-1.1023910120318883,-1.7183557487196974
-0.8967481606689738,1.3895164714031512
-3.3916103540317817,0.21696687739910825
0.5908924037254013,-0.8914620238904174
-0.5369617416539932,2.2414739418286582
1.3594471702375885,0.025344947513686256
1.0623457597985215,-0.8104302344260328
0.25768870704079055,-1.375031912180261
1.0047503310604557,-0.47771153549652057
0.5730755457309876,0.9227556215485608
0.08544616248466078,1.7667916905324246
-1.460478848509485,-1.587308835079929
-0.6663368860947675,2.2072852164178456
0.5719584587121617,-0.7606730068209777
0.7715273413506726,-0.7623719701918458
0.1353844798791599,-0.3843502113507301
0.7147672705608402,0.7498942812477665
0.48565244597267004,-1.8087208710702205
0.0756418211404103,2.939883702096081
-0.9063127629211808,-2.0701222118610403
-0.481259384427612,-2.0496077332096467
-1.9988242129481721,-2.07536509360149
-0.12736027778437636,-1.66916625959181
-0.8616187926538845,-1.7571510640656458
-4.376070223179803,-0.2073965347117435
0.8212968697892198,-0.5822782639561002
-0.6947554733708149,-1.8397289604320208
1.4212794643293292,-0.8869051665346
0.8263335802010036,-0.24463822600356988
0.5170782595693341,1.397009505616242
0.3357378378861639,-1.4867424713361324
0.022251475945792323,2.8076815867589566
-1.0023188701302914,-2.230470070102484
-1.0022534372842202,-2.200340620412207
-0.2968762592782667,1.1869646373182248
-1.4211169602885314,-2.3300917097791585
-4.6081424764584655,-0.13004319276047374
-0.3945852883576655,2.637278583423798
0.8130181502270666,-0.2547718646415577
-0.2259736499874407,0.7420817958151352
1.1024135788624974,-0.6942983883044265
0.8621419856679587,1.3761164903676235
-0.5157240376238741,-1.9319888951541742
-1.3390854476901017,-2.1873351154521807
-4.373427706383431,-0.2314629005392369
-2.276713466544568,-2.7699461969581285
0.7124834445849106,-1.0679674434330375
-0.09040212419354532,0.6985858460085201
0.012121650631566767,-0.17307732496820982
0.17272362014878165,-0.9869855428619845
0.8281587076150198,0.13343075021197193
0.7515588508970938,-1.0369081074935669
-4.132018967427124,-0.34743863602043096
-0.09887234036168632,-1.7937235976226853
-0.9258699506237695,-2.4405594202796514
0.4385967939783022,1.899376936954701
0.49617814535487803,0.5847229091313881
1.2823001122734925,-0.11331498076213685
-0.425298216613703,1.7358169717127934
0.4278169302013713,-1.5448043993616947
0.7104386152982323,-1.2973766671298952
0.508903718802463,0.9383749457304881
0.7407758635879036,-1.2706224727872426
1.3414734585809378,0.07163983701616596
-1.0112067466052053,-2.0515097606318258
0.27822614401214085,1.7089101206164254
-0.4919374333477592,1.9941855303015095
1.0851391646582915,-0.03676057041361053
0.7052172094735417,0.3620969657626885
-6.194855377236282,-0.07818484750276282
0.7447629551985865,-0.9020023352147588
1.7417224578179868,0.02612427608939792
0.933096551282492,-0.2831490606288272
1.0633173357270187,-0.7420190704011278
-0.4366357715509615,-1.2363744649950659
1.160602127442033,-0.49204663627494294
0.4118775655908507,1.8984458467475533
-0.6029227565853094,1.9728528136179273
1.274661058665237,-0.9283841703148906
-4.170813671501558,0.2354641649550216
0.467030417820012,-1.626011951424365
0.6172947263313006,0.6161071626215584
0.9944221857750408,-0.3087302054527726
0.6594912775661685,1.3313363073431066
0.8560631707489604,-0.03233876563069954
1.3328833344269804,-0.4610209840724864
0.7954698435539553,-0.5962878533142285
0.43359097045947687,-0.4664669160297731
0.9668239600604842,-0.40944505729418207
-4.794217212844361,0.06445965465749083
0.9666721833526409,-0.735482392095748
-5.478440418333829,0.14929696190554856
-1.139337745813197,-2.618887172381492
-4.382478610705555,0.24921365528933356
-0.9700688639871036,-1.9206508727446168
0.5427429281836279,-0.2637656588982293
-1.0246781899321433,-2.3091430453165174
-1.2577303408613796,-2.3805949883750515
1.0860231044493112,-0.6627541238169755
-0.7708406705553126,0.20465520271298973
1.092447182284759,-0.20373424635432494
0.5852754936224671,0.45102918481335275
0.49996086746722146,0.9448477175797363
0.35936234530221967,-1.3168578651095157
1.3946672198354524,0.754248314683137
1.162643216274515,-0.7120040597582885
0.18934969866160636,-1.27771329679053
-0.840259230433847,2.28217275820704
-0.19949036151846541,-1.1700388331282894
-4.945625695157255,0.27982476994052347
1.323803648430283,-0.8112084702481339
-0.7385324724675373,-2.0614435336407078
-0.008357032608277972,2.067792810177915
1.2171611927359582,-0.6258161445516874
0.5385510706900657,1.107050271784963
0.2165995433668935,-1.3043050653874273
-3.709255061094221,-0.18386311170159564
-0.6321670129165229,2.1476954966197153
0.384130729936037,1.481137550394613
-5.179147140033909,0.6207730293257293
0.5869380074563398,-0.47201832442985886
1.1266756012197827,0.8905448674729155
-0.19743347013601925,1.4821316650378713
1.4578123255997264,-0.956646543969208
-0.33845921834897336,-1.723863608082326
0.057604156950530394,-1.3239661575237682
-4.000096288868982,-0.5672197148267648
1.0893060927436635,-0.24366461129330622
0.15899907361112245,-1.6938424801649297
0.6536562958908756,-0.7531018205133616
0.43180706525438367,1.4025947082388854
0.8246177768132066,-0.4220741562403499
0.25828897024808767,-1.4423655441909553
-2.0121045617677553,-2.6951272081259443
-0.618223527263149,0.9731562490152724
0.5230365038014902,0.5109459840867173
0.8620160332465715,0.39167319484068885
0.06185597006751738,1.2538037803500237
-3.3902045040103976,-0.47924993455910747
0.6581331249045967,-1.1519238459731111
-4.533076098445247,0.15175860306607336
0.9178006462158972,0.05052129763511338
0.41330701582470963,-0.47596609957015124
-0.6611930161296817,-2.2667406174257065
0.612710138788803,1.4327720121205973
0.6039659903479898,1.1035280274378367
0.6764105781347697,0.8620822206103643
0.25337614760650434,-1.3850668871810492
0.23702189489643713,-1.7165323622362003
0.19833281406639697,-0.8383122263335718
0.7787208467696547,-0.2737555788887993
1.2424847827652763,-1.5287307693472645
0.3695948116837366,0.004489023895429495
0.173500449371405,-0.32026478674593195
1.076572578197261,-0.39964252209923373
0.4460489382038538,0.5094799133133201
1.208516491793712,0.21598549892592536
-0.2742040368480482,0.9282615013483073
-4.555273053718918,-0.4088503932951924
0.8724930162706483,-0.330251053021286
0.013989263057496978,-1.8550685098100976
-0.03491541422483004,0.4493761175180682
1.267548066909275,-0.3533254127903314
0.7403629774732879,-0.041061797399999406
0.16841242100498255,-1.4408488382980378
-4.060206451287622,-0.31807441844990525
-5.3537522031756035,-0.5088153925039697
0.716255575649288,-0.7267969573924702
-0.6207864547904239,-2.3789057881641633
0.9332398019816787,-1.2659218347119385
1.0695764683276725,-0.7196522620673211
-1.039346421194371,-2.357098468099021
0.7176042001154814,-0.7224659016607402
-4.620331364607588,0.6741315010587512
-1.0170728778184808,1.3315279234985995
-4.809332211674678,-0.04224455539841976
1.341123353041318,0.4788500003353808
-4.353390837415171,0.04093598298539905
0.41476891325220244,-0.7057811402466976
0.5488703529556175,-1.3903705855863675
0.8863657109058518,1.0145870889329778
0.5074751353811887,-1.1230839890990638
1.0398327472050735,-1.5411756955743832
0.9804035933120021,0.7343285635373725
1.1110738000735851,-0.24894603305543384
0.8832547463227439,-1.3323982073089369
0.4991064125652618,1.5395087483226098
-0.22238142858790405,1.9696111748900815
0.14803630357425152,2.5484589134603963
0.9212901609300294,-0.31586607962091506
0.9866801194737719,0.28116134562396466
0.0065000250633948506,1.7153266231832245
0.5763120844416316,-0.4928672636195262
0.6309601651184897,0.20543619659628726
0.5830579950899191,0.027327514075813724
-2.3026912947021456,-3.0560006905337658
0.4995199360692811,1.600975435195221
1.038158871151221,-0.5588789443459623
1.4443725571017736,0.4751541857480469
0.1986576894503196,0.1644484239439608
-0.10235592000546889,-1.909277569226881
0.35757464111080917,-1.5675785037456647
-0.9541583790856643,-2.24805203945753
-4.751182661861609,-0.20811890834309965
0.9833891387869457,-0.14443458916113686
0.5514630114749284,0.44379639985473496
0.0892117836726623,2.818996459232002
-0.036671323783028356,2.517487381719922
1.0287910273097285,-0.8951898948566385
1.4213956515960746,0.210586358861925
-0.5082793553619519,1.2868865976714907
0.06221050291154422,1.3245738715412863
0.7980606356150605,-1.356138697435178
-0.8481863731425866,0.9675077902065295
-1.8443663088588267,-2.0156500107448347
0.9490509153279283,0.5002870175340866
1.2104451066725832,-0.4454827125556649
-4.42845358958454,-0.5528701942572446
-0.9896494711052013,-2.1274446647243814
0.05045951431727943,1.7401231686551524
-0.9961189535602788,-2.5842917072009066
-4.504543597582954,-0.7168761627870245
0.8770411117320254,-1.3133614717833881
0.1341528820285033,1.5950150598419448
0.9542192422290727,0.7487895588367048
0.9787360467748635,-1.267156388518233
-0.8158588360034389,-1.9106631950631228
0.6810193254886425,-1.4253883704770551
0.6934079590974009,-0.9671146765487956
0.7499241629577507,0.35970667120318883
0.49495778267927426,-0.6097837910271011
0.47100753315715654,1.0541042605522877
1.299492675415721,-0.20039063329402504
-0.5806080298126634,2.307228996967323
-0.024383777412895078,-2.1206271991224956
1.1953200968494508,-1.3509440964148884
0.3484202268447153,1.3229895879465186
0.5980784275282075,-0.9284442249259994
0.6399757153009691,1.4530874915761114
-0.04969214048958186,1.6012624304195295
1.0125154155023395,0.06225947407399595
-5.288005633994793,-0.3799746012777804
0.704416950975498,-0.030532402770450728
0.4872218376942361,1.4679368956020271
0.7394231200751499,-0.8086439107370941
0.8614112030073505,0.4653128430853612
-5.97424467794025,0.5888752604183666
0.341094073365897,0.7782810459425341
-0.6578059231213556,-1.9904616372868604
0.8430616021194988,-0.663896777352605
1.0832150876563758,-0.6171037475247012
-0.22308116482989399,2.262758682524567
1.6319513232226297,-0.8068161186664176
-0.09203835801992254,-2.2009299437252117
-1.0951117430749977,-1.52539186490183
-0.03432514090724919,1.7034207427564656
-1.2661745769708792,-2.1723287786029535
-0.24476967252732512,1.5301241309967342
-1.1154835416764959,-2.478034364909329
-4.833465659625631,-0.7546471975893989
0.16996694511508842,-1.6624764018059341
1.0073939046180984,0.7365262477852014
0.4287543178961121,-0.46388219746619375
1.44807888357848,0.08082255709651108
0.2057861449083427,-1.1877574545253535
1.8211390356066797,0.033711305700193664
1.0793990274631635,0.9683024272641895
-5.979301945333734,0.08099789286318443
0.5655617297625724,0.4374278089447841
-4.803786955770685,-0.6446466412955496
1.223616508492352,0.902356418342036
-0.1736038740593028,2.2120125221828193
1.0744720496909546,-0.5863046490367462
1.0700253107161468,-0.14089223954856042
0.5732713663824034,-0.9943348136749054
0.7717533283883816,-0.6479713919330148
-0.3903094061791922,2.073818386718419
-4.315433744970913,-0.6600287026367759
0.3438834834830404,-0.9235516039474104
-0.3791217669809111,2.9363903065037373
-0.33368059893966295,1.810966884937174
1.2274976799325645,0.0772523134793666
0.43566357754616947,-0.6150135264704781
-5.205357377594283,-0.17946621413864816
-0.6012979811999667,-1.678522930236106
0.9810387771329749,0.6873852881919795
-0.7381596921946758,-2.480286855746156
-0.1328842145593085,-1.5105623437488007
1.1520077539091846,-1.4826417550530395
-1.876697667337384,-2.5219110407199103
0.5591681255975833,1.147727775915466
-0.5020259670937599,-2.0879810779882257
-0.2077582431055753,1.8712052828276466
0.38064473415151795,-1.5404890030941536
0.5708895196602385,2.0240362288477893
-1.6084140696742062,-3.510440289190332
1.2001149251279555,-0.5842697851479511
-0.08313700371516902,-1.3977003012828078
-0.6831822488593281,3.4653875052640295
-1.0499134598307804,-1.678492156459175
0.26786390942961563,-0.933153193155384
0.30576550941583286,-1.625135512133987
0.9598273025073545,-0.9927877425838163
1.1520230865289656,-0.877905048098844
0.20604811096562728,-0.8215526134910945
-4.982048761932415,0.01808308622482081
0.09896525562465805,0.7196615322416561
-0.2856192953339559,2.6428507036618227
-4.870677504413225,0.09558108142569108
-0.30140865102951847,1.5801661628842325
0.7262720830859817,-0.20011232786944988
-0.2415085579012281,1.745726065724433
0.027910841721705344,2.0387090297595383
-0.011104228728969162,2.1835031099898625
-4.533272899138617,0.10551734659099787
-1.679813268296933,-2.9203471563333276
0.929162485879617,-0.7978224198564999
-1.5383332814378463,-2.978789378014861
0.9702259531945824,-0.13391984254424893
0.8582871461222632,0.6948108610497457
0.19965607221127302,1.6417401954745705
-4.877986001700171,-0.490089348342754
-4.149700672171545,-0.5085774504856808
-0.07977857518374176,2.164744203576482
0.9853434387369017,-0.22197945278085304
0.7006841922488657,0.6147811007106543
1.4655638590202822,-0.6756712449427017
0.15944827365126021,1.5577038449570857
-0.3050830170885179,-1.9410464003511734
-0.242102734008142,0.9992052032260147
1.0783639208624867,-0.13031588973585706
0.6144800345948043,-0.7774108488398045
-0.02013245420960473,0.3973654447079374
0.5103266709626204,1.6792412254380729
0.2816442341895955,-1.5551069332182388
-4.99132646548488,0.19869878596486834
0.6279467451920026,-0.03029482881585838
-0.1950434953757965,-0.5688127428861567
0.3570250728025151,0.7469603204794333
0.41642778689972915,-1.0505321227037618
-0.56897433938142,2.1071395906510952
0.34256467475056385,-1.1927012150004224
-0.4244795154923876,-1.6833590263047251
-5.679837025767574,0.17193101821169546
0.1431640334277003,-0.274840337735549
-4.177305785055973,0.54379176874071
0.35796777724105655,-1.1638335419683146
1.1902910072080553,0.07489390993084505
0.33035361802883023,-0.8590344140668594
1.3215176950792438,0.38865601817640255
0.7047768064677897,-0.926592141361806
-0.25339992215267826,-1.9012771573255984
-0.7756784399541492,-1.9929096451932629
-5.803678207942597,-0.46492926749554964
-0.13234004795730234,1.6686708400864692
0.30366139551342053,-0.5300543239352744
-5.420481261452708,-0.3264848698850102
0.32265439460536777,0.9227401176644405
-0.348374969782205,2.044974804226743
-0.35406288088186627,2.276013700231078
0.8840773614305864,-1.1401148009175397
-0.3063307233551833,-2.1048632025202156
-0.6735530941431616,3.265359424140875
0.2351191377735848,0.546444516596363
-0.8307454435406935,2.3247547892401683
0.22693204732450345,-0.47935014915095997
0.16988478715027824,1.2527396306030785
-0.711513905872579,-2.395607977530904
0.1039659776145677,-1.5931809330329805
-0.4525403984179641,2.280535881540875
-5.545151610762351,0.4928366286917673
0.6115378404354885,0.66730718742074
0.13858158397751136,-0.7972261872919206
1.4758138067253224,0.17636741806149783
0.3729502058744196,0.6479073662455492
-4.936118771910297,0.23803063171822758
0.82110186242205,-0.25414335347258815
1.0355514259189935,0.11356294008575982
0.03764923048234022,-0.5471743998117505
0.8408376605866843,-0.16310461167324627
0.44739898785487964,0.9152591547936488
0.6627034117337312,0.7365449229267507
1.0116556944472943,-0.003669322794949736
-0.09020855180780045,-1.538882514831823
-0.8914522756647209,-1.6676372300508349
-0.9069523223714545,-2.3448943251619108
-1.1210312852618758,-2.119142817238777
0.40026277913512587,-1.2806647797444601
0.16354558614591722,-0.988812705747019
1.1240323764375901,0.331509493046085
-4.562555111299366,-0.12803148324795152
0.21227540956699636,1.5610542762179396
0.33608886404753574,-1.5290796556391935
0.41075370100635766,1.5336371583899686
0.16309629602548825,-1.1682108632964174
0.9051197086239072,-0.6850876587771362
-1.9037630543202901,-2.7397959480548995
0.08640299629978494,1.39135735373683
-0.005194066544155692,0.4844886635423183
0.8908361530742717,-0.512092715183303
0.727712804000775,0.03572617481163216
0.8272092174562689,-0.7439924955032003
0.3012660918523397,-0.9461199556129731
-0.08220054493213814,0.08511106461735245
0.9799973228584036,-0.482143846104891
-4.700656741801026,-0.47871117082337233
0.7301274879552817,0.40476517992579186
0.8412367389295475,-1.1206179623225023
0.5759483415000014,-0.3839627822675629
-0.05411171951901144,-1.3715287028047438
-0.06292433973949038,-1.2583324610979798
-0.4684663526271746,2.0904655383620323
-0.054056480253690975,-1.510865224877998
0.5587292691596556,-1.3022290757536623
0.056657154788722436,-1.0047638044433456
0.7552492199000784,0.11102091048998398
0.8800455081743372,0.2090186820823581
-0.26443225647292085,-1.319441790361775
-0.054976316494456015,2.013486696125557
1.1955157813821258,-1.6761645845086124
-0.8648862807135096,0.6644088160895355
-1.6231344090427262,-2.6079600308280293
0.4006202312580715,-0.9098884342107267
0.6657618582574628,0.15908290820496454
0.8296763142151882,-0.31078178396717376
-0.7388983290318971,-2.1259972038666106
0.0855011788261051,-1.1371170378610227
-4.299460371526827,-0.5364988115456373
1.2220885076691737,-0.6972681712272467
-0.07956846192262575,-1.5684377988310945
1.4136490086434295,-0.7416235869011704
-0.0015738561166211006,-1.0216402549807126
0.20089351367328317,-1.2773026867795643
0.9220590199369727,-0.5806497011751882
0.6433477460687066,-1.0641563884611467
0.5485326478750182,2.2136892406360626
1.031108782387682,-0.4763613762907719
0.1405172652516086,0.8530930958424986
0.08268550372176577,0.4698782982498978
0.5597189053454759,-0.6467894486956826
-5.218649896394323,0.579740143306344
-5.629544075801863,-0.5557543981588094
0.33603555428358073,-1.3346681185255558
0.04566182194811649,2.440916230927335
0.3841907187819349,-0.870082222094092
-0.30437990015849087,-1.6985638604921132
-4.553122705333469,-0.46090097864253887
-0.2905323966518987,1.6477074685362452
-3.9944910500319146,-0.5246846734502827
-4.416181032022255,0.3749550331331843
-0.6968165281239374,2.2162651774524558
1.2135615884957254,-0.09927356610138754
1.2391630395551503,-0.6670925016667327
0.034571666095915596,1.8301298109127453
1.1752035732396953,-0.3680474000803646
1.3258509091876896,0.3437195166547562
0.40228780548981985,-0.7102425036969695
0.9442930943093877,-0.17603546481470486
0.5765554170095423,0.20396487577930245
-1.707820170095742,-2.5574397556631188
-0.48800387087789815,-1.7472155762024095
-0.6506393116884042,1.335603919566345
-1.554432389441317,0.5321029498533304
0.4453140787512473,-0.878295050888978
0.20609067883677654,-1.2199592024959216
-3.8829949887872175,-0.1975677000720873
0.6760592494981208,2.0514634623241443
0.5878109497804925,-0.14778635344283772
0.6759303738373704,-0.6591168857549411
1.054293059003995,-0.5258134006723314
-0.9319745756704706,-2.2121735479023803
-5.342873976218153,0.5040717129010005
-5.493575871824784,-0.6742557720480921
-4.690749542232011,0.3380495559416556
-0.7135480879593321,-2.182024876823901
-0.8097501067449051,-2.503944432453111
-0.07103917872643269,-1.2304831808154388
-0.04810110140793768,1.9111807890393926
0.9537981952111879,-0.3931097650493454
0.6796412793127594,0.34117766244437625
0.8600939244164629,-0.7861074021585199
-0.8281437599285046,1.2584247333993386
-4.938399237440377,-0.301094382984966
0.27917912014840235,1.8671197207258523
0.6044365027112207,0.6658289667159774
0.6871850826756449,0.6042682195928878
-0.6831532504248728,1.0454178360684208
-1.4132914368363922,2.4988783670086283
1.549089486506346,-0.05551294777695728
1.066476326909711,-0.0425548272395747
1.587346957304306,-0.16826472516859217
1.169256958968343,-0.3671642344221502
0.5722520713006115,-1.0197295300710971
0.7411352400983917,-0.3392189103373257
0.6452172797090863,-0.6161150582537074
0.5693314436766209,-0.03835606486067663
-0.04335220507489535,-1.2972375365680917
-1.593659979151578,-2.2438996358444996
-0.9741084357477424,-1.9402964130222409
0.23789364213824568,-0.4926097288279543
-4.298977814211216,-0.21956629681279144
0.5802487788665506,-0.7329017088560607
0.7288068786079781,-0.619416186194196
1.0276963712386435,0.41314673418028564
0.5469755004916346,1.3104130511930483
-3.9486675594734826,-0.012419393179136219
0.029514381777949607,-1.0839044046008288
0.0769095605532197,-1.5935611018820932
-0.22209442763350443,0.9771650182294431
0.4002115412263188,-0.8745159889627929
-4.754283284176412,-0.35101629436813075
0.5090348652197436,-0.1674708382541991
0.5865751287678012,-0.6379346604618225
0.6892656060755763,0.5560335600619951
-4.560536417984191,0.12613460277011374
-0.7145018567934416,2.6497187566101634
0.3618798217906479,-0.907430560342233
0.2671301835486047,0.48977762153990206
0.710781967322169,0.6494205762150567
-0.04548451208376139,-0.9165323084214326
0.5325229272548484,0.5578171090549405
0.4559624325956661,1.0616505528993088
0.38825450564262765,0.869382141028769
1.3056474378564313,-0.2611629913255996
1.209077554735649,-0.9489056528304863
-5.027238082974159,0.21337722724973524
-0.4999067672215433,-2.714513739113397
0.5674448811219601,-0.8053265166294672
-0.5154508871035405,0.9931634162600422
0.805772660166525,0.9039519839625825
1.3562272429991713,-0.9319194066114369
0.9127617101258776,-0.6509613696055923
-0.7331540718671272,1.876659834533471
0.14651133612766665,-0.8593806468981674
-0.37179985200369153,3.2172531621232308
0.5539101821825406,0.6787489958053055
-1.1427259915171033,-1.4056408928344062
-0.7385211302438924,1.1702873579305997
-0.26054786053857965,2.2393248331304307
0.36963465315250915,-0.3548462785340814
0.6900186768639022,0.40168191254857716
-4.480091804023972,0.15026417248170193
0.6742355335884332,0.28036648264634445
0.1889496603106308,-0.27769522234645905
-5.734533043955079,0.6216083038266522
0.545655858537929,1.2217839432263136
1.081612798234371,-0.5908179101383847
1.2913076223123163,-0.43964495490850564
-0.020246130437265263,-1.2699985734509731
-5.33507163622394,-0.49402778642471246
0.412446284513599,1.4478105519660134
-1.6841502635007635,-2.6662437182011174
0.33640239180813336,2.165770979858943
-0.7305595039727419,-1.9892179345192507
0.09377965769752944,1.2470277884951824
0.26505252320563516,-1.3660370078308977
1.1270823987478542,-0.15810932011141696
-0.18838990767172537,-1.3659845431898536
-0.17877147929105527,2.2592990881779564
-5.034839868009371,0.19332362931687672
0.34865182661207406,-0.8310844970965472
-1.5296640067248595,-2.4767413317832543
-0.4935603134988581,2.597611417255335
-5.7225584507952245,-0.12570044120747248
0.8364669308141053,1.0847777739859499
1.6401907775318,-0.4305972397473654
-4.315844303497075,-0.43501570397684064
-0.5446667261249927,2.3047470951298292
0.2698596362364337,1.0204192505848986
1.372178757943603,-0.8287893140056782
-0.9754925885652149,-1.8269463199785336
1.2921012983580955,-0.7017094771963999
0.6248938773005982,-0.16144432462023664
0.49627626483438686,1.0811963736573218
-0.15110805787710765,-1.57343694672397
-0.24228809879630958,1.9803096242839553
0.6897744074999753,0.6814556380298958
0.19533479808247184,-1.2615039617140136
-0.857062586887839,1.3442636486244592
0.8930569907578384,-0.13275022971465283
0.27836046683349924,0.5305119158711774
0.35828114906405367,-1.4957970365680808
0.43164324878580296,0.6085244474110031
-5.304813920875928,0.46226768856433753
-4.832645157358019,-0.09812311199815606
-0.6162803814648439,-0.6332915377524924
0.0339917181062633,-1.027656929506767
-0.04436829537137335,1.8104856558125373
0.2959755105499245,0.5126287930196642
-4.470424455356969,-0.4627707641143782
-5.5195055503481845,0.7119390598220555
0.624776268792963,-0.748334611368041
1.3223257613423853,-0.22029303615422385
-1.1192618417034377,1.1356799319932092
-0.007922671030771778,-1.807804937573689
-0.6514412234381493,2.298331883756966
0.5210801225434668,-0.05114669689431742
0.8601619641260988,-0.635608113042535
0.3035936502699288,1.5212354714601215
-0.7181834604336023,-1.8920709365406274
0.020149241985854428,-1.9925094732593052
0.5095426008874996,1.5788588583468466
0.9099018958918209,-1.3897498425361197
-0.7643869758768256,1.487201207582193
-0.19747101101041797,1.283287767075254
0.13673923064219082,1.9794817794995634
-0.18300935714260694,2.3795793546759922
-1.4740153634253026,-1.2539334384493515
-0.43153058347585954,0.31018143296923034
-0.9673811517545631,3.1732867653713983
0.3796031490844894,-0.957527898046927
-0.4220904031950239,2.4925545956716366
-0.5120765470611415,2.132514011176297
-0.2174341550733288,2.4472925360203366
-0.44687692194412754,1.7798684761823118
0.7876956128232443,-0.424597041166132
-1.0371383829320133,1.4444983912784715
-1.8190681148232095,-2.430586547279433
-0.04101261060180509,0.6999551994288017
1.1179593845467264,-0.7350087303509061
-0.5057372570924332,1.5795417872946513
0.8311515929817477,0.8534626755739808
-0.91241415291692,1.6835981585366337
0.5612782057538998,-0.24012172064046972
-1.228131381511955,-2.278072350574932
-0.12385159598298139,-2.2118827426423486
0.3603665784967386,-1.7932244098304708
-0.4500113445684653,-1.613703484174677
-0.5604147117681947,-1.4883694119162267
0.4865521140383295,0.1456272392575515
-0.7839323701841368,-1.4605905276123539
0.7644263797122828,0.5597845341957571
-0.3006760888974434,2.2869692694843367
-0.31321532160636767,2.642119550733099
0.6164660466384964,-0.7365721126169943
-0.7058584432268699,-1.7426121987267704
0.14417218831979242,-1.5152613183801318
-0.019716316904161823,1.488532542585222
-0.8139334846881582,-1.5327505062080824
0.3678709907698262,0.9154115175563905
-5.8858438099106145,0.616365419574061
0.5217558059295083,-0.7461798032879181
0.8646518710316972,-0.4494820194808889
-1.012726069511339,-0.48070629238343127
0.19162485427315545,2.362386874120727
-0.4776039993043324,-1.4488304002431376
0.5404440929412772,-0.843603387755197
0.470922033790966,0.5322550260551887
-1.7510582144005784,-2.4420211631408484
1.0069469144042522,0.666671063612074
0.7884568028371348,0.20281835039992763
0.8041153535369463,0.2400809755602523
-0.1466096129586596,-1.2181903768842341
0.23236611244270072,-1.5030013885123013
0.57774092372041,-0.7401870508039052
0.6684059604573435,0.56381896302816
0.08387611521354837,2.321859363290582
-4.271075119123994,1.1434807217903624
0.6790124938759232,-1.059120348131772
0.9413024537142235,-0.49336051653314245
0.25912983463311695,-0.8825214340657275
-0.20988542053870704,2.9745094800230314
-0.21313329982438012,1.7786776458573166
0.5268354374627103,-0.7304685683273389
0.5716900289158162,-1.2907003404947184
-4.593141771994235,-1.1171453878058653
-0.28420990970062016,1.4020068966480084
-4.793572578486122,-0.2546625002200592
-4.6002372773459514,-0.22537427713932984
-1.0643380886061078,-1.9617294163213468
-0.9607778065951941,1.4411486695901923
1.0499378446479641,-1.0720645264699509
0.8491958832680411,-0.40763995411118703
-0.06343998605931939,0.19441872516995373
-4.437295586982037,-0.06679794017531865
-4.056479078581262,-0.2251679466798479
0.8536081423792427,0.36015715092260503
-3.949634464751058,-0.2598975358570243
0.7531787204405362,0.18673325717090852
0.5846549150617685,-0.8163743893777083
-5.570019655159861,-0.3193670288239203
0.6824281087511788,0.8866818381146293
-0.7677984416831001,-2.139780691023556
1.3324893305471477,-0.23999880052512715
-0.7518695005914945,2.432254317456868
-0.07461578938189864,-1.9311546017945673
-0.2578795019274774,2.146572349857905
-0.11428028546098203,-1.2714917893175084
-0.12283202881971376,-1.5543408307057571
-4.843407273575674,-0.31754078382061235
0.38982708092068036,0.01019609219592734
0.6639007129198448,-0.1849139859367313
0.46369778697558717,-1.284253598746858
-0.009578514269793984,-1.3059917809717534
0.41964692783920154,-0.8316577548604189
-0.18424825955586988,0.8442323994260386
-0.08635354312260754,1.4926772025167565
0.3158796019320247,-1.0002511288709404
0.6493720395271839,0.4288366863414199
0.8549978795016698,0.010833169946736838
0.31554718184599034,-0.8601070174097931
0.3360733193760806,1.958247794115013
0.7378745155768822,-0.9222897775494354
-0.4157630582575848,1.5613594252368728
0.43042017608432587,-0.7375271682981084
-5.759459303794642,-0.37630485531824714
0.6656713133987836,-0.8699368513304871
-0.7430585179923999,1.215351836541903
-0.6301523984745234,-1.4380346680712983
-0.19251220565061233,-2.089253152559716
-4.048216264043766,-0.43473677960728546
-0.4730645881366788,-1.7046515254103523
0.5242788337950595,0.42377756710330117
-0.5709868815967922,1.4328003911563592
0.3144773507915673,-1.4908647638431776
0.33952154471613466,2.42482394667379
-0.12517664087759922,-0.817239351343195
-0.018039823751896906,1.7351701506781334
-0.8045749508568998,-1.8639830839255498
0.10480674182048609,1.5243044734833555
-0.05377419423139632,-1.4245454511243405
-0.5050689254876969,1.6196619259196914
-0.8387633190342633,-2.3846760701945087
-0.6411801595616997,0.9745723655132716
0.740758707988106,0.025580979693679628
-2.4643003697369625,-2.123056117433599
-0.32632728886007667,1.9746130261552703
-0.47286910642640634,2.0900578029159527
-5.9000677600891756,-0.696198983092916
1.0248254990915697,0.0007300839646931538
-3.4828136223764754,-0.17287473312374793
-0.46725603239783886,2.330193857730208
0.3944219514484109,0.7086841712412475
-0.04907562869723169,1.5485003826146102
-4.7155656885830055,-0.36005621086786843
0.7493639235882207,-0.7042597065553808
-0.20111162738413418,1.692613182543806
0.027679985252131833,2.49886057437191
-4.900237100255328,-0.4394485254575631
0.18216504550384016,1.4789626182214233
-0.40360099717740605,-1.7977980450802815
0.12375792322702407,-0.6422895363640946
0.37166866620897043,-1.687182302874483
-0.0905768834045997,2.1314146704233985
1.074009312809911,-0.7411016956644709
1.0828793069895426,-0.26259481369219023
0.3802140323559143,-0.9157457757281708
-0.1899006737596321,-1.4154813252636962
-0.48211552078575576,-1.6128327324058902
0.9549112868975586,-0.5355357293157424
0.800145558832083,0.2160803435510364
-1.1004760318341749,0.7628438461772934
-0.8071034745776656,-2.352987711822754
0.7326129003810828,0.9433790011299917
-0.7128977755593909,-2.654601386928092
0.5130621969321031,-1.404837272354915
-5.140171938027989,-0.7350857243341317
0.5248835592671471,0.0147341830142986
-0.5782158615785878,-1.1434266449374044
0.2743484434949187,-0.5970503642809829
0.4853246897146507,-1.0353308936130472
0.5067838076778157,-0.9940269346221642
-4.692083712804467,0.3253044661330358
-1.1826272178686967,1.9502112881050115
0.8349813462144138,-0.10162973628050262
-1.5957236414604745,-2.219240346854497
-5.3564652498891725,-0.12614115559896977
-0.973025518308977,-1.9118861703837187
-0.32294251500524607,2.004052635310661
0.7802368136405874,0.11480009355977999
0.2712389427134468,-1.4597735987726923
0.5368045840276583,-0.03434135357437979
-0.4527422244705494,1.7289287461162668
0.17271628686602036,0.7048782333630543
-4.187262632106717,-0.1638766427692213
0.29940651100812016,-1.2490431145379695
-1.007764356249147,2.0895455208962246
0.6211893964241404,0.17869547129883387
-0.15036916456990615,-1.7756904801711155
0.8234863995662106,-1.2024165411589283
0.6551742051494926,-0.9412287159385101
-1.1572604790859344,-1.74451989771358
-0.5698282054760492,0.15406792455228277
-0.25913789724467173,1.6617904036278053
1.242482758440901,-0.5616216308719537
0.4119230026440833,-1.3697535029903203
-0.123713578074232,1.206906832389313
-0.629468321506647,0.8078215869439529
-1.1204160262263985,-2.516959489247257
0.573254812181402,-1.2163471765540594
-0.3716504566838322,-1.8128374438803203
-0.35712130217103627,3.068950844397554
-0.015497016301023887,-1.4269323672383134
0.9175534157318184,-0.4584145387091303
-0.10871030314867444,0.9720744295671839
-0.4459743066329906,2.3268544755478016
-5.226354434299027,0.2789898947221471
1.8808119173910078,-0.07356574871971423
-0.8424310068192277,-1.6288268529673986
-0.35333430966924473,2.292120250852206
1.2290359358786884,-0.030810611071507708
1.6094736054119685,-0.5853421108769451
-0.28269497407191746,2.342894771449177
-0.45796125555001893,2.384563979876098
0.5692852810812793,-0.1289565282471643
0.9323659045688167,-0.6678494250454962
0.29955074367927786,-0.1346517686771045
-5.077682927105494,0.43391722784054126
0.5830671702473612,-0.5460873350577301
-0.6598375934573718,2.9126381916795188
0.5487897201598994,1.337248218683879
0.7389628390774008,-0.8185412844405887
-0.16493451512549936,1.8451852023370736
-5.5673827449672535,-0.2861218083267902
0.18271018340671288,1.0519107491612412
-0.32147856279397846,2.0855331669141886
-4.7225754089234435,-0.2554384929757195
-0.19911607648705765,2.101325122727104
0.5556271312202643,-0.5190201308594925
0.011039907231071124,-1.608118944239197
0.48650877795763187,-1.5785013663623864
0.2666015837633142,-1.4758614931828635
-0.8867506114172197,-0.628336425190528
-1.0122398654613611,-1.5590198777266044
-0.7304516697304577,1.5859459859453664
0.44524901191724586,-0.729016056435029
-1.2817971576035287,1.6939561708716797
-0.4629148224067234,1.7221863088270457
-1.7793446320914996,-3.1070356347164805
0.9069764346940459,0.15380762051182567
1.0214016906420644,0.4034599380392843
-0.2501938666588311,1.1738013200029376
0.350528385189465,2.1765181205219566
-1.023434181497374,-1.9513544135711849
0.9452348918289435,-0.9775949867463957
-0.5916240774050152,-1.5602845028338248
0.625539299551566,-0.8550998256995253
0.8830463966197935,-0.2805765802037209
0.7267952132426418,-0.9827339418898664
-0.14568021149689026,1.7452608209746148
-0.19860304655017616,-1.625818987779946
-0.5931832104922752,-1.3730854155132601
-0.048516059606782284,-1.2396314573365057
-0.48094365116545584,1.330167247321348
-1.0123352132275278,-2.547865434765675
-4.911311236427215,-0.5450083987444714
0.42684079084675824,0.6677960967630024
-1.053116530168795,1.5329048024998273
0.7983782011784334,-0.941285963584394
-5.485254808000107,-0.2925664514798425
-5.14976093160237,-0.41561666516924706
1.4884021563913703,-0.8240170660338849
1.5393915543203471,-0.3673334214458462
-0.7979009097844836,-1.7206832243698758
0.15893580634199542,-0.37636171585980005
0.073249425002211,2.1428663705797635
-0.05061387013726168,1.82817237333668
1.4627190858333836,-1.0803883016932572
0.9369433745349663,-0.5425845612745241
-0.2546743131090615,3.0033206987681935
0.1101726201200327,-1.2338028428435353
-0.9317955580000787,-1.9347327185673568
-0.5373583322428401,-2.0523418748919067
0.552445235287082,0.520163147064434
-0.009706186980261584,-1.3720668806811285
0.7498245766205098,0.3746541598619881
0.05564478599092579,-0.3795291217706391
0.41361765946016404,0.37187436542144936
-4.472320964601732,-0.32844107620232227
0.21207074096024758,-1.1088551987804383
-0.013494188594454733,1.3956884565836853
1.1427424489263192,1.4281244148382972
0.1952907488990332,1.9526378835867662
-0.21281496977968525,2.3639435005245266
-1.4828868131812758,-2.401116202985348
-0.1266493342192961,2.0253599501842765
-1.2314710597227008,1.4419354859609244
1.291616568646691,-1.2477658112353414
-4.428911618551349,-0.2527266814366102
1.1515637942720172,-0.332660794236366
0.9910515516726909,-0.2043258271213104
0.7164227609326622,-1.7380568906783374
0.5226797692118924,-1.2620306047069982
1.009664091471445,-1.008700925012076
0.6820605307794392,0.6051394711613622
-0.3198605269615773,1.066958100681514
0.7341773342970644,1.2388188523982864
0.6526279800912934,0.1801557499505508
-0.38713234729065027,2.6521576792221557
0.8817797327154578,0.5607179977538954
-5.581865598679028,-0.7409403648166265
0.7167433274960855,0.043888542596815655
0.7549485616841749,-1.2694465923631204
-0.4204174075098956,-0.41301248501558213
-0.7114815369043129,1.6902367515343433
-1.2740905386341776,-2.141508378446014
1.2393212105064682,-0.5513794352121497
-4.783881366217087,0.5161382272740611
-0.4929600072507995,1.8151850075236238
0.4626702885356727,1.447771901305395
0.2871633508740377,1.5741497735223546
0.512970583436885,0.8532701284439573
0.42568026150065774,-0.5302575885105885
-0.21957208008398466,-0.35623642891086316
0.1635147060294514,0.5296504322827724
-0.07417617468004543,1.7418826883576972
-1.2676651117713786,0.21350213658924658
0.48244965842286924,0.13052816873703404
-4.2654497689685185,0.28727161423793773
0.005440872166502181,-0.007350339690689686
0.005111589559100059,2.4933121637438282
-1.2157703586283855,-2.3305627344235975
1.308233250985353,-0.3975197158342195
-0.220193199221589,1.8421827727266382
0.3224626559689348,-0.8424408770378216
-0.22150500862971306,2.026627447023414
-0.136141432010751,2.424770702255068
-1.0396567620768582,-1.8501857498987402
1.182083063605762,-0.07081075622233561
0.7455005286307287,-0.8278860568756753
0.152302573345164,1.1510019836312269
0.06003980926940206,1.9555781250918103
-1.1639436273982176,-2.123442221575206
-5.098191118330516,-0.19762680711838065
1.2518663268921546,-0.0005488481072451736
-0.2054315658951094,1.7183482732630668
0.3280417137514572,1.1857696933294868
1.0758699597071157,-0.5714708452093653
-0.7312399267159996,2.9535347720951473
-0.45378061874989584,1.6310965812313085
-0.9469507374312492,1.181178100321579
-3.8727040343699968,0.05142564699689217
0.24061507796534634,-1.3754378406090118
-5.090709431816019,-0.06596459156477084
-0.9882746436729376,-2.2057612201485846
-5.33999059859481,-0.28444646852759736
-0.4416842901104203,-1.7312015177343145
0.34661279216366897,0.7706262365535156
-5.505960692690973,-0.2547197888480614
1.2552548001993888,-0.10180124290295953
0.7653377346230957,0.8247209809892109
-5.5914743476183135,-0.016181004729713032
0.9903026174658833,-0.2124672346322612
-0.10031345097052598,2.816464630058799
0.8140925819318814,-0.5547728357474159
-0.6024608474695787,-1.590737534582578
-0.16182969981389844,2.803433373129307
-1.0167640493878245,-1.878417263443394
0.06161877022478289,2.0239361318002556
-0.6930305253771825,-1.8408929617059133
-0.07449350795481299,1.369846604358865
0.26272726372184924,1.4798333470017886
-0.1334679633777974,2.2845619737157987
0.4492866192922278,-1.223963730799507
-4.660677442982609,0.4154471921068245
0.1614338575722305,1.2403062163718837
0.982600892740095,0.006398096633146043
0.6348100259583517,-1.24684375288063
0.24437569314992152,-1.8421357934501645
0.6281956347637194,-0.6830128995236364
0.5280696933673048,-0.27705034956005503
-0.8260115013365148,-1.8782331165885682
0.7229598489765912,0.4857705249530972
0.8782068131290116,-0.3418322059297096
-0.5521247415827469,-1.7720501019287263
-0.5310578766891579,1.4138759609573555
0.10865027626501293,0.7722508942507593
-0.13624952967706094,1.547679411589888
-5.259867405121931,0.2849587741113741
-0.151716156244174,-1.1063371689956676
-0.9228934304096871,-2.1033329891713857
0.3444708102036229,-1.7636813361247614
0.3967553752000813,0.8283184900027531
0.0768907197898058,0.7343080495285227
-0.13387545268680887,1.937324044980761
0.6827610774852275,-0.911384606464674
0.3958095660791524,0.8460304443810958
-1.4953803595319213,-2.601419476707352
-4.314933077308018,-0.479084915860574
0.6046810043524934,-1.2369761786938374
-0.41609865081958525,2.7178464378800564
0.28852506145957346,-0.6194205043803191
-0.418098627434323,1.9839686140371566
0.6650343101625017,0.7035973326590426
-5.732224422328089,-0.8521025647957422
-0.3349953422212681,2.245259325472561
0.4587055991381033,-0.09262595669388146
-0.43210981547186905,2.0439782016292947
-4.442878901056394,0.008130410475558606
0.15353261224825326,2.10556154006401
-5.424126164199208,-0.30062631378925264
0.4185287355537548,0.6778352517991578
-0.26263563715140686,3.0798384892933393
-4.198337489745123,0.21689568216476826
-1.058916837845634,-2.3815932066561456
-0.3315961577665428,-1.7592401909821482
-3.9255569269541932,-0.2904683279821343
0.17375454729126147,-1.4445266475745804
0.3128217953712348,-0.0899127902920511
-0.8979679330756429,2.376468293152379
-4.7565583015237385,0.3854149296662005
0.10908820139601617,-0.8895256224635636
0.2164125431063455,-0.8568936310908792
1.21404700342935,0.053443241872508145
-0.8283533811042963,-2.0610432695957495
-0.6826596267548433,1.5348859658250011
1.3359611505415179,-0.507542421340933
0.11728565467828862,1.9179693775376223
0.5435851950690489,0.1724342144681685
0.6922689988402801,0.9029293894384524
-0.6378705647231212,2.6245188291544697
0.6223272551077621,-0.28196442077397094
-0.9538648726944687,-1.969298289632573
0.4303389334877772,-1.7077285443896102
-0.6926238661521125,1.5628130053234868
-0.5084968411892498,-1.7671860392177159
0.7456393785656541,1.4543682493131453
0.7366887992401789,-0.10024088425234398
-0.621715616733717,1.9019528080274082
-0.18434044506939876,-1.4724937747473734
-0.9775593776856608,2.321728639912203
0.5234314430125305,-0.6714119030258784
-0.7663188658920708,1.6890115753565405
-0.16842223013577748,2.063525369821105
0.9968380442070306,0.05138656190850023
0.8261497216367342,0.3236854867326979
-0.2964413468474315,1.390795722782828
-0.8758418121429505,-1.9648357893258515
0.6306982526319783,0.04419931588898415
0.23691706548971903,-0.9418295362758393
-0.6717748870311507,2.010900394555157
1.2670958263596217,-1.0731993689228807
-0.4238594025031163,-1.4166635879722935
-5.420863301805086,-0.6274158367388569
0.46517531713543764,-1.1934287191087753
-4.634810655875327,-0.2575169720976016
-0.5737301261161608,-1.8670762327498605
0.9846596422877788,0.33004484270010054
-0.30930931861775174,2.586566712789853
-0.2730302982488649,1.95375650866632
-0.6169800869389419,-1.8117877922074836
0.7251857731191003,-0.03218451204711632
-0.35326255682744173,-1.3158463922719976
0.18597449134176666,-1.5212302823090538
0.6576353419675864,-1.0303280018497858
-4.099226656006528,0.29364322634515205
0.02391544772987714,-1.4915260092049798
-0.0663356026125206,1.7550906397040598
0.8129202085180853,0.6342937620854433
-0.33634485576865275,-1.73720459050705
-4.219120475018437,-0.07899847936556892
0.18342739832566543,2.3896727660949133
0.6834787168937253,-0.9708325334579964
0.40209657116361036,1.9888928110533977
0.23046090781962167,0.6955805576731033
0.7659735786534462,0.39221362146087113
1.2957717944606355,0.5979283282015998
-0.2870532105882245,1.897758266890556
0.2549872258466161,-0.8659145671014752
-4.230000332042727,-0.12320492581913754
0.546472363907028,-0.8279833096391319
-1.1397207568208885,-2.673043963354462
0.9470274354527246,-0.3704584647872092
0.07400670314262348,1.9359689783680791
-0.48143656420998304,-1.1580802688652962
0.8922605573046073,0.8796635677250392
-0.857491533278795,-2.2873395981656257
1.0304415622048233,-0.137594798985398
-0.25566754609039133,0.9380329202086665
-0.9402861730835747,-2.1898549121990034
0.8759525033113391,-0.21841242078301454
1.3344224147530286,-0.6119989299867932
0.30595811939118556,-1.1414677977259855
0.2743801067325126,1.3813145440580157
-0.07101486152586384,1.309106624074486
0.481409857680362,-0.20566620481572054
-0.27746470242801025,2.5599874504072413
0.4785802219456283,1.9382525924674459
1.0484526689378455,-0.09125733526199123
0.6378719181577955,-1.1530472967340042
1.2971726091482838,-0.19920438899373696
-0.01831970671747963,1.719655381495767
0.36112986875762787,1.0410198687836627
-4.671981221258784,-0.5821770583845877
0.5228513313496002,-0.9807913732786099
-0.6965984949413957,1.6565381020951913
-0.2885965117174559,1.445574320721454
-0.14016011695227565,1.967397204596939
-0.804066724582438,2.4024701839129525
-4.516157146429217,-0.1422134699920448
-1.3101044895972997,-1.9257950944527245
0.5432930597887615,-0.9233149121013461
0.869632188424145,-0.08569834352985581
1.204348589414464,-0.5840345635601741
0.6737254507706917,-0.10702849681492714
0.29469435952076506,-1.2748397063549843
-0.5939597521051885,-1.767221889410222
0.7597518212816502,-0.9763976741472739
-4.862302771495744,-0.4752256897639805
0.9677285685460296,0.19426655551283983
0.5119508543742031,-0.0901485518489281
-0.11924713730221966,-1.1229437872225692
-0.7346864221833022,2.6363096645695765
-0.23882824254039142,1.72775760926891
0.9811819318980299,-0.3037623273269977
0.6315962861804038,0.3596133639762802
-0.4260563352572865,2.137526539174084
0.445786752843934,-0.8930693100258189
0.9837224956981748,-0.8136489801563026
0.7880555567483217,-0.4207197103139503
-0.2624667154525922,-1.7210738158889654
0.05809749465766641,1.8768535090505833
1.6441249849309552,-0.6111865265286754
-4.8321982167362,-0.20703738740372069
-0.22167917425566308,-0.7162288617710699
0.0524764597270886,1.1727424216463467
0.6768296919330773,-0.935369115163601
0.899493742760791,-1.709844649321928
0.5404617897013484,-0.43690137635419046
1.1746628727128312,0.5049952115517041
-5.170077670122736,-0.7158841486121525
-5.397878143429977,-0.5864689406423254
0.6985590559156084,-0.39909025462552267
1.0617529763990716,0.3984674218245843
-4.863871429163977,-0.8217989746116886
0.9839861115834587,-0.9627057148949226
0.06561881803326326,2.3549888818577904
0.2395536814498393,0.1448578538604125
0.5388519034301583,-0.10005724035326681
-0.07816455851535391,-1.6147126710849924
0.8396837436227234,0.6585092725588606
1.0776938546577826,-0.45748244107091784
-0.7540277179340278,-2.6476331891709006
0.7196392291355224,-0.9352797927827051
-4.614023475396156,-0.04496492569591919
-0.7933215368743579,1.8852499830693734
-0.8987536681590282,2.1604182906120197
0.646412411938376,0.3325578191047897
0.6364064626381865,1.8443378172942073
-4.987912511924853,-0.44969009367259416
0.44931969578923614,0.931176103203956
-5.321081695419026,0.47327198395606357
-0.0487095604096365,-0.8814729165680556
-4.813732406679519,-0.6382883598999698
-4.79727391999082,-0.24741135235765457
0.941382423624474,-0.5958673737649001
0.12423574098728901,1.4769829241467782
-1.335604586218798,-1.8183553102659995
-5.104214593449278,-0.34659701968777684
-4.800992120772314,-0.24445198042154795
1.1371039215881258,-0.4490904647558131
0.39399125035278154,-1.1822706196361157
0.06517493459041537,-0.07334498532005684
0.9802493292684468,-0.6851807580825314
-1.095162483843281,-2.443915317543711
1.2582633524671374,-1.7500034765384596
0.888460466542439,-1.326124235370065
-5.44036723955175,-0.2699403635183501
0.7650236442238535,-0.6476024167529008
0.8748493773760029,-0.757279888490838
-0.3967291584863604,2.435695725978003
1.0891646683859924,0.12428329210362503
0.6980661860975673,0.09872126259074562
0.5604719761980577,0.30277445453577334
0.5035800241458429,-1.2329456616483612
-0.1596305905398998,-1.5252368620553591
-0.05358332099077793,1.5201765816465271
0.5680881755656825,0.7458266360177698
0.9587822770109775,-1.768871310238805
0.4671343459963707,0.11077468894474964
-0.10845389468220186,2.099444753145641
-0.11632729427154649,1.902540098522871
0.8088898052197505,-0.27360115324005807
-0.017946449476754334,-1.2290493058871428
0.8019404837935944,-1.4507971512363307
-0.1505345067920644,-1.4476033574750542
-0.1372612306358166,-1.294279902772269
-4.783217220163285,0.13464277893378945
1.4124220944574086,-0.8241523392493302
0.43005294701153046,1.4196705628128667
0.7003122750696346,-0.17344070115998456
0.3500171918778789,1.822369426228114
-0.7223340475428413,2.1633409234308876
0.9618392854663491,-1.1179628990756205
-4.519908077269009,-0.16360176097373627
0.09698580889833772,-0.6335256219169032
-0.5430453065725495,1.4422961949204687
0.8738212222669466,0.7543143166810103
-0.05209358447527852,-1.5617863395859115
0.3041664847994137,2.191215762988687
-0.3115153943347884,-1.2549993034613818
-0.2631314157386638,-1.5963833189323358
0.8296477972904089,0.40509268836465323
0.6244237183209037,-0.24526832519223526
-1.4460633307178692,-2.4550277659378006
0.3073847780357736,-0.9751350933284569
0.6528818907203129,-1.203382494612593
0.4720064192410982,0.651333505347121
0.009152191683984493,-1.1362043539516642
-4.998832355548858,-0.0395618210484912
0.5994870883455596,-1.4967735557311985
0.13381786361677914,1.8975513265831745
-0.045305782668121776,2.046020672422012
0.7378657939100668,-1.1506456998726475
0.3256194188399585,-1.304669864204182
0.4825352031239184,0.6779989636500169
0.5492651267780263,-1.3106593642258855
-0.32823001975701305,2.0191383377098457
-5.700191432854985,-0.4903483101310055
-0.38478057672150207,3.1502387769227225
0.3879969558678452,-1.2611854945786796
-0.5683840527828116,-1.6304112710595633
-0.16098538744107727,1.7220487078229183
-0.47780406777022866,0.35519504093220083
0.09467747445641453,2.1619539131592798
0.5272965556291584,-1.16433050275754
-4.625805323330247,-0.060226470560482075
-0.22274815572096388,-1.7238420337658544
-0.2387611904486003,3.2676992781335854
0.3070082014951896,-0.9537665477580624
1.1265044266941173,0.016660812330161895
1.2568546039283237,0.20201129374515886
-3.8374552978847256,0.3320727637582352
-0.0984826960104727,1.450030177805517
0.3093601739784436,0.7815712751499503
0.5554878302431713,-1.322144883736482
0.9090130673068456,-0.09693683110281857
0.6080789412263529,-1.0775957110364132
-0.2155620474437794,1.4622978475273094
1.123716796497305,0.15196400290563253
0.18839775618794988,-1.4507601721122017
0.814951590501903,0.29988351644986266
-0.5974716201244471,-2.0704837535095018
0.10505880688165053,-1.669863875790516
-1.745590066967934,-2.0957021187458134
0.3488353872397794,-1.5708054371077853
-0.8119188963274261,2.4315177690424066
1.4138718620425603,-1.0257513374634908
0.09561899879718531,-0.8832119569946925
1.1550042402479495,0.17952369496958612
1.4925935058510231,0.1050681187756708
0.3337035306683781,-0.9954796248782706
1.4029414145219694,-0.7549514616772919
-0.29671606737621403,1.6656766282527133
0.10991163568499958,0.31546884798428765
0.16276912468480353,0.7357252029497293
-1.2013887305339432,1.5437668462971919
0.26696843437110884,1.8567429511249998
-1.2262555781895432,-1.9563618781133412
0.40815427822476,1.4666475507714738
0.2915480580868498,-1.2357633279835112
-5.559222963184061,-0.01532555730579859
0.3645716362083578,1.366023817502455
-0.750833353089305,-1.4788811546169411
0.3204004741853376,-0.695493775528172
0.8042448168403651,-0.199140681276879
0.5426185551273853,-1.0400359306503055
-0.8324656476144183,-1.5535428466435472
0.8687826175513651,-1.325409827488408
1.0041150491856687,-0.3910339587876071
0.0195092627300157,1.5761744588855024
1.079986975550604,0.4155313793208023
0.17699055793132046,1.9533916591713407
0.10769626077197482,-1.9810404927927574
0.7634846896646532,-0.32957799312370895
0.35144181096444815,-0.9928709868210137
-4.607992450561665,0.397923655354371
0.2108377477034582,-1.2078572533504004
0.3932090155463224,1.4167749995789398
1.141674892016439,-0.15161039311690122
-0.5133314722268664,1.8719919602884516
-0.112622747739294,1.2211370679930347
0.11353480687310735,1.5546095269522444
0.5563709401781118,-0.7406574960610762
-1.7264491302547957,-2.8157925133012967
0.8470287943921492,-0.35882767349332256
0.1285923122514863,-1.522187684259871
0.28469321471947023,1.43420664114969
0.9075393263605747,-0.7293399135889984
-0.3503646959692924,0.4604456015722098
0.007302589643527806,1.1625426429523915
0.6217204165159735,-0.14416179855560968
0.4411525265608094,0.012165702460182537
-1.0537864371706473,-1.9465727805571587
-0.08563274425639984,-2.0578902537358537
-5.039297403239539,-0.18909402813686196
-0.74122252785797,2.536503252066547
0.85061404622545,0.9164363522304516
0.31064144305781627,0.9167887332002631
0.13293128801542795,1.7616789188120896
0.4308826675797574,1.7915635230827291
0.2717267149757158,1.5432917262958794
-0.8058082585167536,-2.0645812915059882
0.9731506621155933,-0.1360559160853817
0.6413302328140402,0.6758125546342478
-0.4276948077891193,0.9577062096053044
-1.1972154095980585,-2.356380132092621
-0.5374403704389463,1.54227070861266
-1.738591494358661,-2.058747356302061
-3.73889433367179,-0.12355249407388172
0.218942861423293,1.2311727234288188
0.03268077856036491,2.106741467420973
0.6122997943991466,-0.8229640232370877
0.2898323764391174,1.2925812646752441
-0.5836989681965221,1.9803116280396387
0.2829064247879071,1.3928023208063638
0.4359728475792238,-1.5935614025414429
0.3278992673268708,1.7910115166591698
-4.205256763513618,-0.2649224547336214
0.5185372709056861,1.3780276334273271
-0.22507009622681085,1.5150346811016748
-6.3553665546823845,-0.2483873903738983
0.6647141515152335,-0.5093305002397481
1.271061819574664,-0.5922417234825964
0.7101220745488259,1.553973812436307
0.8457032921445178,-0.45077216346725507
0.09852877534886259,-1.4278748323581654
-0.2423557905541508,0.8895120124822999
-0.12522959288482263,-1.8747937924198372
1.0078160119630082,0.5697243856040036
1.1079756525916153,-0.30583262073438294
-0.8075729669422635,2.834030551779606
0.34344503986232955,-1.1156562897209434
-0.6678959501868865,-1.8472836792867027
0.37940193420071283,-1.1237719163649487
0.1858098116665256,1.1380669579210896
1.058482778374191,-0.20404616566999845
-4.826265692399914,0.32217463571292076
-6.5652768543353,-0.060877315527739846
-5.2737809374829085,0.38797060168057335
0.6666566169618978,-1.9327761875580163
0.6405623535778535,-0.408606476401028
0.9103130251599979,0.2691590487374041
-4.906483398199483,0.5082363646770972
0.23795950851349695,1.5259805753620952
-1.5224148349202302,-2.158997841096749
-0.15169059944299085,1.9222754610203294
-6.129268350583395,0.055450749636793084
-1.1843452568391382,-1.496534907085441
-0.41039477829246807,3.0911586266028985
0.9322220648949514,-0.39904775328120823
-1.2027802438867317,-2.299990640399818
0.4204522253626558,1.2503934590082173
0.8478022228441378,-0.1960725315839507
-3.9045006393454673,-0.2303793581006819
-1.182319092710097,2.2732169980406187
0.2467771653283169,-0.6627331021515016
0.15802670115383444,-1.311799879960877
-1.5645517901522639,-1.4203783670866421
-0.878161373128009,-1.5306967971897252
-0.8872317314429266,1.6948612930243603
-0.7784021257406449,-1.955850354135462
0.6306436433298117,0.7361162249604268
0.8145034101257567,-0.12931029064683058
0.20622137884333577,1.556655745839916
-0.3709832944929299,1.9771867539445935
-3.997820842518456,0.34165671664673647
0.5170789285812253,-0.31408043364038823
-0.540525852276605,2.286531217378587
-0.8706106318677919,2.0771264401999243
0.46146566402942185,-1.0469477833238159
0.27940499662288293,-1.6029809926639842
-0.8384299762316573,1.9321877955697138
-6.080337316120171,0.36687534448509834
0.5691106280651489,-0.9269947750294412
-0.7500275897592278,-1.7613987302717478
-0.8587173596960206,-1.823215157255091
-5.395927102299818,-0.5852216635759466
-0.1452102297290718,-1.4225128054474072
-5.458218227584421,0.25818958820714294
-0.39770235472861193,2.4906405147069304
-0.29593398404333615,2.293495086100976
-5.098285421189339,-0.8269319928375162
-0.42941529394284705,1.8771242631484446
-0.17174244198160754,-0.15022612045305309
-0.6219139594280446,-1.5618414064406572
0.5065516523338416,0.7614284287087981
-5.018087417671128,0.16904837772339712
0.39986311843101685,-2.1590397412657043
-0.3565258638888833,-1.608426080771268
0.06217047678382962,1.1900456376917687
-5.512090929933797,-0.7310577679153994
-0.9475255693448708,-1.676414647881833
0.8304716791262522,-0.39095330035270337
-1.548603249053453,-1.8677925760813254
-4.768895012645236,-0.07688956642427493
0.36383456800945824,-0.8145717523804299
-0.10197561075356977,-0.7645469561315537
-0.4344868792231359,-1.2157143273867064
-1.2827674111868188,-2.1501435570843053
-0.20386294229245377,-1.359523672338656
-0.3051915313776297,-1.349234738891149
-0.2707660505627585,2.982605742784868
0.8091102680822746,-0.7439319942318766
0.046649123104488904,-1.6336373669052877
-0.8438878857186514,1.6819236353157332
-0.09590074478951652,1.5305917823235178
-0.6615659375005252,-1.8994944250287684
-0.9690241052740713,-1.6356737406766648
0.5286372919327418,-0.4711966867829895
-4.776115974878444,0.10810372140022857
0.4237266776902586,0.484426762857159
-0.7026869751113355,2.341625932217918
0.35066514610409844,-0.7268390088606466
-1.4691028069947503,1.6373731465009587
0.7043911930497202,-0.16552352862403077
-0.9065774107410862,1.5875809023340912
0.7873623118810861,-0.41825820151299975
0.29612278992850344,-0.29092783979964754
0.8160043749488799,-0.17842037516243353
-0.3899307144890731,1.9279154422755278
-0.6642763431875461,1.938675314013322
0.32143796339721126,2.614172257445323
0.8422695629047452,-0.4539517453169462
-6.0495182447837035,-0.2132796995525431
-0.8645450184333275,2.7308369246925417
-0.2101545853568277,1.3644253853107993
-0.15904929604323018,2.186855464857967
-0.3505726865280139,1.999126859637276
0.32044962888346534,-1.2973622451187377
0.10669787257207318,-1.1478769060808107
-0.8178523182046571,-2.196172823000977
-0.034879359973578224,-1.2383643770303019
0.2741139253361927,-0.5752256791557703
-0.20703775580898726,1.319057241571926
-1.643607083987711,-2.025463994372205
0.35850028544806545,1.3035947546924747
-0.8903561443236038,2.288521589016159
-1.8542574742477926,0.7704013879274302
-1.1884272091010712,2.036603136509237
1.3299421792353292,-1.0303756912861104
0.6226489947835097,-0.34434968174195346
-0.3242895696077283,1.3136030440171262
-0.36924825333590633,-1.7820840175926336
-0.5282746511401271,-1.9362456859312804
-1.0387652551959745,-1.6450842382001973
0.4135269020333343,-0.8842379474026473
-0.03897683794593663,0.49281490156735197
-0.5672362556872281,1.1539853553938666
0.6608722602511611,0.902472191211684
1.1200513003967096,-0.6538570398976398
-4.486409961468475,-0.0553195481414443
0.5862101265818411,0.27115272084951264
0.03898358681138366,2.419691553194865
0.4672490320489451,-0.592159052262864
0.5174403886523021,1.3595242849717495
-0.4344039962577909,1.3497073817198906
0.23801118650069175,2.2388360444770488
0.6242526216435093,-0.7098631859755171
-0.518298788044944,-1.5723384040052018
-0.11427861575363275,1.7537556522553932
0.8704180803963242,-0.9299152732525056
-1.2070192707417682,-2.1181330500996403
-0.592796439123404,1.9442247810163695
0.40557201226388245,1.0850190239375763
0.4594004393870353,1.4344210996201214
0.39738948756529496,-0.8378653036123336
1.0414097811745255,-0.32768094479517806
0.47390254563799644,-1.0529073023856519
-0.8943515301649979,1.949635005621077
0.33602887208869536,-0.47574571611677763
0.6758660767266097,-1.0054166612811626
-1.2584580982594775,2.743415154169844
-0.6578813083007421,1.3632521776509987
0.5099013947322464,0.19804257019391103
0.6387275731033574,-0.23968128277572318
0.4025822265145233,-1.1467859850092743
0.4200143613185606,-1.2065692655261846
-1.045471677010205,-2.6304461694667465
-0.18386529694640227,-0.207121545883234
0.9142200199241624,-1.4645780923518728
-4.422552238529361,0.5031008991492619
0.267918999251961,-1.1869933512410282
0.1889520938990838,-0.16132185797700424
0.01344812953030235,1.0694647755374327
-0.10198115221721174,-1.1225672756350484
-0.35227813806199093,0.7580479416751398
0.5236113452576007,-0.4826403861510404
0.126075510849274,-1.3206903108461439
1.1917629776711451,-0.8875560908998361
-0.3326181559266864,-1.387772659344741
-0.1940592570238367,-1.6368705127739518
-0.44154711558061593,2.2218428093937783
-0.6406061957338861,-1.104154971170709
-0.015059329330629123,-0.5297752303823053
0.32337436956588367,1.5487255937470121
-4.840319177005504,-0.10478054130429466
-4.010700652223864,-0.6842783812273838
1.4472192037490723,-0.15674259427690337
-1.0358551923000958,-1.83637109927679
0.3158075406104457,-0.8558715833870838
-3.508421490850991,-0.22441453695302793
0.24862438837564343,1.3762677428259955
-3.928515863255795,-0.4841639035788648
-0.2614070162511989,1.67346184782318
1.0076078605695387,-0.018465298919444033
0.05198598563751905,2.1608572154693317
0.48643790584439106,-1.507595652241034
0.31894333257503193,0.41854321777243797
0.7523604688452921,0.4112163091614265
-0.021121301401498187,-0.06860628476443208
-5.28515168553583,0.20946125057115111
-0.04187089767210771,1.7078628447538229
0.13350143948220072,-0.7941353503362335
0.6918980036548986,0.07945108784453762
-0.3012168340948302,2.162817375515029
-1.1431146204204916,-2.1590643884861054
-0.16962820586741645,-1.1273213666813506
0.6904803648344648,-0.651656447499504
0.768739886466726,-0.7511360331684206
0.5669718807291981,-0.8375923590300716
-0.5262764396560169,1.3766297143198252
0.4580260889397977,1.4867104287934105
-0.0812945901554806,2.197174596985627
-5.323510883814721,-0.4238901669641509
-5.725509170416692,-0.01821551747259948
-0.08495258678866387,1.0049222675231415
0.2839542332795655,-0.7956568494121583
0.5893102235668785,0.2307386276266945
0.7724431969656377,-0.3410113569712456
-0.767009052155462,-1.8730100559388236
-0.047856910682989515,-1.6837762487240686
-0.9105791609727023,1.1948073497934133
0.010659074683951589,1.7310201674931551
-0.531848460544964,2.5524402321389448
0.2958720733757076,-1.2132770352944102
-0.8293347205296209,0.8949083572941328
-0.16872646276102457,1.9030033182178019
-0.5330640764462393,2.480628718222332
-4.659396232122832,-0.03669350564602055
0.40956161068787256,0.33763420847011943
1.31081504612311,-0.08035294251739453
0.8891522788657245,-0.5092247796968428
-0.7609694674593632,-2.2572394813130217
0.3041987114708946,1.8404630075945163
0.04513533775402919,1.8871276523124363
-0.4568793430273586,-1.371328876396875
0.004387679962072151,-0.4924567127202289
-0.309387264808258,-1.6310320565488998
-0.024452447553049206,-0.06498384266542998
-1.4221614837024608,-2.7001119959568984
-0.6968428836414816,-1.7775222881734127
0.7509923029280351,0.006471312640828238
0.22895424715964574,-1.4133954739921992
0.8199883389307513,0.09546615127125507
0.027296813478443083,1.4193804914011374
-0.21265126215862667,1.3333635321703123
0.8944547175269292,-0.25634054535577994
1.0256973908629299,-0.8248003937724648
-4.991519072924195,0.38013607656709913
0.39536070797366624,-0.89878709387668
-0.17121195569916486,1.2801697025604353
0.1996977666677739,0.5431077892572314
0.8582365876256958,-0.3587693309302294
-2.1413581335665017,-2.450504822749628
-0.1851046506681425,0.00975414636832383
-0.20056940936227782,-1.7637452117654846
0.7640562717182185,-1.0845272441955023
-0.22369867157678122,-0.9489756817414975
-0.14962712317686433,1.516119061059986
-4.785947629928102,0.07190150248107792
0.49629057762074413,1.2061034085995372
0.5541607434180148,-0.503098881262531
0.2295033721667712,-0.7333630876940883
0.30048488435756543,-1.3693352988201726
-0.8248305032366596,2.149788316826262
0.6051746465152983,0.11255661305144503
-4.8836279155421085,-0.0008833729555347791
-0.49955664430151914,2.5371126419305687
0.47687376328282877,-0.23637153208359155
-0.24067612667784916,-1.2416020030855819
-0.015232418416987815,-0.8655542283516756
0.1942334241862807,-0.18585501553645425
-0.6089046075975643,2.3975479640714106
-0.003451848445665753,1.1066211070712526
0.5788865339208815,0.633062133825762
-0.4597405441476256,-1.936760272444651
0.6426856346357448,-0.4808151206495221
-4.823644569282719,-0.022102576278819397
-5.018185196491244,0.07858613638427268
-1.669072297053008,-2.8077719703138295
-0.08039250559664471,2.0558124872845864
0.8858460808675971,-0.8191205531913236
-0.7533668454105114,-1.7097751162690713
-1.3488530788867388,1.3926467245506626
1.2808823351955707,-0.3418818156652487
-0.15625871437281738,2.2128462391199775
0.7132650354184044,-0.8026171525776129
0.45314649621900827,-0.20384071794196543
-0.44275409941754496,2.5366130342348034
-0.23017317428936346,-0.4999478009653262
-1.1445128354467222,1.797224134348811
-0.38918323381421693,-0.9333902632475438
0.540680960816883,-0.551098501026664
0.5141348246864214,-1.1620806489572193
0.08156381083094287,-0.5380003664848303
-0.3300240184441955,1.4970046034822584
-4.293385137893306,-0.3614746318822688
-0.031911629863588524,-1.6205998415821719
0.3134546593461634,-0.9597859523719202
0.4100601456702785,-0.796625815839393
0.21656582828748308,-0.6526750451331125
0.08115197557803268,-1.339900601958447
0.9443312183337672,-0.2850736240694987
0.741043879009206,-0.17141618599383365
0.14595114606087434,1.9021067217328154
0.9426450413375788,1.4995747190004547
-0.9805604594259115,1.5164754341051074
-0.1800850487637473,2.4260365491475127
0.18047617290925502,-0.042317350710694444
0.05068197589741058,2.7556915178522465
-4.7183261930006966,-0.4161814594591769
0.1442411490550305,0.6881259675356275
0.850393733197726,-0.5342664527598917
0.5007039958848744,0.6425310813018302
0.4710822113481578,0.07030881354385962
-0.887538640502233,-1.8047765974554737
-1.8711385022326434,-2.961241614357576
0.6401687039618159,1.1937292865372122
0.313090176135788,0.042138097876068786
-5.40984920024568,-0.3808019817850439
0.6336921157572203,-0.20115501452251602
-0.24054240331279908,1.9007491303795445
0.324237694809105,1.864482007881809
-0.30937087379634787,-1.492463833315925
0.890808898781336,-0.2712150085578734
0.7908463354412644,0.01599421556626782
0.9834060788528419,-0.920809177999189
0.7351061842447133,1.2600925768801865
0.43522263925629096,-0.3711208033989295
0.7321001557132186,-0.4504562923707485
0.12720756502440733,1.4147920515373724
-1.2793807425727999,-1.052401867634059
-0.10270500015195709,1.7470121010550104
-4.377346616195158,-0.4059983374917604
-1.523279053593393,-2.376531219033687
-0.5822505764050233,0.9727809609043793
-0.8006113907884581,-1.8760078072188384
0.4053848740332881,0.3439557614204681
-0.5281295757579721,-1.8390334829172506
0.8814304292186999,-1.0561959654148485
0.8170604219985873,0.9560874301417286
-1.5799749330504125,-1.9378053314769106
0.5379089696025497,-1.2909170879130651
-1.8651322271449258,-2.488260641724056
0.9808987811582919,-0.7576110781377549
0.05248242954945816,-1.1215552082014053
1.0559872391892884,0.1992686777483761
-0.2175171664914119,2.357464084860905
-0.6197290044226573,2.877449615290477
-0.6282906239740487,-0.09423948532061352
-0.4110735739079292,-1.5186607652900996
1.1364142187479598,-0.019647670880738443
0.34521185559760653,1.085860837232059
-0.62731040236042,-1.5676818619000035
-0.6709642249374226,2.857416780362721
0.5395335314025993,-0.4463558862600342
0.5290781564681588,-1.5001578524762345
0.7648162715632115,-0.46931570091341995
-0.2513557164565565,-0.9757206180469071
-0.5470670545393712,1.9269664229597299
-0.6616157681890752,1.7877610755211544
-4.9291788685674085,0.9250532721270776
0.3083933554756274,0.7337238529372533
-0.11333745498773794,3.2099563506935165
-4.4698149201722766,0.07278426920806784
1.4025334209192977,0.44710112715735917
-0.6622512623357676,2.2829688684163014
-0.516440616493591,1.6927181215829314
0.14685672453127743,-1.2859045259476927
-0.6746995021790113,-2.3269435813900707
-0.5854066789098239,2.406131863749483
0.3945611430999702,-1.154793271837231
0.48323464325773363,-0.9770385048968129
-0.3285281753876072,2.0630382551542454
1.001591566309007,0.30362973154680456
-5.235983477869848,-0.3076226522459158
0.025364531109119078,1.3848169605207539
-0.543443990511598,2.198222237296604
-0.5821297665341123,2.557740311265335
-0.7215056416502967,2.0888988866391354
0.48424995203837423,0.9433594528882769
0.16102664053849777,-0.23924767494934282
0.9562720201836414,0.12205403954982628
-4.9566417751277285,0.03729475626558276
0.7158321971382562,-0.34504858386217496
-0.5781746868084047,2.943646048971652
0.1457895467883173,-0.6651785511037481
0.7253353236397267,-0.5647887436756409
0.11884558071193418,-0.6591688698534729
0.13804442284803467,-0.940358720384777
-0.5491307579027015,2.415335633629048
0.08068981963988166,-1.1778536153338552
-0.4013135233487708,1.4562813315079466
-5.095720617097063,-0.4970336299769263
0.5823587706697801,-0.9027737046685184
-0.12181698507431162,-1.4136697538379297
0.7786395779280485,-0.4504986922071447
0.9986752130983956,0.651759819313661
0.16069586781206457,-0.6395547327681158
0.8208963943682723,0.4007760064440053
-0.8571935909951038,1.9363935766116684
0.7243658865589218,-0.3837728122618598
-0.3610784907064265,-1.3163683014722685
-1.1320514994381312,-1.6409408826788097
0.5720585104301397,0.46182764696883966
-4.8592279841689585,-0.02130509287489395
0.8092021145632722,0.38351971237416643
-0.3395429628886333,-1.8218851772251068
0.1704553952799988,-1.8290566591722346
1.003632933628845,1.8469005966646896
1.1105434076418965,-1.0941944314169532
-4.3684377109989025,-0.31575219555698325
-0.6319094658637648,-1.980388968674766
0.9557052306703407,-0.1187947450782965
-0.8048825652232323,1.450608402112686
-0.23375368629217838,-1.1219926582063264
0.4713043722939508,-0.3824623831757186
0.19713652875365667,-0.007432386440090302
0.853336619767648,-0.04954213146055017
-0.47835100468440683,1.791228521431765
0.3522766528416043,1.8032109775196392
0.12106490210164465,1.2202682825714315
0.675600293265971,0.7907666240148686
-4.369766620885556,-0.21150572232327905
0.806695308296798,-0.2241736800116327
-0.8654962968491318,-1.5934586947768172
-0.7904944179449827,2.5992195964013782
0.09462688136927642,-1.1248960916586688
1.110571274719935,0.5071268711098991
0.2383833606630349,1.211661785743464
-0.8134103208007404,1.6450228031341732
-0.9054362877150417,-1.7596181392168622
0.5252895074906746,-1.190107243794012
-0.45124145730543447,2.944139244690412
0.424679052196217,-1.296328144466561
-0.19497926908880284,-1.671907829906505
-0.004228042460140741,2.1378388350338406
-0.6786568453575035,1.9266036577825991
1.35246871593511,0.3698434517807613
-0.5473563948982045,1.4456889906925365
-0.3163847078523295,-1.666086546708801
0.671251140146991,-0.7971077655668515
0.1272636523883073,-1.1233053313785035
-5.8080088855863945,-0.9973644313383122
0.593004040711803,-1.6002704636018585
0.7179917459961621,-0.864855011392835
0.2552939535811753,-0.6069730836338689
-0.592288775771323,2.6403095281724136
-0.25741991746343595,2.4700267524819792
0.6594712082264786,-1.020484626964592
-0.295890843487966,2.282007515620464
0.2301755368926538,1.2731695905545621
0.4264194168905641,-0.5883081621332626
0.3799558632173745,-0.9987981037343849
0.26484321942062616,1.3518562887635397
-5.081431797563404,0.3950336993628215
1.0071735432390139,-0.23024671574072816
-4.07374238402731,0.2866934824856065
0.5873610529963385,1.12033818840955
-0.3670291605054857,-1.9031428806778246
0.5757152665501823,0.7683532990925316
1.0556654490283457,-0.3729546117016365
-0.24360770756341737,2.502515913968726
-5.3984123017421135,-0.4203277090216713
1.0073162933562312,-0.09911492661374377
-0.15085215220950512,2.0842314407176863
0.571770776114193,-0.5407366470261971
0.8098625021652996,1.1321604686440612
0.13362407829908654,-0.7854519912402037
0.39963360487846433,0.5624872931091662
0.2643782497808794,1.2130597717969862
0.2501611886367561,-0.7622395160813411
0.3530236086457496,-0.5118926024341935
-0.30024153195858216,2.041061745903296
0.46649570471695556,1.0044490486885047
-0.33659250732645374,0.9679904497158619
0.9088038642505161,0.09624326151145499
-0.15834794402540692,1.2629057739688296
0.30188129856147966,-0.5885934623709356
0.9953489318881902,0.3704338338187796
-0.5641123634155043,2.1853357776347377
-0.6806823406417819,2.6743003014922766
-1.7589980804400944,-2.6943614940896468
0.4213511499463151,0.7388778713444001
-0.5765422837792572,-2.2839893667887474
-0.6286899364308128,-2.2191411285054348
-1.1173002648919033,-2.2639621123797165
-0.2832580590204324,0.08381728285069377
0.03279603662891383,1.9251645083019162
-0.6403518521050932,-1.8368751449380776
0.177162995836002,1.5816446710993763
-1.465920175650941,-2.5054796052205535
-0.8754773442586833,-1.6884304037462572
-1.0402765164985248,1.4251777543593993
1.0905682218710921,-0.030915961007914612
0.7294746797250399,-0.5577323648377666
-0.23501962949681338,-1.3165217981064439
-0.25120539538867626,2.3400116005803753
-0.898614296927606,2.272821513931797
-2.8114743530710213,-2.9808944811494835
-0.27093651621830545,2.5883628225638664
-4.455900712842223,-0.24802281731508385
-1.399868423324224,-1.850057104376681
-0.25519537534410425,-1.2074054376285739
-0.276819927783676,0.4637113063713702
0.6532071270988836,-0.7471717950913178
0.8057383027581273,-0.19757970412971781
-1.041423619624828,-2.0998950007202484
1.3872275169317285,-0.4627836722137657
0.6551055684563504,0.6165108461023073
0.8063708342212984,0.36369506690528164
0.4021075547113787,0.07849722207944292
0.8702975035686381,-1.2814809670384268
1.272759346120632,-0.49520842252844777
-0.05922873828971546,-1.2755065045514116
0.4230225782757523,-1.1983501162504524
0.8421879090562373,-0.3241896953506748
-0.4418527652328395,2.393060625601506
-5.644046400831582,-0.21175296012581946
-0.1516345194539087,-1.6584179729439512
-0.5804360735869686,-1.9557281132994522
0.17085349195294228,-0.4788017185371886
-1.0067594794469943,1.8519310498841923
-5.048879805838138,0.314326343189111
-4.219141663794271,0.6581009035248486
-1.150944616811621,-1.7375771630414194
0.06518100924523341,-0.8360876699149681
-0.4513624691218396,0.7833171255740909
0.4730364093827075,-0.8463759813117852
-4.009162872597176,-0.4240649225776322
-0.919618116548534,2.942067651163264
-0.5779093582235443,2.0058544671177763
0.424686586136949,-1.2985598834690135
0.3991690729351036,-0.2050188476172668
0.40970003486863316,-0.0548570780275971
0.6578457347749781,-0.12470976041036252
-0.38880935857213184,1.400094555136175
0.784276688073172,-0.4386945248010997
-4.214857506150211,0.44475941778044487
0.22931143835491685,0.3178011565295305
0.2900904546587785,-1.0902697427840744
0.8672937834601582,-1.086008283714628
1.1979667058989194,-0.20412484992662805
-0.0794291235702312,2.095336511332476
0.3690748718326053,-0.7026381129422429
0.4369497381097349,-1.1499561649375625
0.5892343391425123,-0.35217370507755297
1.47323374561193,-0.298481318068971
-0.18727302402813492,-0.8218876021410972
-0.6351431209424884,-1.4113537623534504
-0.045198377958989545,1.0592182746186727
-1.9588748616866487,0.04838259994720218
0.4392374142823384,-0.7201167345214738
0.3065481735087017,-1.4294092638797729
0.9170523893555546,0.3085967999899028
-0.47069026310088286,1.3492475167589708
-0.08600790979606018,2.414194836368401
1.0776768518236541,-0.35370542739723687
0.6372303823981836,0.026282127469374427
-0.38865088255239505,1.6718690507950937
-0.6529868430242667,-2.1935020089665436
0.29239608366177766,-1.042458718835069
-0.853556241850976,1.7943803539229681
-0.8300041191362896,0.9749183756121742
-0.16545729859662547,-1.2806372459076447
0.3512272599115574,-0.9386404600709394
-0.034543211756373766,-0.061347443266520585
0.6061886435571922,0.6961928627003376
-0.5654257143355306,-2.0889199997961176
-0.21737956616152881,1.2426997380549374
-0.021570812005372704,2.495814302611838
0.35926213964289555,1.7129766210734445
1.2644691776227008,0.1696234228047198
1.2668682943153655,-0.2287649859268085
-0.287331408843159,-1.0717513673438817
0.1117523779551339,1.7123753218283055
-5.039653486372327,-0.7118634612968058
0.590196204009355,-1.264299641343456
-0.14739288456810623,1.7000794707355271
-0.3825720290067277,1.0766283607002396
-1.752142781360617,2.3583142845207403
0.24755162350378687,-0.509634132457739
-0.3021986522432401,1.7999370196702666
-0.12501559614605562,-0.9012801029244527
0.4723026118780085,-0.6969544027605192
0.9443978100936253,-0.49722713300517124
-1.4167781364851957,2.16512237964356
0.5349377060208403,-0.5984656155296141
0.32937027120077156,-1.2235153781782657
-0.9036354040948619,1.4374257526185121
0.2551815855760998,-0.45626421023344327
1.0520707436542227,0.012621900206820505
0.6612282154518506,-0.6219661116554792
-0.4005051144385578,2.0580418420190876
0.14250605815469916,-0.3650352799586714
0.9814939728375229,-0.43610457147626763
0.08161804459669639,-0.9121972387360903
0.46275472350286595,0.28570598920754375
-0.08249622831591667,-0.036029912828795085
-4.744983814467897,0.5262990155570818
0.8198296654311554,-0.8424350001027638
0.5681812122403955,-0.24606297301609928
-0.03267465136070979,2.1157882659168323
0.2892203727860682,-0.1607781442792367
0.525495438048384,-0.44208686526731333
-1.0485397923756863,-1.7470400268121782
0.04397842172819567,-0.6417341658447334
0.4318270846937015,-0.9349198992758089
0.8820035635061064,0.34287096357749225
0.5443834706666495,-0.32313603430523535
-5.362938452719978,0.03343287251665288
-0.27899604175509557,2.1375170725488117
0.550173699831551,0.10859447627130306
0.23113595864883377,-1.0012661425704086
0.12585764103745575,1.476151241205007
0.7540212476795725,-0.12620176822306572
-5.110538107728568,0.10156841172287702
-0.11088861764537664,2.7175046171761106
0.9389107380128496,0.9060759771799294
-0.5858534567917194,-1.5606092122671433
-1.263041446884443,-1.5020310473306684
-0.40618153929985334,1.706105216825952
0.2643001811441525,-1.0753514789047633
-0.34831600816502334,1.6115262727845292
0.004266079746081867,1.9443907867685155
-0.3396782152174096,-0.7652369583644661
-0.1771928655637296,-0.9693102148824743
-0.9270172305639472,-1.5350190286839844
-0.3790821837409498,2.055848493197998
1.0226963961806057,0.32136878157715454
0.745258484158765,0.13610165787766754
0.17177920447206926,1.301823526718513
0.4403011685958413,0.2620656511443409
1.173589152955962,-0.20966470521731664
0.14602213308884046,-0.7003432855995485
0.2758151337070587,-1.0698759969943321
-0.2957182836680779,1.8044126118693034
-0.48329344156226417,2.283434648214159
-1.0062756883716464,-1.560311260468577
-0.26404338101905944,-1.133542548928654
0.8568931194847239,0.09178280285386113
-0.9445067397990659,2.014079425614628
-0.44347305497464884,-1.7349656181453406
-0.5717565414273853,1.4506577276897112
0.21927416418854404,1.1142316407986657
1.1749752496307424,-0.6618413813180903
0.5393537265048742,-0.7994060826296671
0.43599415115261,-1.0569940361220347
1.2604433869918676,-1.2333188357090303
-0.06306942193585645,1.5510370933397073
-1.0027764463388997,-2.313468465278638
-0.36331235184696486,2.156383384503378
-3.9218878583735104,0.2407752180705456
-0.3785013827604009,2.0471372718589764
0.1275362710358883,1.6055509968938884
-5.2970576477463105,-0.6663362328478337
-4.112071999552672,-0.3095187720738171
0.20903581118597742,-1.1923075841566029
-0.6458935162382502,-1.558704057036341
-0.4201256993917294,1.8166967051273055
0.35322700938725904,0.7366115577719826
-4.595150291097688,-0.12112595930306572
0.6616053056218394,-0.7638850886335705
1.3028920108103534,0.3496674534211985
0.9401749236399506,0.08137226117870648
0.4010596690446775,-0.9651049177338448
0.1625686757756235,0.846140126580987
-0.8527516044752459,-2.0612439732765013
0.5365688623876257,-0.6270398519174689
-4.760454656529636,0.021512503570106496
0.13021459357855442,-0.47240248646500005
-4.899482276514122,-0.038765149113280106
-0.11917989850349137,-0.7058947726074715
0.489983662551351,-1.348534876180503
-0.9111391823551782,-1.814153722620651
-0.7471657820492905,1.3458223863712933
-0.1309744231800571,1.5331570238076746
-0.044600424525227514,-0.977166285000148
-0.614552935541709,2.049918775069553
0.10581428640386562,1.695137670575655
-0.7722672450722152,-1.740588049423673
0.09854547375654259,1.3814580671545014
0.6088684933326193,1.4491639074588398
0.8201674543025411,-0.034903943754784714
0.1819256498155552,-0.5513880450946658
-1.4909419076980515,-1.8470256068459827
-4.889818075878864,0.5251502979138095
0.766060994847857,0.9611067287187121
1.0813581268618022,-0.5971843355591913
-0.24093354063065445,0.8432777108217476
-1.1400705659966928,1.9901892776416479
-1.0898352642869389,2.7708506765122207
0.5243997206465636,0.6590740677131759
0.5172080641646851,-0.5008893226992771
0.45402459535973805,-1.2451755617785443
-0.8322062911236443,-1.6753827802359336
-0.30471834618409027,2.4945805630070637
1.037200337451381,-0.47779915457575134
0.6998046299727014,-0.8204651681542027
0.7423224762464743,-0.9431013427300741
0.6023207310164028,0.7950985930911653
0.4709435736856468,0.19493557677258896
-0.2141094179878526,1.3443272069185683
0.34105644381691685,-1.1829768760779835
0.28018909121020724,-0.17963910468175
0.06620634187715065,0.7881401758705213
1.1412932069104933,0.10309665239993591
-1.5323690539989538,-2.246936835166588
-1.3451314323813446,-1.693221644634596
-0.2556165750339327,1.2187254000612187
-0.7214707006949861,1.9992987534646993
-4.6250170257426495,0.09197518545917949
0.5229202527805156,-0.5097511410273425
0.6411570912514616,-0.7325428342073823
0.6242358896086766,-0.27318245023241117
0.3006927525253765,-0.7645180982225254
-0.7854791025363473,3.1264766350958326
-0.13689469546448724,1.9315968793594827
0.6701574034271706,-0.34734657076130826
-0.07709040810996991,1.826201448311426
-0.7985927317416681,2.412355744229183
0.008284046499267778,-1.6283614755986502
-0.0827328718346808,1.051740427568844
-0.39827013853104815,2.5381345598899405
0.20475234221188993,1.5496567948067304
-4.863877696589102,-0.8602898984318104
-0.15593062505608124,-0.6109859051182972
1.036910994884102,-0.4980529459103337
0.5393766510978271,0.5919937902711013
0.05004895615367206,1.882325221794114
0.30057823839160047,-1.1858745713634018
0.5362467328726775,-0.5147879044680572
0.9216999867265614,-0.5994810093836649
-4.7994855090376936,-0.8019174874819753
-0.1782092716592469,1.371185256817324
-4.545345535224454,-0.5119720200186302
0.006640668598994358,-0.5892746539377797
-0.2904417387125549,-1.3743921459423656
0.09578380887021436,-0.8128539649216852
-0.1279784000955705,-0.4518630692483869
0.28138697028702114,0.06117347855407168
0.5752561060025815,0.10872937518805983
0.8713751053728253,-0.555919071948335
0.09360413044796961,0.9643358650373429
0.050687513285343,-1.7996160997424009
-1.0838633284278438,-1.852251484333756
-3.4978088371915668,-0.6681271267836868
-1.5822890227540014,-2.105556541055588
0.1444158133783119,-0.8329575261182476
-4.38040734207176,-0.190841542449942
-4.6975532617394515,0.5305301265006229
-1.6353058496082171,-1.8637734526400702
0.35891823213587737,-0.29804617906204234
0.08190007543508444,-1.3851107811609125
0.6772025976029987,-0.5042057241316931
-0.5931954207667185,1.8378530522263268
-1.0791313094133212,2.564865704897115
-0.7509169200704133,1.7000379490255846
1.1807277318406286,-0.135713433893597
0.21320823037428752,1.2206951683258633
-0.6441285500170483,-1.7023067172807071
0.2248529338400626,-0.8801889972045617
0.7682816120149233,-0.7080749249626049
-0.3389540849680719,-1.497068399251307
0.47986658519799874,-0.6665891981075162
0.3423654647085297,-0.2993009138705177
-0.6910322378528182,1.3422031418033047
-0.4225486471738523,-1.0767245054058465
-6.046592894901516,0.4752941216076582
-1.2615373814274062,2.216838111702857
-0.8582641160777861,-2.0621095307959942
-4.146588230330188,-0.4315341672695349
0.655923818652835,0.09013135653547537
-4.7764682277509545,-0.2632805167651246
-0.010220179005583507,-0.08056709783894235
-1.2902635181581876,-2.145348241100727
-0.10822146677369039,2.254149247382902
-4.206153380602689,-0.7304650110304399
-1.389553747451582,1.9625923746565044
0.1506636213577382,-1.21050013077571
-0.40071926262193636,1.49921802812047
0.6276241646245455,-0.36078022548509114
-1.32431924918739,-1.9401946564938106
0.8889223707556378,-1.2466885281996398
-0.27771636977498404,1.6475117279520517
0.02797836661295048,-0.689967740705956
0.7235191975816393,-1.0796987458941334
-0.9002694894021561,-1.832112769295443
0.10244574298560188,0.9208652441813499
-0.060358136741345554,-0.6700404234310623
0.25125449589138693,-0.41384320248682976
0.37787654246616664,-0.9560381212607234
0.8790755729156897,-0.5399522306535883
-0.3837557729312138,-1.5690938065034896
0.1044127397216731,-0.973777504417796
-5.114424216577588,-0.1947031253877281
0.39004409832436865,-1.146764925514588
-0.7525981080229291,1.6313779052475248
0.42554388429247697,-0.05279899040009379
-1.5486204096579663,-2.113945593864331
-4.869566560210785,-0.3140012059891394
-1.2872422157093704,1.7667657595716948
1.0438358020397345,-0.6542188022477404
0.039879362376761034,-1.4467861294039421
-5.6339207660236355,-0.4301348571466448
-1.4085143791688703,-2.23974583980941
0.2998201068377689,-0.9604967852980681
0.213974994808945,-0.7371246840244197
-0.5758720801915431,1.4453926760357096
0.212784299448447,-1.2159059984946092
0.6934972990433766,1.3311892409740858
-0.8573291715296071,1.6986984358763075
0.7185002001407905,-0.425411873040773
-1.0622434340803864,2.128383493529389
-0.18556036870046108,1.8938234294919039
-1.4253821648604397,-2.259727968008286
0.467958837386215,-0.9743452854768209
0.16474826821080302,-1.2614317303797387
-0.36065794572075377,1.9326274536596235
-0.47156796325530037,-1.581921062299578
-4.531809386502382,-0.8856822906028735
-5.3006031938639735,-0.17809845239739952
0.28497973403798554,0.016966384571861597
0.6506548910361304,-0.07943192026288409
0.7299426808459879,-1.9502379258166715
0.4817147377229453,-0.46748189410446
-6.054482354297152,0.3054620225768808
0.043931022376817515,1.434445700913398
0.05707981194074084,-1.242356395504115
-0.39014894538854067,0.8299356895760145
0.8461176536228655,-0.3368124514926509
0.4227075771585006,1.9684074942375636
-0.3161782323326143,1.8528210865709571
-1.6579304985126928,-1.8126045079452713
0.3015949854377947,-0.296942794215294
0.8304507096311212,-0.6773869444640473
0.0843784981689096,-1.2073237115649014
-5.454035932517664,0.008091374270894222
-0.090261836148209,-0.10708081176027719
-1.114225122561727,2.490165994081695
-0.16094656894329765,1.1735420935914898
1.000972406252579,0.02947398379013261
-0.17781565375864944,1.9174016286292486
0.3686082379932842,-0.6968855978307009
-0.9457915133935615,2.198796518785249
-5.427220737721373,0.4536153011804971
-0.6720164093231463,-1.3420858095074388
0.27387955024212857,-1.0794342255027476
0.7640825377289371,-0.8716650682540683
0.8227484022050778,-0.8216197375253783
0.49786864052432533,-0.11802931033357511
-0.5824413077200098,2.4775837016809628
-0.41470998993657265,1.7094202721075868
0.8248641904844147,-0.49257898541826606
0.8642255196716601,-0.7001467216666062
0.6755846718793806,0.4343694418365206
0.00848535532455646,2.415153292547996
-0.8905255917609973,2.3875872370448983
-0.7705820667821418,3.043835605023026
-4.4703711744456465,-0.5485235833974399
1.094877072293832,-0.912295041245706
-0.09869300849728944,1.4517886344503848
-0.14558636626877122,1.5700372033875722
-0.7497815277100761,-1.4656024224531603
0.16765035571691103,2.1628051477573913
-0.47162677591380564,1.384746183385347
-0.6853996663427137,2.266219497065938
-0.32145145994309593,1.680508114467234
-0.5172465360625444,-1.3735261159867727
-1.005569854684645,2.6176747586622136
-0.250771575239679,-1.5021378779753312
-6.0071042936799905,0.2572818210853894
0.2801147098148333,0.11909838279955416
-1.6279906779798161,-2.3652196294388905
1.0810318733291209,-0.8247782865480149
-0.7005868838759268,-0.5159376935862533
-1.6482126558112833,-2.5223900428614328
-1.0950037122964276,2.477500675726045
0.5936887971099928,0.7770616124939379
-4.6346478044608475,-0.034687859908881465
-1.8316206450140358,-2.634143658776046
0.6004696883064994,0.11384824272427639
0.05255764808415495,-0.7622998293115966
-6.327753470862473,0.1323562832293029
0.03765648426375958,0.8460390614813863
-0.7434449988432308,1.4714167736658934
-4.6673545489815,0.31485876970867865
-3.6948631641309584,-0.3974792066532046
0.26460575989261176,1.599866287312311
0.0388840736165378,-0.6649588191755319
0.6604466057046965,-0.1662810415248613
-0.6058423767688835,-0.8200738406835841
-0.7698572427058856,2.6934506552110573
0.6526273996931309,-0.15209195858483662
-0.1436522956625016,-1.5003823120870223
-4.646832191631384,0.28975394428424067
0.5546762721588723,-0.788439723843956
0.18050084260338678,1.1317366832331173
-0.10843589367714328,1.4970568905940038
0.4262714526335642,-0.9221733018246517
-1.3607430866461767,1.6906953197732402
0.15579121869820023,-0.9561916373106043
0.23988107936084851,1.3122278767995457
0.291545469907505,-0.41323417227624576
-0.9061962429404601,0.9715869064587932
-1.3428570424871995,-2.049072273610828
-1.316414209562003,-2.0423092907465787
-0.264662150336679,-1.157845501792835
-0.1551469430183307,-0.9875815479085607
-0.8395793261241338,1.0762678601642437
0.062285746216746506,1.113846651792981
-1.3033044907653482,-2.6222622768633084
0.07905124358884304,1.379840278759427
-0.8998269040462841,-1.912498748243953
0.6853931212077151,-1.4363753340330616
-0.298862755813781,2.3297884646397926
0.11686206023562645,-0.7646233684852757
-1.695268087933846,-1.5636128124489062
-0.15050785836330902,-0.9089928020186695
-0.6578351740686909,-2.35716630148371
0.6300591917750994,-0.1582163065590599
0.28859065153965124,0.6430081637665397
0.5075446930976729,-0.22769346057789203
-0.07123214440445201,1.5108611636306313
0.19005060048426395,-0.5857951071562439
0.08212874281353896,1.1031926664682459
0.6215752543841638,-0.7894797104316363
-1.0671060881585275,2.1385353979731883
0.8696631056268607,-0.6537757510534121
0.9671661293965341,-0.4450987546004048
0.8291021410415103,0.8981376931608313
-0.4539366397362493,3.3375292835217447
0.13987639600023039,-1.046787839447696
1.4258392515374203,-0.4496743542987679
-1.2360939331952407,2.4602362335258916
-4.834192648977335,-0.047303971352404474
0.3447682907408866,-1.736688091997447
0.3347834530769339,-0.8775317433042127
-0.15254461763023555,-1.349163607879257
-0.8209242083100008,-1.541217871165831
0.7102197243334939,-0.210903116573659
0.4581915341171177,-0.20638507655194666
-0.24059780275646847,-0.031827078193454074
-0.8229043243713771,1.809599971936863
-0.3849636825881418,-0.5957459812086306
0.6276110587922599,0.16690402558529804
-5.118696207719545,0.5311994167919248
-0.5672028779281798,0.9431436217564457
0.27115790050449595,-0.19344460659534948
0.32107043452661366,-0.7734090485452907
-0.9313995175058927,-1.1741434723249922
-1.0000454988186172,-1.8049476988244058
-0.14827158484416944,-0.6244524050253351
-0.04807070778313577,1.7275917820712123
0.7606483149024913,0.1568344415824303
0.625554639102944,1.227744330258438
-0.3618692886493797,-1.383468117430344
-1.470019850999159,-1.3978360573331667
-0.927470915770366,-2.0221049957268926
-1.0286089917886283,-1.8119593233529951
-5.176047554340964,-0.6717038127008796
-4.700761561645113,0.37410847171659384
-1.2698500977036598,-2.0617954156639233
0.28338940304950166,-0.93796375726798
0.28200629259253357,-0.7969754989571322
0.11321400905750285,-1.4719157192587904
-0.8756454838487907,-1.7210052130130076
0.6907592120917891,0.6356128396398142
-0.09775272117910355,1.9744996167026005
-0.6120122693289131,2.119311222583513
0.07071385235800418,0.688809954197263
-0.8175446085532772,1.8381182021164075
-0.9688877752520235,-2.0307458256894697
-1.0294656509943916,1.919210937635531
-0.8763904170696887,-1.6568617149922378
-0.17594840118059896,1.9839868099591538
0.20384464728017224,0.8217185858864321
0.5730632248463599,-0.6445309386957757
-0.04735599064977062,0.18282744782991103
-0.37160167886511514,-1.6270240554388347
0.03873384509810787,-1.1313309386653025
-0.5044282149515024,1.8221212826406348
-0.26189944232933043,1.6789418925847908
0.2824228874189263,-0.42079297918355674
-1.013085418965941,-1.6736060236616745
-0.15266347742839867,-1.5282699469534515
-0.16480926607834437,1.0134803262102225
0.15477515019036786,-0.136377974205761
-0.892735470645723,3.4553797356801663
-0.10845411925644428,1.5411449610011765
-4.871303567622616,-0.3215583556488718
-0.519333368181306,2.473395305593964
0.3473285645977872,0.14045684304247166
0.48700456778674217,0.9992198881037674
-0.1303147649069763,1.080849380930568
-0.4249235309020837,2.271611806723883
-0.593841826470204,-1.3171877240885517
0.19863210175705054,-0.7318409216446963
-0.344504429355432,2.322237551850664
-0.7924048166122033,1.7461971384039594
-0.4251767683315033,2.0364404177068827
-5.42262799168129,-0.480776462459065
-0.04559088018344944,-1.2789592639922744
-5.294993473442998,0.20837727412683843
-5.793014376790263,-0.11639145020510377
-0.052647227556078965,-0.9746921191238039
0.12260604709543117,0.9872474433564004
-0.12035334250266923,-1.7356990897792581
-1.1964731722020374,-2.008291935162639
0.38732568881649604,1.222060822164827
0.38443467687442096,-0.6390146112221464
-4.929779613050645,-0.734523168707659
-4.94844879643816,-0.0245562744535845
0.09497455699875869,1.1699679684113393
-4.966751955101641,0.30079227157449995
-0.4373380264179937,1.6372732231412814
-0.30124173086782946,2.916731981753804
0.16341315806884357,-0.5567338527061129
-1.5756347711976493,-2.259200840756203
-0.11884062390219606,-1.0332308584072634
-0.5044015798100545,1.3785741988871152
-0.3753873456617745,-1.4377323311185262
-0.004579338383527358,1.324566534396113
-4.501050358758027,0.3816279875902191
0.48902680624859624,1.1088004972468248
-1.7994613119054348,-2.052598324132366
-0.5473562421452246,-1.617222205320513
-0.8448157700266373,1.9588922244166913
-0.24674746768527492,1.3151804278583206
0.09681228445610743,-0.8343531649176495
-0.19437258204664426,1.5833612540167123
-0.6443680119969118,0.6406184724167068
-4.878364185602844,0.1253005037767032
-4.977722163703956,0.13989272834119532
-1.2698663627062132,0.3763619335853006
-1.0291889843272066,2.22836831480326
-0.2131750875392463,1.5982955107005055
-6.134952622807362,-0.4310421029603224
0.41652425383367325,1.091699126033596
-5.137239079663898,-0.23411349409341956
-5.148187420256884,-0.7364502701073368
0.15098621959668854,0.0201630265331124
-0.3152159346809362,3.3646976051878967
0.07799580564208289,-1.2608334727678192
-0.02891003393749784,0.011892430002995618
-4.789886369064855,0.15559880782562938
0.06402293378099093,-0.21161583884908647
-0.12780358134636913,-1.0013665246237373
-0.25900937602472596,-1.1962427286743156
-4.432383518133116,0.12866798844711066
0.8538002792935602,-0.3526543124036055
0.05250986643852188,0.938946890991476
-1.8100751405048263,-1.2925220583061765
1.0926484917558716,0.24430919782843225
0.5937976509016781,-0.016154213893196382
0.1315706210516335,-1.068741378692484
0.3498285874761314,1.0626393484226364
-5.52556299713832,-0.5273303004668027
0.32565317059361376,0.805375688117899
0.07622111480823739,1.053966577682234
0.1276630848126647,-0.6998426285266488
-0.7450719268515377,1.706290618627399
-4.6182750305323985,0.0761759974151872
0.33371102484846615,-0.035526792785871855
0.4917335026124384,0.2391949396041383
-4.024088498457167,-0.7385472539998852
-4.14558240656321,0.45617285588171125
-4.299113502869663,-0.8809206891149058
-0.06142003432132448,0.6571479611154839
-5.7600513411406,0.4023217820894192
0.25777356026803,1.5534144632269078
-0.6146343521624626,-1.724917914422069
-1.0099477313820873,2.7915183778997017
0.252420909409182,0.05289433525617127
1.0182916329186165,1.13334528797906
1.0129941167496768,0.009954064006821015
0.6798259554289467,-0.3006449331252232
0.7789960598972593,-0.5898980228810974
0.05652386849044067,-1.2376983815474143
-0.44540103208427567,0.4616206508591867
-0.47997810477537717,-0.351932569744386
-4.769691057064767,0.43399279101779975
0.7331370728727921,-0.8598090263898431
0.08209433650384404,-1.2483451678553557
-1.8875579720317375,-2.629662862342397
-0.2359777460558048,1.7883500179480394
-0.5441596029392763,1.6045066338386385
-5.943418733632077,-0.2533448241514945
-0.9421715401394003,2.1844111252578498
-0.45624209952775946,2.4063774341334305
-0.4831744027926596,2.659852703007534
-0.762723544424822,-1.1189374962683707
-4.539699909218734,0.48071910499968157
-4.291226037019114,-0.2903028458496738
-5.091329880654206,0.01623002889739923
-5.839863077453121,-0.47994449556697616
0.05902238524014279,-1.4739253425122707
-0.2754819501367509,-0.7031620382583876
0.4075082124621821,0.5774151760165392
-0.3200508974933513,0.8123507008493953
0.4737242193729949,1.4551291935636503
-0.8925045165688088,1.9183842787169585
0.29887398247999697,0.4204169950682239
0.6127083218974372,-0.29873165359872306
-0.018087413853863202,-1.9391453267689491
-0.4163080902589022,1.6383103765795943
0.2146833376293485,-0.9762841724854558
0.8743358599580807,-0.5712024635954855
-0.19506693685518814,1.1467254027761036
0.8133900387709724,-0.5652291507047281
-4.933993692956205,0.048849453673946726
1.1700928248236708,-1.2254484168280007
-0.9933206794955994,-1.6951390782331834
0.7771387299796821,0.28266202200525403
-1.1960355036700498,2.227787123067356
0.6671219871637541,-0.5232951585365463
-0.527791089632057,2.0408594270746665
-0.7643791619707735,1.1484813784504344
-0.4546643294170656,2.5449792655538093
-0.7006010319343072,2.40304262616364
0.37053494420293454,0.06782650413615988
-0.2211228104483953,1.0802629368046701
0.0030980747284709695,-0.7730751096954812
0.9154893598599279,-0.3211634738474487
0.7869775933275113,-1.0813385776572564
-1.205022547299196,-1.5465725161970911
-0.34321942245006604,-0.7110173123799468
-5.307048938853782,-0.1564276104051349
0.4908582481684043,-0.5191123143864107
-3.5076288164677654,0.2935144369698501
-0.877639583431395,2.406140822941301
-0.36374440280362436,1.477188706306881
-1.1794847566305537,-1.4982324530281035
0.5600833819781165,-0.05528421487750978
-0.3827746767960852,1.072135448273734
0.18452748201218008,-0.1058706804306504
-0.16622159866426628,2.0406521613210953
0.8509744707260657,-0.8207158066800548
0.5231992972402278,1.4574691303268725
-0.6967676061861642,2.3866710896756946
0.09405889378155312,1.0843875027571905
-0.24837799419549494,1.2445681238383006
-1.6777946849106662,-2.294270985602576
0.7343345497616579,-0.09967998533583305
0.2912875712999271,0.4914682746468831
0.41109080413044363,-0.42218696283551266
-4.4118084187657,-0.09763747638358693
0.3172548929485758,2.1925162545922183
-0.1545172849366734,0.5532829483775059
-0.4339988505034264,3.26161327179413
-0.975941045062813,-1.9496913730851326
0.7168725404881567,0.2720640920476349
-0.003645878196587642,-0.9987195544546731
-5.128359855348443,-0.4024415707815522
-0.9932673851723473,1.115899900785005
-0.09964778265189715,2.020212813333734
0.7414144356658959,-0.24097995172872141
0.7765715916588843,-0.17933599026521327
-5.422604514922203,-0.05632598527428047
-0.5101393628431458,-1.6162039422781502
0.7338779273157489,0.5041917693993851
0.4323248370714777,-0.9487698419145051
-2.885398801070582,-2.4445220277725346
-0.930695548181158,-1.5190554681756803
0.0044142226299156585,1.9397410012325773
1.2633523044874597,-0.5444007015210149
-5.534601115178788,-0.1377111469041575
-0.375626051515715,-1.3390700875210302
-4.829590245239085,0.12165410617652418
0.24497312317342654,-0.15555609292507966
-0.09861171034504249,1.3554158781268544
-0.5466880350854038,1.3305519735467284
-0.8272827236104286,3.0968835621170587
-1.2325100880663005,-2.026024967881747
0.40684343028147496,-0.763967176295334
-0.5108936838751411,1.3922392254944158
0.5400272133669544,-0.6650703951821445
0.452568492671978,0.8187366394119716
0.2625001191429379,-0.20700894150643623
-0.06772454871087764,0.8993418461655217
-3.973762436819376,0.2538637746323793
0.4681405255790921,-0.7731054335774763
-0.9956589730542534,-2.076188693089682
-0.28464460019217314,1.8296203736468855
-0.49895248805106723,1.4525079823183267
-0.3825988752322021,1.9911787426392569
0.6261412532288679,-0.7729319286113129
-1.7828238403035974,1.4592425693695084
-0.4883428834721389,-0.8805100278071807
0.018363225248640057,0.2410951627804172
-0.18398673888710743,-0.41479806310673345
-0.6515378524354548,0.9175383930484621
-0.7109011433512881,2.2128006242773055
-0.19851566243466293,1.6316427784855485
-1.2069805424601672,-2.2630549872257557
-0.41176302434419454,2.637533765163892
-0.8119678939060297,-1.9350821038373685
-0.5425291591769958,1.017093267685884
-0.23099367610166308,-1.356754903443555
-0.8616184865757944,-1.3270848685659893
-1.2925259918709946,-1.7746265466515907
0.4643636229050459,0.08812812411164157
-5.912818870117758,-0.4701452387701546
-0.2637017893503343,1.5645888882737795
0.5481504904369502,-0.5864776931207478
-0.6004701902654185,1.7731896109826644
0.5140126784952574,-0.06583068238778977
-0.6789497569053586,1.0126553104206015
-5.878067566409631,-0.5123387152418739
-5.710004482284797,0.09087059407596762
-4.356578431031487,-0.7270343946041798
0.4569536860496352,-0.3901878859395769
0.13788164537761166,-1.1289641906002739
-0.6429177224019393,-1.3661106754398402
0.30825730681980834,-0.8942638732972543
0.7073765622748663,-0.5774647968414808
0.20103573345328923,0.9890077744878918
-4.8825106370433105,-0.2862185746113188
0.7207641342166284,-0.47682932873988626
0.04867041907132481,1.4077352685707325
-5.906053073929349,-0.07617982087152969
0.2718011680068945,1.87135680928084
-0.1613404370899336,1.9364726998082318
-0.2449876561230581,-1.8059588656942758
0.1331473148762594,1.0894414044764762
-0.22697485224000905,-0.8105948880632092
-0.06504488933847169,-1.6030764258510561
-0.7773190749583615,3.0120636291466414
0.49933666619083483,0.6208304885911692
0.3586213234819083,-0.21272298258119826
-0.8830399887296748,1.2737894957678089
0.5555403641808964,-0.8493852017222501
-0.7670055519177452,3.0958220355393125
-0.09913974531445383,1.0380747521850968
-5.007267318690135,-0.590114348909961
0.2264114462694028,0.5432391778314006
0.8660417530040808,0.5260990482981198
0.13692880770557753,1.4775508119682947
0.6661985114808722,-0.466995264324972
-1.3434657231620628,-1.730445172217033
0.5318420435778161,0.04423435655535059
0.2508442518933716,0.5588577877886692
0.18497574957515642,-1.2307819407372589
0.7745907837537095,-0.4230414200609688
-0.045184741013493936,2.1024729551902293
-4.342756610133664,0.10844948754120227
-0.5839317353235792,1.6716512634153935
-1.080788924767778,1.6953015607708575
-0.0020390770980082055,1.3619948825966186
0.1426782160152815,-1.7253664564960436
-0.3716104513638548,0.24020720993559344
0.3092111682416835,-0.945508931473641
-1.7394483536666892,-2.1799135381029715
-0.625868510783292,-1.3326484675691836
-0.922712404467129,1.9664514113549287
0.4036122418335123,-0.966635912455362
0.5182721858184002,-0.43973522903378326
-1.2232519661036767,-1.8171829324973752
-0.22650056454342682,-1.0015172392442424
1.1542059834632563,0.23775151564641844
-0.30283736654582705,-1.4928210278965637
-1.0658041452049685,2.3847645688171584
-0.5137479865694193,1.6006691102884285
-5.114379527847047,-0.47169926937223544
-3.6461841760719045,-0.016235317291843767
0.21414994606959956,-0.12992626033294186
-0.41274522488683835,2.173112635886694
0.858122386371005,-0.1450080016357035
0.3422449749501353,-1.4997894417336692
0.47028260747312384,-0.47555365731713256
-1.2280642379017856,-2.0754559417870206
0.43749916074456935,-1.081165088003304
-0.3592397435053329,-1.3478306805831517
0.6089039078447147,-0.3919224324426718
-0.040836509628325905,1.7563057851808583
-5.226566383830012,0.04978045152949054
0.45572312023410283,-0.7054569293095304
0.15226899724179735,-0.7712186511928529
0.3346002242038631,0.10517339090751028
0.21883645646931382,0.9983215075418556
-1.260918160411717,-2.249001958762381
-4.693126544997569,-0.20045850236854285
-1.3211109182308962,-1.7072061317833112
-5.357016814775974,0.4571164761838084
0.3096846684931593,-0.6769511876518133
-0.46597446681649607,2.0567825110805544
-0.6397695543657063,-1.4572321961355288
0.2584337208037802,-1.330664302652551
-4.322006583877103,-0.37951848917943853
-4.351230622151494,-0.14436264416398767
0.18576150330622548,1.3469916358189162
0.53162038341796,-0.6785371064849258
-0.824784511158937,1.2565503219844183
-5.054071048934773,0.7850954274954843
-0.24745285204568798,2.5785918219526343
0.710645341785018,-0.903828693143522
-4.829608432814067,-0.35293778106969376
-0.9919536257506001,2.759871626651922
0.32486845951306464,0.45628814107364885
-0.19835372179363958,0.01639677287548326
-0.07823257712758935,1.0213716607409775
-1.7194414972679581,1.646610384128469
-1.3952779329552645,-1.846877297302417
-0.023213830278368715,-1.2084665067985545
-0.006263057155695478,2.5449017837866754
-0.5156922794942131,2.4058666813230203
-0.7267051343602694,2.48908073257012
-0.8554781866371943,2.428887256038735
-0.2158926842631867,2.1179755636602997
0.5326937315901564,-0.6224404060948507
-3.049242288040398,-2.9249327010346975
0.3217858754948626,-0.9458224339199192
0.38601256394889616,0.09028023800601145
0.5639560397267718,-0.16450330018278725
-0.5819861264703132,1.6932851409093774
-5.049119852826357,0.3358368564777806
-0.24606605608896806,-1.0648561279780884
0.0038784499941455757,1.7043968884799823
-5.220739025592298,0.08434291197919709
0.43954862479345563,-0.9992037615087275
0.6667059960610864,-0.10318050503477431
-0.38244949832762054,1.3318430408401445
0.7574009612116892,-0.4697173963943916
-1.2707118576640521,-2.0288318375764716
-0.6473322267230772,-1.3115817026108452
-0.08183110286866803,-1.1656778497183964
-1.2029376859330572,2.0853183844492853
-0.8875798949073067,1.2199930674545807
-0.7004697274754673,2.181092663025091
0.4845784508411958,-1.1391754858474583
-4.716524011783822,0.673763234794023
0.9604160409160052,-0.6120767471615287
-5.582310912508582,0.26408264555539673
-0.24791084532948837,1.8251197827687622
1.1957467010089722,0.8100940936340686
0.5042580942120168,-0.24144015677105932
-1.4222303892499575,-1.3741381113325557
-0.8934792891444214,0.5199457689521461
-1.3692509012488006,-1.8285085890892674
-0.16479851896095807,1.2754697240637385
-4.738582249778601,0.11613116391808692
0.3004295249578389,0.24976199702428398
1.0778964354851124,-0.21150447476939502
0.5119202673752874,0.04458766405193042
-1.1587750452613441,-1.6950153432148405
0.02342525231100356,-1.033089148935504
-0.37064887850836825,-0.5807249039352707
-4.4417496693090595,-0.4630860270711857
-0.7863760704433523,-1.1839635953593795
0.08547417642134185,-0.4228539390759381
-0.024994788054681586,-0.4855685664406646
-5.149417558996303,0.09624714601644896
-0.752254895042856,-1.7777279480897956
-0.6659126994920237,1.301682942974192
0.8055776416400684,0.08718568345260713
0.6996650388989911,1.3485914194193989
-0.06368782909437277,-1.0625388680051362
-0.3173558389518005,2.549231240805402
0.8912583826523306,-0.5905586752080704
-0.6835494774799038,2.440162999924855
-1.6059271154364936,-2.42797355045507
-0.04619994884548563,-1.2256610626820184
-0.6429272807606482,1.2387847164137462
0.7664765402702562,-0.11458091798534631
0.6552473627624864,1.375808578405215
0.135739645905173,0.9520733672835744
-0.22850389014191094,-1.74488406622775
-0.9902235395498243,-1.439877200381121
1.4993436539346288,-0.7662576015850795
-1.0044932766343924,-1.566909485861802
0.1068099622712409,1.2810978065612353
1.0050364330050476,0.7034269805725907
-0.4850274499752329,1.5223295970663218
0.03606832324538541,-0.26553396385148176
0.7302311838371599,-0.06846145094442305
-1.0184850669404493,3.036700295469295
-0.24702998334545243,2.5806269324906044
-0.5591700660087708,0.8985944247001414
0.13249458473734418,-0.6467231073165853
-0.7963591230025789,-1.2016582293162257
-4.561538787242829,0.10042785982848355
-4.41052635352976,0.22054404037265946
-5.136109951285267,0.139246558132193
1.0787121251902403,-0.39411098147007634
-0.42041897017903473,1.2837394973649985
-0.5793567950435843,-1.4538198271834555
-1.0763378618994173,2.9545276217447554
0.7719616941372133,-1.420674769563704
0.3815152463100941,-0.34264277279833566
0.4844648531431679,0.488383870898829
0.4667088419101002,-0.03503561042396997
0.9217583123887115,0.8801528663267442
-0.6033444919996428,2.393355961249773
-0.41440265450731306,1.8256739922737022
-5.493951403378627,-0.07626400988281411
0.46506943775847903,-0.5244154542041234
0.7071698309177145,0.20365192239181615
-0.14858305862112145,-1.320186172429263
0.6561249626190152,-1.4878444547344452
0.4613560551124185,-0.27195635392052553
-0.45692372929341946,-0.2129284788796319
0.8077432003848514,-0.9273382954212253
0.3954036745219034,-0.5750084432132885
-0.5042481617893306,2.3796189647079693
0.5934585422611497,0.221914418362435
-0.35157175335224417,2.5980075856788507
-0.03138231636083391,0.4628141422157427
-0.35842022613591756,1.4163673913301829
-1.1738890687036672,-1.964307441990214
-0.6755632884619807,-1.7875798341270175
0.7384804198334253,-0.5047398688305431
-0.7366572744334012,1.5639075095016532
-0.296079410290811,0.14398768172662474
-0.23539342717786613,1.512319398432882
-1.207390763536873,0.8890439248029747
0.7796162163147364,-0.7664441563218521
-1.418203693985491,-1.8179926097524988
0.06407883602884562,1.1889844491151507
-5.01874326865601,-0.05443689234384495
0.5678872267175274,-0.4510684193591022
-0.7608022927911138,1.9657820298075723
-6.279394757097348,0.25101480850626456
-0.14989326409469855,-1.2619434640655613
-0.30058003607172773,1.8043586758634056
-0.5053087739663216,0.9950782038577634
-0.620971266936933,-1.7255703058945455
-1.1062852207988711,1.038110652562298
0.4876990163479023,-0.5915283767327412
0.6493429850947569,-0.39364903059020345
0.6936648082171933,-0.008302224482757794
0.2955184865131014,0.6858401922649707
-1.2441227733900933,1.6638432573412787
-1.261819038016051,-2.10842881503587
-0.20850001868891263,-1.0626625361235242
-4.5219547166310345,-0.12303275388428088
1.3762602438771683,-0.6178329233833413
-1.057303937565506,2.289415258652179
-0.5363613285551051,-1.5496239845187698
0.7477443418842271,-1.038318428329263
0.09798721060072604,-0.8344869562269266
-0.413428818397523,2.648481838429315
0.21565618989967905,-0.8172356189122016
-0.09920948352016627,0.9917194642865168
0.631338137887579,-0.5463261086295839
-5.577814169231289,0.1323981032753593
-1.067509001512025,-1.6328447411584504
0.6057956070208634,-0.7235267555079187
-0.202167588504415,-1.4625723100343617
0.1362368015596732,1.5175392186155727
-0.1572475306770965,0.03928673859578969
-1.490525983856894,-2.0901846695002924
-0.29716566425266006,0.7409978297198886
0.6205513806986104,-1.0286429826385433
0.6474752349370769,0.05642353158839001
-0.2532376181871088,0.6132741941696543
-1.5301687134140467,-1.687023948547106
0.4558183019336099,-0.3336652957003813
0.1557077277484004,1.2714890163719725
0.2680670284625749,0.9402083156133251
-0.3309386047873742,1.9152629138146435
-0.6491141713093469,2.199110546499126
-0.7327564734466948,1.982777796189373
-1.806203780018395,-3.0068884342320668
1.170963910443166,-0.2854700053501487
-4.449234829210744,-0.25188116503900093
0.8544115905999997,-1.0193849097613248
-1.0320417120435061,-1.5830257238625196
-0.15335883820446955,2.286595082494398
-1.337903988918654,2.629975345603816
-4.610997135370145,0.13601547553070104
0.04640515500292103,0.7060325316920459
0.28945332513186267,-0.19939422626065895
-0.845629016380946,-1.4079034676928917
-5.816542534941961,-0.07025825973963425
-0.8634044833933813,-1.0884488665773653
0.5230327727377241,-0.9345007921863107
0.19270579745510932,-0.547296000456364
-0.15389620231670012,2.116832049127401
-1.1790510301908057,-1.5914351255749888
-0.5084237165365239,2.249709546434561
-0.7095616230456347,2.493523367593062
0.2986694789166137,-1.162346695778528
-0.7455938123566261,1.4066271232710765
-0.36323897839925046,-0.10994343063532086
-0.9211330572476699,1.6949308974088466
-1.5876805802908442,-2.008193440511044
-0.8245062438784052,-0.1350355652379444
-0.9036101018887813,2.374150524462416
0.215283556850372,-0.9212285591137706
-5.004091337427749,0.03736928281991796
-0.2475777097109158,-0.9534202493126925
0.4685877213667486,-0.2252095344142812
-0.27552394457615503,-0.9825192685355144
0.09173330440047105,0.24491574724290813
-0.5789777027477807,2.0611593609434307
-1.265404720289448,-1.8413424056967753
0.17579716025710612,1.1119109382233066
0.5561641439146603,-0.38630541334959767
-1.7017212549852456,-1.814970412303865
-1.0749787197896838,-1.68673634877624
0.4966222574151558,-0.625006096275137
0.1609257978702904,1.6095673785121027
0.266972841768677,0.13032289790107462
0.0793361798248448,1.872099597671823
-1.1892405102684158,1.753089813475326
-0.15616341254954863,-0.7686428034465593
0.8573122373220626,-0.34530831241055115
0.11647162535627267,0.07698591873877113
-0.9322988112013508,1.9466292386136397
-0.21676768476979752,1.4256021861417472
0.1676072879290725,-0.11796365048256567
-0.8668004484085317,2.237967287943864
0.17030370361818103,-1.688899111028281
-0.308730689651732,1.2252932688536895
0.4553788604442411,-1.0551599381087233
0.7316201914955377,-0.604003303633544
-0.5735334145703963,2.3607043141446504
0.44226336517067055,-0.44773133683469907
0.7827480825826227,-1.053788564099952
0.12313446203414237,0.9834092312360245
-1.2305563553329408,1.8547481022914931
-0.699762246356048,2.1182613692197525
-0.19728369822280858,-0.5412068329746699
0.5966395837683862,0.3977535964462721
0.25909853013925865,-1.2277734299348915
1.2423892039122602,0.67208052334081
-0.3993982147383873,1.1789435858678154
0.251447982052572,0.2520391976789684
-0.9546148114116302,-1.8193122175285412
0.24777962279816937,-0.20633126353897266
-0.47989066235313493,-1.6529668983251251
0.7294459216465059,0.0413791187308907
0.33864218885047026,0.16355807357723748
0.45882510177127855,-0.5950991279257701
-0.341571889640468,-1.2961335895207002
-0.04113521065007317,-1.1178663187845748
-0.08210672626079213,-1.0431529650882658
0.03222428688463377,1.2324731481347582
0.5941473137186315,-0.7076632354896732
-1.4443223274898842,-2.6669597121762285
0.8893816312897265,-0.06960893189414855
0.4505033690357064,0.37173478265394727
0.1754584269563047,-1.4394160305414991
-4.495770251966226,0.12223399518187773
0.6079533620500573,-0.04111199948820605
0.03002668481503553,-0.8527460085406185
0.5059067331969129,0.8873853509455005
-5.919174857733226,-0.6510413944790667
-0.5624598481304249,1.9671613381085165
0.1765652530413386,0.9391702829586098
0.13894916355871273,-1.3347757584573001
0.46634677142986797,-0.36350391566553464
0.13080587909612523,-0.6647615864752578
-4.663619922332428,0.19153305728669712
-0.9054855329896745,2.594154939799696
-0.7173494322098084,-1.735790208797135
-0.4589142016019018,1.864315047323038
-1.29072880248628,2.0699356013736137
0.6779257347071471,-0.049434886248105
0.4535655224509123,0.7566266713013321
-1.199910844108463,1.5951510551484265
-0.4842709386010587,-1.0187616812892968
-1.1263112216892766,1.942976025524733
0.4554556654975561,0.5875294895098978
0.9701230562830628,-0.4584711290949887
0.9406896931500066,-0.01565570291614773
-6.141667280028309,-0.05781240306099116
0.7858849797847215,-1.036817637509029
0.8302573725554686,0.3221404785124787
-0.6422312461572678,2.014286690099202
-0.8697363587418544,1.6171380251382177
-1.6505773256664726,-1.6081972572471475
0.048130035901753195,1.607194412339016
0.38060104330139927,0.8663114421394188
-0.8553760140156875,-1.2618829539824303
-0.012033357170958279,1.173077979368024
-0.7807677413488269,1.2322687557638266
0.5848137710121708,-0.03781184844058893
-0.3442052577167577,-0.7009841886370198
0.9450122691207706,-1.5193731196548041
-1.864310052340769,-1.5222847242630826
0.7137914956589415,-0.19741748238278026
0.17767852890464902,-0.06455190443495613
-0.6359769333722572,2.3607387241338493
-0.4816916083504061,1.6760627152309067
-0.09874903841173423,-0.47418420523919785
0.35423930300504847,-0.6731619477816516
-4.624756542230712,-0.6057524536829354
-0.8940383350509195,-1.0283066897840314
-5.908501057092854,0.27487618748843856
0.29824582086229373,1.565176151009321
-1.01927903242757,2.2324854755351553
0.5491441846367896,-0.9278601675187906
-0.45917972571660287,0.8327692117456398
-0.5191222554906837,1.7594782984323099
-0.9767234812923508,2.57750382169882
-0.743809239226522,2.0072047524854133
-0.32812009221548166,1.5273285886069043
-0.4729028824354719,0.7847029983265623
-3.5356036340122916,0.24927758592990765
0.09405759616195034,-1.4189214676574347
1.088159819031867,-0.26129999623909916
-0.8744633995024572,1.8738498707407758
0.16946570407092326,-0.6955577501843042
-0.922840085575305,2.7687466209694493
0.3855462302144135,-0.5766193254713992
-5.490583769610228,-0.3215979107949741
0.04491162488248344,0.004208340137445066
0.4821710555738205,0.03160106401752012
-6.055355707116017,0.01895105433866547
-0.6289789920837772,2.690003941427206
0.6942754154063319,-0.21769018774852936
-4.974941554601086,-0.1955364405972972
-0.7345908040898,0.8872959058343544
-0.016844833553401172,-0.5390469572370749
-0.6110102809135025,1.4937843472783652
-0.5205615572548218,-1.195487113828783
-0.5841632084005663,-0.24505692971108747
-0.8275376147441356,2.140367223639609
0.20603762797968286,-0.9124156938024867
0.41692425659636667,-0.14152900821744838
-0.22528004004191,1.6278185200171857
0.5685892942435602,-0.5192124937780483
0.517095332791472,0.4514997327585241
0.20819763767629926,1.6064637640708532
-0.4919190406153365,-0.9858627155855921
-1.0644203817004096,-1.3776464250703666
-4.32363263508008,-0.06879426459810765
-0.5705549418397611,-1.0433854087712018
-1.2663160694540982,-1.7424311461591389
-1.028920456051964,-1.7178755973043225
-3.3752004222672056,-0.366081951467808
-0.502133950289072,-0.5320326947650101
0.08514368730599527,-0.5764812557930791
-0.4276622435390323,1.5665506177854518
0.19467618615905913,-0.39139017966173406
-0.1420251743794377,-0.7226444542421234
0.34767624605539693,0.5700291718877051
-1.6665353179765863,-2.1248340099363885
-5.553033745518396,-0.3313758565324927
0.6483507003885544,-1.1744124408915602
-1.0855979944547802,-1.8943489664256519
0.376178490981933,-0.6862708650193988
-5.774193564866651,0.48608110532897153
-0.46230419320534355,-0.8859003357316045
-4.963578903443772,0.25086218181315967
0.22726388863893116,1.085940210839041
-4.978897716933121,-0.3664504447053526
-1.0940007593720322,-1.8635627321665262
-5.516161000527678,0.008320949078759085
-0.3415990226414568,1.1152397343184275
-0.1621536118870966,1.6335697884035014
-3.963009285830067,-0.21968836724372454
0.12247936549748147,-1.3203634505075486
0.919817607601816,-0.39726195941835296
-0.40848848962906137,1.9194138879072267
-1.6147375927023673,1.4001631892844666
-1.2515711770891675,-1.7529301545941463
0.9552697841032671,0.18065938546098828
0.5861144094171464,-0.8676202426844002
0.05381843155273972,0.8960608604417671
-5.300433274702842,0.04945741607131441
0.3448998453095268,-0.7191535534874248
-0.4280564315975757,1.576167307215255
0.17785929592117322,0.11734035047672267
-0.9770544851683618,-1.022661407057563
0.4758265850541823,-0.7049571098872806
-0.6024295107439868,-0.07512243452594794
-0.9788167603133485,1.8327115528866478
0.05807394927572137,1.4270701077453192
0.638166739757777,-0.4871548869257261
-0.6791719025139638,0.4257214344684236
-0.6170461165723525,1.9673682440745306
-4.48521369066556,-0.4633838875824435
0.3053268284290827,2.1077182332323265
-0.16203629654163054,-1.411205973725305
0.6545320307930576,-0.05199942230924043
-0.02618266495769162,-0.513726724893952
-1.4535617662534166,-1.3359595900385268
0.45338088138969446,1.2492055756001557
1.0210003079766887,-0.4873870639148328
-1.0775625152533526,-1.8962644087347322
-5.826102389784723,-0.6784616616300685
-1.0495685063598013,-1.400964144991621
-1.0529097161671457,-1.3251628809474945
-0.44567078961276224,-1.7061230304548471
0.09940796031009148,-1.5230218167654253
0.12285430107116783,0.15875458510927642
0.18022075241698907,2.081972578070765
-0.3498460156900836,-0.21463713381167945
-6.202126744428016,-0.35447807169854517
0.14517710734287728,1.3955356916774802
-1.1436935054670425,-1.886612979055497
-0.1678389622803484,0.13978737060994414
-0.8488157226665038,2.3123884398469023
-0.04058708213397765,0.36388953644858774
-0.6118430902892937,1.6366190127025826
0.3617298251458757,1.6959651800265458
-0.5227452878633952,-0.9207085617144971
-0.25813740504775995,-1.243908274808922
-0.9636316181963142,1.2243157085023755
0.4722808521381634,-0.9069640268017767
-0.5023077842257109,-0.8923651635410997
-0.18253330651897456,-1.392380159143896
0.05604679484866353,-0.6902478488840303
-0.8928241806606851,-1.8892670904571678
-0.04664657408466979,-0.34569416791618696
-1.265124119665346,1.3599429261163318
-0.28654851464162356,-1.2058955385045216
-0.1595631351397272,1.0681920613598748
-1.0362116710369884,-2.2826728204754794
-0.21723384788725536,0.7908048058089491
-5.884784376753826,0.49509999658850234
-0.7155020360243908,-1.885673255366724
-4.725712553776918,0.37253613525833634
0.08425440332524005,-0.36710891678593044
-0.4714022399161681,0.8731585081637591
-0.2778851503241797,-1.6208209114267658
0.06870732296438135,-0.6416166065578641
-1.337871716639126,-1.9465006806798837
-6.311949057797425,0.18066466533579856
0.8733229741955848,-0.10360572105813723
0.5340808482488927,-0.6062357542513296
-4.178577025361239,-0.4252966062740512
0.30035823785079246,0.018066278479518784
-5.4551056996241005,-0.732230636489014
0.37529360158560704,-0.9548875608877047
-0.7595670872137572,2.3013404198282514
-0.9267235225993393,-1.6668687084746134
-0.2339593711765761,-0.886280784574215
-0.819036545111515,-1.6110959707306596
-2.026753396111579,-1.931888335550258
-0.5294155889970801,1.4102701805241433
-0.7494865317515391,-1.3955917364086008
-0.9329286403827747,-1.1832221816442403
0.5122831189066622,-0.9565637406306261
0.1477097073937947,-0.5913600064639587
-0.8122593506535866,-1.6994060292591793
-0.1151576795429879,-0.8226599968995254
-4.59878845104097,0.4881686715264208
0.39607018586719006,0.7745258046345728
-2.4878912509773294,-0.3741327239251336
-1.2458944908269651,-1.3348656511016457
-0.45330021639323104,-0.005557505170633379
-5.456030771139199,0.5424302323419544
-0.254555444152687,-0.7019535727323638
-0.0024071169201338883,-0.22440310267272626
-1.5109873164346033,1.1451577953901937
0.8211827412171331,0.024359791993526576
0.5008032549468953,-0.954199675981054
0.7778017468471607,-0.11911484339401092
-0.04076198187485564,-0.919780226340495
-0.9143494666082915,-1.1478842839075358
-0.3176286508262312,2.020848538119741
0.46768352485046444,-0.3734211246175945
0.032563922712587165,-1.743034998859263
0.31477021280707823,0.8640759656355463
-1.3412894745019015,0.9764996921569087
0.3667434405650929,-1.0326935019129495
-0.6795254248669435,1.4110065556026978
0.0034189754489928844,1.6482396751475081
0.1849386608704145,-0.36794107836215006
0.5257582990217501,0.04122087699592559
0.5773018262518278,-0.7271745786727684
-1.1187992931522697,-1.5450713447938933
-5.286289183356048,-0.14804851645365624
-3.9327906818063854,-0.15446676273759855
0.24782574650690822,1.7454262128876563
-1.5148447185363736,-1.821884939979015
0.6660161086896332,-0.41116734327878657
-0.07120789159210733,0.7690409925733007
-5.850322876418116,0.4413085458068886
-4.637880818650229,-0.7400893685171521
-4.327193574607715,-0.07567022870990463
-4.0161259340714945,-0.10252291188594555
-0.23019692762262345,-1.18181709939959
-0.6344670391187189,2.1428825001729823
-0.5269587756899381,-1.3761998051735995
0.35874517832500386,1.0972917527056547
-5.312271759760198,0.029363563575585953
-1.129776876423535,-1.833361879121627
-1.0380706267526807,-0.3191561474802198
0.16623080984111877,0.2451205798089417
-1.4544881968331902,-2.1723457728620255
0.0033223013161428282,0.24304832550897726
-0.7124215138062062,1.9539922149204398
-0.42847764758755735,-1.3887233139571928
-0.16486006476078457,-1.407269588114007
0.0031819197288993823,1.4436768721455582
-0.49959377793155235,-1.270178810248168
-0.30256813432560514,1.583424969683681
-0.9948820022766425,-1.11636278540599
0.2758762301106527,-0.4480481576768537
-5.9978336988782575,-0.13360606130553976
0.26725878166822065,0.1695599861475785
-0.9564833051554357,2.576224173876632
-5.508554900361542,-0.6628919982554431
-4.152607895672628,0.10230155985818948
-1.8500389542513471,-1.2395032844993503
-1.1846975866953047,-1.7177113468629592
0.2992924633559032,-0.5031044288258776
0.135819101209834,0.9899079381335892
-0.12659822349350944,-1.4280332730758
-5.325991014957774,0.2734369398174397
0.004741961320704079,-0.34460188720979973
0.39850937806513564,-0.5044705681810946
-0.3712913389952612,-1.3482683646467095
0.7324119758072225,-0.7846331485325375
-0.3343342861020288,1.6488974256320659
0.5118701723594323,-0.18100145984438776
-0.8998610718602386,1.8688359098212097
0.4760973753214527,-0.4449765126802579
-5.120868161379319,0.11061131552907243
0.11763224158727069,1.7601200115827014
1.0361475253935108,0.2646659632213265
-1.3396088521403169,1.782309839526768
-5.720757262826528,-0.010547771110545667
-0.9083534755669682,1.703281293413276
-0.22224156912036275,1.8770820509671917
0.07193599649074209,-0.29355031372436236
-1.3044732501596763,-1.4773101336601342
-1.3211412493990173,2.3283190774173925
-4.826228165813082,-0.18400728208343983
0.12642532161463044,1.0838772479758576
-0.5156334681120514,-1.1376969179847085
-5.885390649385139,-0.7910030246098063
-0.04152960626258544,0.5954254596172245
-5.23700645476479,-0.12791409953869093
-0.5943956674812815,1.8311603789175939
0.4496490109520902,-0.17590914115749504
-2.119362562249646,-2.7593965426559635
-4.115789672228644,-0.23388778145220337
-4.11832147828191,-0.29275707730603145
-5.601279352163842,-0.015236573690280569
0.11281224434069975,-0.07942458854033295
0.4353821576314584,-0.6040320936736201
-1.2146480443843253,2.0097321659878875
0.2622241064014016,0.5413769874900471
-0.9478488030335266,2.0735989571337776
-0.0892069003656146,-0.481334766870614
0.20361382543131468,-0.7495640815202821
0.2568665967152943,-0.2338515519286549
-0.5195688912503331,1.9974211494783554
0.33876521891409056,-1.5447119861052188
-0.43909753324505985,2.207429178720378
0.21576614393059337,-0.1126470014569084
0.726306340738786,0.031779892112311095
-1.6463239141477506,2.1522880845835433
-0.8799819393545663,2.63265853460246
-1.5671903147371677,1.972149238520965
-4.542861076063891,0.6708696564921266
-0.9924034333549615,2.993956691833008
0.018307329476589168,1.0173035353060418
-6.456176029943874,-0.026489982797188234
-0.08132439545807875,-0.30627027071777724
0.09804628142721045,-0.8896948529656935
-5.430809705381494,-0.0029593381217644654
-1.438484369400446,-1.6624987726965728
-0.5206960225513869,1.7164682698543225
0.3504137277060704,-0.2724525667651573
-0.6226444408805445,2.567679944722618
0.39406899300918297,-0.06545895471125418
0.12539508947748357,-1.0295967621874837
-0.5325740579967473,2.5284324745320457
-0.11149188883826115,-0.9010943255456324
-5.349124220041798,-0.20415295611868872
-0.8717967983886614,1.514119634416741
-0.998840798191118,-1.664308598167192
-1.0794060078742322,-1.1772110958595627
-1.2279708647640304,-1.4049208775241517
0.6192596171741662,2.0990353380915563
0.204707529384609,-0.6247315770366265
0.7467382126014293,0.02591029835321373
0.19365647517868628,-0.39546515978527824
0.5123251351966129,-0.5065912135934851
0.38183203455557757,-0.550850288684146
-1.5641462551006267,-1.5436653654612378
-0.5869088405080489,2.2121314151439995
-0.3593082489635974,0.9466065709313458
-0.7774095232651977,2.2745508216851524
-0.128877880116183,-0.7874808041022505
-0.13000358245860147,0.4952489393323799
-0.0018129016935414964,1.241791252578388
-0.39368690819706814,0.930816659516888
-5.3320786687526835,-0.493155691611447
0.3896428102000307,-0.2615505788237131
-5.759694224824636,0.11478225231822263
-5.9217298094620805,-0.41215059930489123
0.13853104640215433,1.6258937872825734
0.04148065743131585,1.1609283116658442
-0.7968470604357194,2.239776659317371
-0.39075410637725827,1.494632379722803
-0.33747498967332584,-1.3078338313036577
-0.12299596665614947,1.6177190406627326
-0.45605897633957637,2.0647728944587076
-0.7315238582643816,-1.3658848954607605
-0.029242764382256026,-0.5838546575629219
-0.3865104981566625,1.1299514990020287
-0.16185911133730627,2.2620445863273857
-0.32133860829219435,1.244810383397087
-0.6187821663402968,2.195924106951896
0.22192690812511007,0.08582180013135032
0.2863233846852904,0.5500078997670923
0.4472158269398498,0.9932238582840615
-6.072571946088887,0.8523394513443637
0.02401690790281772,-1.5080321734383793
0.11568423430219772,0.8600032062435067
-0.7896456261231137,0.9060552484936321
-0.16273116433448204,0.10324774932771416
-0.09163378966908535,-1.2819717717508434
-0.7598467574722948,1.0092617617305082
0.7990060509859483,-0.48606250052907113
0.2319262811844519,0.36438037488867686
1.4706494172396014,-0.7917167109273017
-0.45733122295316175,1.9367440138892449
-4.711435661946972,-0.5980822487543024
-0.5298736273055507,-0.7940141405665041
-1.0371534996604206,2.3791782286365057
-5.4054661382479825,0.11126586202676463
-4.609676306933152,-0.40805312206966493
0.8440859231660441,-0.25669731230095516
-1.3004400064891666,1.8413585617440782
-0.5294660116697535,-1.4248036724722182
-1.894554738793598,-2.0767958838210605
-0.8104108018967211,-1.3008553971837262
-0.16849983686557055,-0.5612529806419786
-0.3333877718508316,1.3947464868715167
-0.232163952301472,2.444411983989808
-0.9685534831786003,-1.4954070432032958
0.6397013414995983,-0.6512406233592908
-1.2581827466173587,2.5200009030997883
0.04789210474476977,0.7898450711110665
0.4511264307011289,1.0940641706055496
-0.16934799569051057,1.5823536109022265
-5.352244204123949,0.7336124272969358
-0.5426492908643472,2.4270328994047916
-0.8139720565682483,2.1521847953509217
-0.023478905335077745,1.100002447625263
-0.8981970031636983,-0.9934446019326741
-5.622355946309108,-0.10792345136223307
-0.09139523100403926,-1.2576553025674337
0.09929461934996511,-0.45549619659425794
-5.434140830929392,0.3994432047212523
-0.3659942450930483,1.4792483823013165
-0.44691615150174835,-1.1079029293253975
-3.8996227289051233,-0.2788966286808837
-5.970454788014026,0.06217417475026007
0.9148538940940266,-1.1479054888961906
-0.13396556839256038,-1.0058986869226676
0.015912780052221274,1.7444933839945296
-0.12918165133960813,0.1815110908233831
-0.6897650771574697,-1.5571918830403195
-0.03645155353978784,0.7778126064288463
-0.20539091741304488,0.9691721519748411
-0.7632355637532247,2.345853251594492
0.5446146465976786,0.2800374043752759
0.060660920236177154,-0.5276232599232519
0.07561763987548965,1.100699335512876
-1.3027704257550334,2.339206916419399
0.22340880384416295,0.5743787973890387
0.027518101005040773,0.14995716232161105
1.0019132635997714,-0.2903250704118712
0.23756745874982507,0.5056611455412644
-4.3913758189293315,0.0005418585036076305
-0.7719936151731522,2.483757275693632
0.11946264405763433,0.3644039235382119
-0.49022396489161124,1.808408564109199
-0.9205171539715117,2.209008109647872
0.4877711996956212,0.22296448972078647
-0.6914750524749902,1.424311076574682
-0.9383045468455341,-1.6536410501145948
-1.0516404879466374,1.732038203991294
-0.35503209226738264,-0.07134762509545967
-0.01185915922553663,0.30760937354245943
0.3342650645074954,-1.0792776215155104
-0.20867792556372805,-1.5450726038014408
-0.28514360674734057,2.189652049188238
-0.40123223463028035,1.0594340768712196
-0.07525986807719577,-0.8511074198338983
0.06374872552352757,-0.3568717651616837
0.2822953392813023,-0.7587456110815272
-0.16140149225479786,-0.6358148417133612
-1.5502042803090068,2.1905982929656864
-4.299311673380603,-0.47827803311394346
-0.5317624839170555,1.8838590848512766
0.1903661698815862,1.2165321100400666
0.17371599639561916,-0.100922284979034
0.5996561117819434,0.2646450963336905
-0.20501813143132921,0.4017074539218873
0.7196035136951031,0.251355594309063
-0.4635929037598751,2.481542119448111
-0.36602466160353,1.810194213233702
0.5849657639314451,-0.05917656457536347
0.5624254526900302,-1.0069528803245436
-1.28660700315903,-2.270950933053288
0.48373200496431495,0.3645351847547489
-0.9451536967130213,-1.329092209660123
-5.710435751004981,-0.6033103025606985
-0.4619642913030632,2.3197113019752487
0.6481743669542804,-1.2405686640835714
-5.188410357369798,-0.32699808336549036
0.7334784501840016,-0.5519796080962428
0.4951494297973864,0.49867887539441863
-1.808511063304184,1.7886370184234324
-5.340299862427489,0.23670191535447668
-0.37234395661856456,1.6232004528202888
0.5117997642111873,0.5264225776475449
0.39683816220360973,-0.826842074081636
-4.408834915075066,0.1881857963346005
-0.7169463181795358,1.7512767201681632
-0.582343742850341,1.4345551045542007
-1.2996344224469791,3.027762015127444
-0.29443994511631855,1.8225433886588203
-5.732923372627166,-0.18174512236471965
0.6595970961554538,0.23167778367735406
-5.95163340161803,0.4170186273133074
0.47976104801416347,-0.5634209026288453
-0.33506191535697527,-0.39053618769735626
0.5955853270693704,-0.5664314822568246
-0.59614762341383,2.608816201923907
0.564923738673587,-0.06744468082044196
-0.8502821601286581,1.3938182129372738
-1.13981486640059,-1.5888902085143
-1.0628042356512406,-1.8999091275604127
-0.11873397950792859,-0.9445892983368449
-0.45776641275628027,-1.0979823984083312
-0.13772560115233926,-1.3336040058277419
-1.063105123431675,-1.1279027218123767
-0.10965850664928738,-0.6318368170810283
-0.10502795434786014,-0.08092068956144144
-6.140183326755932,-0.6774284371939381
-1.2588891408378824,2.1011429867370737
-0.9218702719010857,2.0552941072536233
0.38728279120825476,0.41421427167853964
-0.6381856373578946,1.8427715928801216
0.9759821272800471,0.8967869298211929
0.335000518318153,-1.0172538490739447
-4.835403940724651,0.5813078103840976
-1.2451014743606268,-1.4717214084052117
-0.5430861109417517,2.255964158913525
0.4546265065800701,0.9593505898452372
1.5071475057008232,0.06254408060146567
-0.4345832108883289,1.6389341959766035
0.9279168471797534,-0.8007474425533079
-0.22124574990131204,-0.577004939251767
-5.63939461142404,-0.7198417829748468
-0.18723427050125485,1.464986345057152
-0.3056296349030536,-1.3642308509985435
0.007880297372956742,2.1491387645863496
0.4916379443864145,0.34330439376641675
0.23136087843344555,0.12500580495435912
-4.77323245982562,0.11318479207540681
-1.2318881209350965,1.7737274469325475
-1.2140214232803306,1.758293858805315
-0.8931872241751427,-1.5407326954104033
0.14346797353199153,-0.29856262161805114
-5.423178572856163,-0.8551254571151032
0.21883666489281706,-0.8279637016809591
-5.180262639882747,0.19366419147834676
-0.5135659479952149,-1.4600879211438555
0.18098454247804244,0.5383434224624027
0.5190106576286132,0.5327528705482155
-0.015309597818083713,-0.41845104905285146
-1.5012126207104015,-2.002800800472212
-0.21079129853816073,1.050365125076927
0.7098150314215915,-0.03936504158357589
-0.3666626551216668,2.063134421995043
-0.16901187205567883,0.2434614444012283
-0.4439515877926061,-1.0169244422299504
0.2249656801219605,-0.4103445264525605
-0.9639071233150764,1.7866706758706927
0.06581419568940239,-0.6093719321805323
0.3818357845755777,-1.0715097555973174
-5.459155084806399,-0.12321858734246913
-0.8986585845925298,1.7001999300057942
-0.5619868967583385,-0.5122542226335585
-1.1607527980344865,-1.5109384069073288
0.5297344241294976,1.0009874670583703
-5.959786119305261,-0.03570415010955988
-0.733989279915983,2.441068358220845
-1.3807103806550598,-1.8568757290579678
-4.573163217349808,-0.022652373197526877
0.6560814811868825,-0.36936889766991365
-6.0233996886583565,0.14227065617327259
-1.8494879776501267,-1.9432936207981515
0.04413390805294082,1.4641815873859554
-4.162859579092155,-0.6243863146449673
-0.06824846112118918,-0.8810890189638988
-1.8481367798784087,-1.6644907694929942
-0.7823348583993404,0.9102748973072321
-0.26629666465762863,-0.7988127479235718
0.18768573045932768,-0.021928451072027733
0.525706291148811,-0.2837873359709706
-0.3154269478463099,1.5590106141080906
-6.22036532271692,-0.4297100950490936
-1.024575979161924,-1.6689862873198018
-6.1711262846874675,-0.17645194323078436
-0.5815961262535604,2.212883481384663
-5.787214886620255,-0.25319436392118555
-0.5960140406952706,1.8669889022152146
0.31684157684276354,-0.8383785668495483
0.017865445336093955,-1.138490998039842
-1.4890805414621016,-0.3299430949128597
-1.592527765617375,-1.9515664345264456
-0.6074397438103111,1.5391944101660466
0.49835649019221945,-0.16712224889908608
0.7121199813526757,-0.24522808799391077
0.7428691205110158,0.15969664673392378
0.8168583124529365,-1.0859448033377104
-0.8351376417922101,1.9780226205511893
0.6566172476047971,-0.8272887092918474
0.19430459922591944,0.5835562291456755
1.007869354330605,-0.8338462278543217
0.5452110535855959,-0.0740747574544887
0.7686210744417001,0.06764510243922803
-1.2587259011206222,-1.840613752138582
-0.6113460092637302,2.5689329274463666
-0.5632133999410709,1.729075686699423
-0.037843969360966234,0.4789603062902776
-0.21270381719510742,-1.8280483436923378
0.18411223923018954,-0.9336782498611779
0.46774965410491787,-0.5780736415923693
0.7915765379607099,-0.4801642185095009
-0.06507324297423761,0.7973527502250283
0.6564798613872772,0.12913928234956634
-5.911600501327381,-0.48385537158192904
-1.232088542924723,-1.8028070487858197
-0.7273814460479223,2.168247108100704
0.5661398718907495,-0.6822060849176989
0.024575015518505123,0.8842945950469213
0.31608850508018155,1.0890565547965738
0.5924263996006065,-0.26933416007583
-0.6153844163165153,1.1531261631607532
-0.5173352603680031,1.9563001117578118
0.12179516622664008,0.5708634651985596
-0.416825610156664,-1.469323652862613
0.6063346764780231,-0.6117632241336428
0.4740985831560991,-0.03391217687786038
-0.8782220816684525,2.1657848575154826
-0.05120262055438464,0.17581139036812138
0.0017646270327099625,0.41654640029345963
0.7923125618937166,-0.051316395345438026
-0.10374011029566096,-0.34809300271027593
-0.9297912084667882,-1.453635569722158
-0.15769376575795985,-1.1394696116103682
-1.223201936515331,-1.5577109408054175
-4.5036015105616745,-0.5255384535625632
0.30952251559839017,0.29244218689660495
-0.6091162628734719,-1.5616640898984842
0.6318783582285011,-0.250262034961861
-5.320582850344875,0.24795311281100274
-1.0195836405873402,2.1263092212018875
-1.2529745628579136,-1.8732700878215798
-0.06427889536876741,1.846734874677116
-0.6442517747768606,2.6626024257552716
-5.05295766266325,-0.5627365376571779
-1.1091535991737493,2.7152372366406796
0.4179415223283047,-0.055957735992904226
-0.49326071031599,2.1060311086415484
0.04198523434103135,1.198524455264994
-1.278805086065624,-2.1258403327290902
0.4426789742775483,-0.10861825485546833
0.8389621926551211,-0.11782728273752836
-1.0895533344791288,-2.1853657830272306
0.04244596870423862,-1.0287948011123231
-0.9424316096335613,3.271254855985857
-1.4302738074198535,-2.6865720226664336
0.16238916946182846,-0.22779926808648635
1.0107293737379404,-0.055889340814456345
-5.299386919199391,-0.44540290437919094
-0.748820202031139,2.0240393346525916
-0.5418346230220571,1.6498890814145788
-0.7458808813910968,1.4216218002947425
-0.4067271610690665,-1.0160395765882277
-0.31259377110270775,0.6248551400770866
-0.9286794642655896,2.164678346954578
-0.09264695327233002,-0.4334794061426114
-1.1242149137649031,-2.0195776643968473
0.36250619542652834,0.5260273825286009
0.5845969112335406,-0.46514522659582647
-0.02817703016745591,-0.6602094445667476
-0.13692586962319062,-0.4749519847129703
-0.8518804953603442,2.0444684940455726
0.4367921797634646,-0.35828646826944993
-0.7171295875223223,1.6741586426654989
0.002413714529374403,-0.8139731096318615
0.07577132704152871,-0.9766055773312413
-0.38758396475096607,2.2446669297849153
-0.2999223433037765,1.864060032108677
-1.6159393050947874,-1.8021319294182123
0.19127385206603895,0.10536282772356927
-0.11803105831411545,0.01744079457794848
-5.008060930773038,0.17325820136483872
-0.5196784170901305,2.6427296247456495
-1.4160960165662848,-1.7833727959727739
-1.1796507543777457,1.762373503018522
0.5144180167504914,-0.11869656071930432
-0.6537699934213321,1.9277313578751913
-0.7689834444748767,1.5319656906305223
-0.27564820933607054,1.3406751838180748
0.802891866708675,-0.24328538900373825
-0.05476269364792252,-1.305648416369513
0.8843754494666988,0.23084196272648566
-0.922893649771582,-1.8452580220838892
-0.8517428980296469,-1.1358380490550093
-0.05747178826297552,0.21438557942317926
0.1314552946746543,0.7696446440230142
-4.780343953866487,0.17570622575503347
-5.14898660310017,0.7482059444965158
0.7527189226263865,0.25070908960987803
0.18266032334227583,-0.8801221930987668
-0.8348883559226113,-1.1778211488036563
-0.514346289686635,0.9290725352350352
-0.07438459657578082,-0.7138269789297982
0.11181733719942193,-0.5829843663174615
0.03940444346065709,-0.4773778115482401
-5.299573026251989,0.023758835850238712
-4.630074889754816,-0.19789022567674186
-0.9442656347990127,-1.592233522544209
0.0808558229930501,-0.4753851221867875
-0.8090312828355661,0.2870743360914578
0.6638846858293284,0.9432581257176041
0.26470133344262137,-0.35591334535346364
0.14642734580690428,1.4801096123162412
0.6510196796550938,-1.40147954029667
0.8549951930717574,0.33246948630685785
0.43236490646235204,-0.31495804068195465
0.31214187730067094,0.18566389209889186
-0.08706372160876086,1.338872505242591
-0.9427268860956446,2.224494540435734
0.1847461472283772,-0.02668509110840602
0.08708057507682095,-0.40919730640026264
-0.7523556525834644,-1.2439494590429776
-0.0050758111556599445,-1.3211501377571158
-0.5844942783718953,2.4559393730031087
-0.2001854508819001,1.8745516397209165
0.5112059519559577,0.08270729865872935
-1.569495356608483,1.7010216156935314
-4.865447906044832,-0.884089157077181
-1.445015698130052,2.0844176035816067
-0.3216371710651181,0.5683813264127943
-0.21417547131673634,0.9400132000929471
0.8289055918076583,0.11612798130715059
-0.4708114631331671,-0.7301811930163461
-0.35682146556248207,1.5887456564923224
-0.5532793695519593,0.8880750760346323
-0.14805194572840039,-0.5117655219624373
-4.707142256062738,-0.29892677570096554
-0.7322713609189204,2.194374941249077
-0.7849822990935919,0.5992067243722465
0.16598551190158542,2.2009995282459562
0.28901936287247176,-0.002767333907833903
-1.6278064456058519,-1.7688927757465422
-1.1528588974795448,2.83839365200593
-0.4889792238687152,1.6138516196630361
-5.118225926075978,-0.1325738749937388
-1.7486835690472482,-1.6578777424500764
-0.7736218993688244,-0.9405580550339875
0.1379392344110256,1.0886489851291539
0.5273618018239428,-0.6729600286636361
-0.0406713615857287,1.4266471942922914
-0.686178178096327,2.429464928456683
0.1435160809466224,-0.1324103667130547
-0.7821982376857024,1.061861509408477
-1.114426378203434,0.9819944804385813
0.15337545084469884,0.24940240815298298
-0.8513994664700594,2.4012139609246215
-5.1397279923956205,0.23534852031709344
-0.7794859227342762,1.8024308185742377
-0.43775294642984053,-0.7778339616797265
-0.1835098831261644,-0.4237424695431118
0.3073835855128163,-0.3464246517778911
-0.10811447968825547,-0.005402913387727801
-0.02878145622944052,-0.7050769571702508
-0.6696669035662254,1.390924148810642
0.3682295297452521,-1.2575993957969827
-5.476685293745616,-0.8488444523419333
-1.125250198518432,0.7524246913632276
-0.8118379492133317,1.7275346690338633
-1.1611736365117011,1.3849920993116045
0.21675036501184797,0.2424076668375563
-1.1173933255567043,2.2817647935230165
-4.513458729409416,-0.15007941612226167
-0.004958247304871027,-0.6853020864116101
-1.0044004818778252,1.7827195006956387
-0.6947463897402708,2.388211180674786
-0.7244903164956508,2.814523377731499
0.26854349408870665,-0.0029402402382706474
-0.4775124476966889,-0.9488553583475149
-0.3478929629334868,1.3765796984200496
-0.2533969270478839,-1.3263817460622191
0.3483834437062015,0.004259970007695624
-0.5920403726098867,1.8418295565748002
0.5489882455023527,0.3356314744997657
-6.231866578355955,-0.3221148204914441
-6.275410445797041,0.7076526069174143
0.5337491552773709,0.06344215215358359
0.014521896238565346,-0.8530306027211767
-0.6615320060428447,2.2608544689710377
-0.2716272571467916,0.36099688686282055
0.7730543922807347,-0.6778051640991203
-4.796793833920443,0.2595198351280667
-0.3719207960157099,-0.32918689330611933
0.28667211372259643,-0.9512331098965844
-3.818307393435609,0.1929870790100379
0.1895191603705284,-0.5566484458518298
-0.9847534643388505,2.7206741992374304
0.033902304367524144,0.8970009820318163
-1.590661559656093,-1.2680361251240146
-0.4136465458709963,-0.5774678902485204
-4.5412420933717295,0.12626665144344165
-0.7579117841910121,-1.0423233465705746
-5.841239786721057,0.13046915010346252
-6.290084164727415,0.08717051115617716
0.2929806424441215,-0.04879230111981667
-0.20527641519930362,1.2729623448713192
-5.386461057010097,-0.024358375381930697
-0.5455337610033182,-1.4498901302814868
-0.045996795441415404,0.25426599557584395
-6.164756456759706,-0.16995062815525916
0.3700249511956083,-0.7585984870865965
0.041329765739293166,-0.8243685428024674
-0.8419868076592377,-1.6606251935994811
0.6755135807378643,-0.4043585856183921
-0.5531716241234577,-0.8223409953824221
-1.27798278637074,-1.7560376062925074
0.25503351308187044,0.44698038113065586
-1.7348170696094913,-1.753983103245695
-0.007994396780697448,-0.2717712966052208
-0.6972131483162417,2.0911420536076646
-0.6749464479237267,2.106381078723706
-0.38519636095618065,1.646785865204514
-0.945891792852849,-1.3242881408624605
-0.6469152249722119,-1.8357852257415415
0.5181564803065924,0.31801884968617206
0.20686450583788107,0.34980584894489447
-0.713459175045464,-1.4772143032828002
-0.4531017457397062,-1.3854799523656158
-0.26058689580934513,0.4807616354639398
-4.433200355290364,0.008720704527325039
0.1779126256930181,-1.0097849901649367
0.43109263136065984,-0.12048418226813097
-2.2131252776935555,-2.1273451835581043
-0.15357738590315503,1.091911921960762
-2.0129315588096506,-2.356612989314158
0.06437337965629164,0.7764990029644713
-0.2320254066594128,1.5181374295881094
-4.65470632607154,0.26623280704166324
-0.38756174419290285,2.2329889705900845
-4.922274059134547,-0.012655297312531675
0.13447781596097788,1.6468374354999837
-3.9572557314655143,0.09874441477381281
-0.2574576026029401,-0.7857873746063649
-0.2576905873685396,-0.683554526582709
-0.6670291380111133,2.122961267877122
0.7747346024833053,0.372573302839155
-1.5852899011015822,-1.8169718000754513
-4.8186483183872575,0.7054600967164589
-0.730021918144664,1.2509335980988885
-0.8536707616173916,1.3937115582352548
-0.1952405713998021,0.5288235452712573
-0.6291448840517723,1.9417799659633834
-0.2058618592432676,-1.215322081985018
-0.37925152475410956,-0.006409873030555519
-0.04812071005872977,0.24213307154078054
-1.1840159664549694,-1.5481687200802403
0.22327723034104358,-0.5232485092089129
0.5258377335527119,0.4273762436292716
-0.015410002673240143,-0.8868257720830571
0.10210482333008566,-0.9570120850501668
0.06731069372562613,-0.08501237140900551
-0.22819315875470994,-0.23097853368571308
-0.3392382303072013,0.8059853523533524
-0.4639768206814869,1.262655373064903
-4.685525360496851,0.3381772199980157
-4.976992331319455,-0.6083895022049159
-0.6599910133707807,1.4351474052046782
-1.3982268343422075,2.206617851993172
-0.29590133858273077,1.5821631548596022
-0.5485789221553133,2.0220709460247686
0.4388357973917422,-0.37464275075122205
0.07524974761972274,0.16021866968206208
-0.15774880179537018,-0.09645183028735621
0.07325652583109661,-0.1644739447908971
-0.036281143476924176,-0.10973431079582481
-0.15487210785300687,1.399613718464684
-1.5043507428515446,-2.411979244459314
-0.8881370593338302,-1.4190290566609072
-0.9687410072982134,1.4270696219693988
-1.064709028108606,-0.8875513760238337
-3.3554335393243107,-0.058694499228101306
0.19042286435502917,-1.183870913814071
-0.06754479333531072,-1.1478517237617785
-0.12113302166022406,-0.674511217155215
0.3229168010366345,-0.22305897579370224
-0.8141677667031099,-0.9893024586502311
-0.46799511085961754,1.347912331292342
-5.757597879941531,-0.5103581044782951
-1.5848195789425041,-1.8205598930344487
-1.410661162893549,-1.9529218963379231
0.33269191423190336,0.04300008458413444
-0.8555209720931699,-1.402215680226236
-1.1728898535043017,1.390198476672615
-1.4292679064215128,-1.1239657935315202
0.3918894628964247,-0.2456029043636766
-0.8616485728566035,1.1779727094195072
0.4291391169625589,-0.5206650599500751
0.1690432444811711,-1.121736998269195
-0.31725070638432434,0.5696928275856528
-5.736811904586194,0.007620763316927997
-0.2154768214738722,0.5504263868082807
-0.6912445629515116,2.4774700626655886
0.15339347001035988,0.9724255439342382
0.8673107802974453,0.17557014174762414
-4.8941863414585205,-0.7836879019973694
-1.339023870245919,1.272236484028162
0.11992399476488169,-0.03145863376982003
-0.32065760498755447,0.74751670542924
-5.430433541405631,0.31125963544750357
-0.8873151665055339,2.3761020442700667
-0.2736386976320673,1.8604530595804358
0.028033220760907404,-0.1044257661545879
0.08586316218769027,-0.8490150132763599
-0.7236572951015208,2.988461847654341
-0.5578437200992257,0.3312478308982052
0.22247540226387125,-0.9137125637957327
0.6625159689034151,-0.27815657663422017
-1.1238926615416294,-1.5780919768593904
-0.9773174274555654,-1.4291822557824465
-5.366091482971652,-0.3724502317070101
-0.743714022173484,1.3943073440218625
-4.938893448203213,-0.12691005861798668
-0.1092700940234092,-0.11563755143827971
-0.7319493708293808,2.3960994731180465
-5.911076860546079,-0.04660099278684031
-0.06416124268745757,0.7190434834745252
-0.027085371639523247,1.3344654101767386
-0.3490029185787648,1.3509354722773326
-0.163077208374044,-0.8953315690717709
-0.8880895565224162,2.197651860771031
-0.695273610029469,1.8256166660058517
-0.5415307753124874,2.3687668345116397
-0.3609981345321067,-0.13731324805459155
-4.863403980356535,-0.47332530363817543
-0.10835412401384503,-0.8178411065634381
-0.07258264862950779,1.1355985999780065
-1.3109240238845445,-2.3538486203431943
-0.8144793854274325,0.5535338690366721
0.9660274008283218,0.31809749363544937
-0.849277427078738,1.4451301884226957
-0.6815850342988817,1.5702677114838588
0.030918396341292575,0.8924020655279203
0.3039273457313098,0.36004548088548627
-1.331502351659582,1.6506440741569057
-5.133322871471504,-0.14125819306497045
-0.09103793377862758,-1.19732668570913
0.40819979253312344,-1.006899781820172
-0.4394065771468725,1.1258852427699604
-0.5501267140038896,-1.6650738695095773
-0.2587634466921913,1.5012838545916911
0.4896475757249111,-0.5904282552256954
-5.642790909924254,0.6275487310901812
-1.2005033864170396,2.1430124374518793
-1.476102321910869,-1.8432664953715658
-0.5863859424206839,2.1815619913447897
-6.226106662639712,0.32292887599295267
-1.3864783528621383,-2.3129437842302836
-6.303689531124342,-0.5022940377813744
-0.7014311526298819,1.899823993622628
-1.17047791439759,2.1584053165898225
-0.6772021135074461,0.9187804862816094
-0.4866268051172578,1.0534935437994175
0.08220425628703347,1.532395336088536
-0.37231225759871395,-0.1330973766738504
-1.006809030864381,1.2232902186852188
-4.3719442104673885,-0.1001626198649024
0.5106652204637726,0.04792088880977755
-1.6224133504666727,-1.7393950031078491
-0.7878950138736485,1.9934821332918804
-0.6143116946605969,2.9087747287266237
-0.6657734644449087,1.8703008789152946
-5.398568447841943,-0.3180171499958153
-0.8771067527443169,-1.5639535397897044
-0.12529921014424156,0.8400566009134529
-0.19647163016690306,0.9314599222945984
-4.56636074155055,-0.16824568704806248
-0.10469062071055564,-0.8586379716544451
0.2928983543483372,0.5662026185823937
-0.38239232360991215,1.4919268963804118
-5.762160756920372,0.513904913401799
-0.2056997526132984,-0.7883733273323814
-0.8612618564626842,-0.8182882777039385
-0.38242296881655247,-1.555844341745116
-6.147745889821449,-0.598675486220353
-2.175308500871012,-2.5420746251162454
-0.3158598439510781,1.4925326679774666
-1.0708747481287126,-1.4228375519959189
0.08337986260313644,-0.23853093021176783
-0.23506350656902075,-0.9830078943444823
-0.3039444359733317,-0.5862631858688827
-5.802892945334011,0.4547366740494536
-0.09908247915520199,-0.7962792122255573
-1.4229476251845998,1.8561239565969372
-0.307550384464131,1.8800811026348228
-0.37060563220573434,0.06583469831688939
-0.04455808769735772,1.6489126872211155
-0.2315582198306019,1.9032322204810195
-0.21103074110396877,1.7772847488271273
-0.22346029256424002,0.9908588356199354
-1.169950361638077,-1.5248284143168747
-0.426562237421548,0.7977729817063199
-0.6196099444370246,-0.5640173247566571
-5.900688939948025,-0.33690467288996484
-0.24737150614784087,-0.18106306167314484
-0.1322333498663946,0.33924243171107576
0.7039094649935876,-0.268443552565811
-0.41778607882190966,-0.9639594020215998
0.04165192440847369,-1.2615897409774184
-5.69862934539701,-0.38026176991835287
-0.7875959043357081,2.6877033630544176
-0.3209807114583128,-0.782014993565387
-0.9956681393885878,2.024516122908471
-0.6138917371221795,2.239742294264197
-0.6667404059508507,-0.7157846570934454
-0.4939312163806882,-1.046837264705786
0.34291819754537306,0.8541298731388783
-0.30346914619186793,-0.697103667957835
-0.9743771080994831,2.0576312665567174
0.33723427461868455,0.6103791684012373
-0.3416549948889936,0.685382221598422
0.09238642924196647,0.9717981830076916
-0.8200910421902989,1.9759636672593512
-1.058462992893356,2.7088927660586517
0.3464152395081017,-0.7963263222727666
0.009028042378656728,0.9581715412058747
-0.23695150969578663,-1.2922936560574303
1.143679425381776,-0.24381516814462467
-0.29645890831434035,-0.7324869781858394
-0.1921180069125429,-0.43027995114942974
0.36305128623390853,-0.08154113760805365
-0.7527624570378967,-1.4869410550048785
-0.3191714635905083,-0.08084064019682372
-0.9616964899074976,2.029396384824103
-0.5908648841542878,2.420930452455314
0.026261511685910045,1.1253919121523823
-4.643333367282643,0.240318688937749
0.14452802922138397,-0.1677298254121933
-0.3949467593019367,-0.266751913094767
-0.33539524279565525,-0.4847150877441504
0.5264850247564452,0.021379271738759854
0.03164888886880195,0.006580929993765686
-0.9578030352731075,1.7770443954572903
-1.02248124375597,2.3915701894021537
-5.955389495196959,-0.4223630223015391
-1.3493732162028265,2.166851406295933
-2.057186524114945,-1.6310674416709197
0.14738385467574758,0.1710877202232343
-2.054787449441176,1.0200066188958294
-0.5788306896988573,2.2702290625609294
-0.2676278661124437,1.2237170453313948
0.07112067309143298,-0.5405871943049921
-1.0839180982252075,-1.4316655666552318
-1.5368717029574148,-1.8458505333764783
-0.139789154864521,2.1509166550729164
-4.5126275910797915,0.0504853611062265
0.372179347942972,0.5018683513096523
-1.390613685539979,-1.4879918922219475
-0.2775578520111908,1.6386456358888897
-1.2696779095099524,2.472104269879701
-0.04538578189480466,-0.8977888220487459
-0.4941562356783056,2.260442440903604
-5.788284283038764,-0.3468769750730172
-1.3926421273690555,-1.4743552862901033
-0.38697713010631035,-1.452450942919325
-0.7357476716427398,2.345152814441793
0.20927002884531623,-0.3225204840153506
0.05964430138069109,-1.2942862994728561
0.32308871369081393,0.13483422501629097
-1.2179503000308174,-1.552833161529813
0.647494261035085,-0.14157096637047603
-0.1627620481259583,-0.1411612848699009
0.04434089653747753,-0.4080993975682575
-0.9877645016161045,1.7699870343806412
-0.47327421110110207,-0.9889165267377206
-5.69024168907661,0.22892645035410586
-0.07360144672560273,-0.5131218034000145
-1.619430995615673,2.40716594450041
-0.7778088488995799,2.277428994429301
-0.7623121755207193,-1.2918235330363161
-0.08613193549476453,-0.8269222430522021
-1.6122654811129598,-1.3071985725316135
-1.0972483560844073,-1.6067693849138507
-0.5647834243170579,2.1931345682525163
-1.5628350045568888,-1.5970372959756876
-0.2642274188273423,-0.3080324132199507
0.405617150671125,0.15989202664875718
-6.06147813285498,-0.30311747545635803
-1.0082731919107626,2.719880614481731
-1.3335351958827788,-1.7103674874293964
-0.44909760509529295,0.9159284212400524
-0.5650693605529851,1.8342585284158197
-0.8600272535889167,-1.2440528827776758
-0.5634258761404306,-0.27058580735474524
-0.38558274730324044,0.589867064295348
-4.776005892804975,0.2233309164458622
-0.3465498553084564,-0.7789090881808637
-1.2904501759596332,3.007725503948552
0.3786289353747116,0.4579394474662063
-0.6440706689186528,1.8437730112264183
-0.15895103459915386,-0.7143894520302101
-1.5434282486705395,-1.0539257496388965
0.11964826522805569,-0.03194428005440653
0.04694255646007704,-0.9559003706060404
-0.6598214475562819,-1.0709618317179366
-0.026830898608156732,-0.06605191209018392
-3.9002441442924978,-0.13619834057209573
-4.593985238230746,0.23545957591190722
-4.501985274606048,0.34091607631357934
-0.8647754540251648,1.0290241370854154
-0.09639496741456761,1.4757460508702587
-0.08245661333052308,1.182750874103141
-0.9015491839090675,2.180745857823279
-0.17635257382790975,-1.1566183215681138
0.130461774705231,-0.6844599348794784
-5.05743224485416,0.23608438267452075
-0.688762925845334,-0.3826820152394694
0.2855432605262536,-0.7200980729614238
0.4288396932955471,-0.6067536925957863
-6.107626729313398,0.3708663806199916
-0.19549829010834516,0.9766411790557206
-0.44298111197712425,-1.2254964199481355
-0.2212038786391132,-0.18102406380796782
0.4313171921218009,-0.5132521780288338
0.05280960007829859,-0.369711490353649
-0.17263277151046638,0.42601137109204884
-1.2780266910022544,1.4083160454747048
-0.7336738865663028,1.843388792431774
0.45082246382716684,0.43286572349621977
0.05768999261910758,-0.727198975934919
-0.36358386700271067,-0.8881149690243997
-5.689650454882851,0.07000406252298995
-0.7007645327936689,2.6623129687760767
-0.8100404342374752,-1.0524149286832016
-6.238354333960187,0.10227790138794202
-0.41910697734089575,0.7156141791076521
-0.4715069815609923,1.9247520548439006
-0.8885459049917692,-1.6508254423314588
-4.989565277550299,0.5058776192414886
-0.7599514673063045,-1.6286077246836401
-0.6484896077441029,2.104262626481706
-1.0302450113125041,-1.4339356928603948
-0.8744944898990263,2.219968559726609
-0.3614888593734458,1.8534998137372605
0.318889128494148,0.1915709389275813
0.6998172584597822,-0.19133189759136912
-0.26047520109349176,-0.9041193210449028
-0.7570268849896511,1.4814083377647627
-4.520057828440198,0.12425510182696094
-0.05289104369026166,1.7606939108857256
-0.19705964821652816,-0.5264856702686692
-0.020307593389336426,1.230056203275917
-4.857880465603099,0.13264053655268448
-1.2079368019540582,1.8631226406163426
-1.3035015582321252,1.908154710544711
-0.2714880072700724,1.103744641252253
-0.15807426531911586,-1.04847119817794
-0.9222943125757201,2.430026645867095
-0.13937886213074177,-0.5512214857010166
-0.7191747515640095,1.4693963852279075
-0.6300739457534754,2.6942676115029163
-0.021287856523417446,0.583196026710976
-4.45790082307659,-0.23739584173239803
-0.09858161244178011,-0.6452831040089732
-0.41706599237036635,-1.2223008757161227
0.2731882852315292,-0.3729806141878799
-0.10904533481465149,-1.367801723033606
-0.13686992604116097,1.9954394613845352
-1.4236443134212813,-1.5775108155713067
-1.1490172866422892,-1.1972643066265627
0.10193427881117069,-0.6371662473095919
-0.6159445338549461,1.165620222551063
-1.1946521728229453,-1.9171935623751621
-0.29422081006713213,2.0228371614609495
-1.1167722025745344,2.5592962070542478
-0.2866489207596698,-0.9140524841835228
-4.074263254642866,-0.14613234095426147
0.36974040593440777,0.6832806495053022
0.42205224781554046,0.8250729168841285
0.14391957305090608,-0.2070194479252868
-4.681253982327929,-0.08447197291842089
-1.055877273352282,2.2141449661318533
-5.68310056876049,-0.42665135797659937
0.287110814976577,-0.08266932971392085
0.23525798111116,-0.30831949630238165
-0.6284265531901363,2.5933793496247475
-0.002142508927105005,1.131139704787781
-0.5063435556303013,2.0289806146551155
-0.4780228561891357,-0.06626989652112386
-5.581309757890559,0.7896498456898593
-0.8633148413332141,1.5583778648778048
0.11641923401431459,0.6011063634550735
0.3583773064698802,0.7259604929455793
-4.185499708662744,0.04383877090570635
0.21160060463041827,-0.4364951595413448
-1.5779308647016572,1.3729990821930522
-0.1474085749957451,1.1538133753306572
-0.4243837626716736,1.283238632004098
-0.22932967683080452,0.8389285584569586
0.16800843445210456,0.008932840022258358
-1.0300996414245942,2.351522047548494
-0.31059765612925133,-0.09894460261442699
-4.464694545905721,0.1889519975991629
-0.2563784823888059,-0.33948109902474527
0.8543643324486662,0.08869949432140152
-1.3331549443952335,1.647456409370399
0.13481600145354675,-0.8391575802839253
0.8435383610073788,1.4823483999539204
0.2578665903899073,-0.22103176560273657
-0.24560067061680846,-0.7238018387742633
-0.22532255029504777,-0.14920950362748336
-1.4264762054170916,2.1508007840969627
-0.13502930842382022,2.347387617923319
-1.648436697748375,-1.1878307258078997
-1.4461508280207287,-1.7855654947426525
-0.542082408252913,1.4575010873733676
0.30352037645338104,-0.5939930857923394
-0.4109429602964304,2.0942107102924217
-1.0379335730834442,2.860105645040269
-0.6289308189414029,1.8199865855982544
-0.9514251760448442,-2.059110762553253
-0.01173717622834399,-0.022123580953445226
-1.3545910737769549,1.5759640517549187
-0.4422996862985542,1.8443947196671633
0.12262080057357276,0.06260520358206571
-1.5251533008443012,-2.069089573069629
-0.09969369431314246,-1.0116063193994802
-1.5394895331698655,1.237529607449138
-0.1256387527298524,1.948418719598534
0.31145114796131884,-0.710687910357342
-5.236961703866813,-0.1110075913449834
-1.0415899511561448,-1.5866381286364608
-0.5863225566471947,-1.3815926547042787
0.21715317582504515,-0.3076363683224784
-0.4693569833554388,-0.667834194219761
-0.9604027163474416,-1.7630652113754406
-0.06129359474517238,0.7972370039253664
-1.3576628103057697,-1.5816084189679154
-0.26172064202595124,2.0878741713145326
-0.9012214698243716,1.439462192623919
0.31121262547319656,-0.5950144867736181
-0.791767830332954,1.4019928443406913
-4.5207036261479905,-0.03325720983443233
-0.18977023341389196,-0.2769935237280291
-1.0409122734210252,1.6731237542778647
-0.7889226429805588,-1.1219039545633553
-1.119124366132274,1.9555392725884662
-1.9191021414393639,-1.345812511600861
-0.5568378802544758,2.2049073344911867
-0.9130145368646675,0.8952823485102528
-1.352803568376424,-1.5938559832683474
-2.4465903365012873,-2.044597655952511
-0.7238344275929153,-1.4125650944108878
-2.005433651157603,-1.8085396371704827
0.2242796503374894,0.4031575925474491
-1.5222708704947454,1.598486810404411
-1.5128879086124696,-1.5746367041166873
-0.08124049240256469,1.5665959400963116
-0.16690374553082693,-1.5221808672243207
-0.5685150029576997,-1.013163155930547
-1.2476925188552697,-1.2758095924673163
-0.8419815573000623,1.9858895321678853
-1.9816232431935583,1.9752747241409347
-0.6506798936884373,-0.09453634752070048
-0.8803456950321824,1.5394912441256359
-0.02072920490941372,-0.4953180339439351
-4.519243357736215,-0.14344114061428953
-5.272253709631738,-0.4795530132752722
-0.010824355606015738,-0.6279477134172131
0.38527215068412424,0.29350621685383155
-5.817152801434811,-0.33198905017755903
-1.14687690478608,2.020406633732011
-0.6156197719600868,-0.7680704502665928
-0.024109875671172308,-0.3721984306603091
-1.4166895532445556,-1.8746792499219118
-0.4156098604848964,-1.7322650891168165
-0.9319191309725184,-1.7977274475516127
-6.3624361757671535,-0.13801265074592808
-4.530583916942287,-0.21694704568257325
-5.666644231434981,-0.294345941091645
0.4694722207242777,0.9116208650460902
-0.8049412322248147,1.7964946760305096
-2.461915412540369,-2.269700974491448
-0.7145104406978593,1.4779361839888947
0.02038502247983801,-1.3352177118190691
-0.9409057242652672,1.442114438567653
-5.5615777725036315,0.5791835302793903
-0.2149313860202458,-0.2870017691262341
-0.5336521683662366,-0.6464653040222076
-0.3634752126226629,-1.0983210858575825
-0.3964491308934305,1.9766624031128126
0.08160925637823885,-1.1095812561846528
-4.880426201926199,0.4104118028812611
-6.254735984744461,0.5393015998981278
-1.5252015531820777,1.3143377479895428
-0.7040451450487123,-1.0792689073472113
1.5678374452615227,-0.16500395732866188
0.2286217882326682,-0.33556647294342257
-1.0531581235572616,1.9654462663621637
-0.06802805525947685,1.3079421002854865
-0.4316494231164585,-1.2005250492901944
-0.4674324610909046,-0.7016012704421142
-0.19295207737537834,0.8011938759123731
-0.9379165509286108,1.4884924682538951
-1.5522107281115833,-1.4279719303416654
-4.876283527337373,-0.7452199510261718
-4.533059026532136,-0.3112312179596716
-1.0099443518573967,2.637761137262702
0.45274638286991614,-0.6166634744992772
0.12605044929136866,-0.10568736924376433
-5.5085103110023965,-0.5424332273933807
0.1393256666184191,0.004428208691954389
0.0794697798446079,0.30956197663841495
-5.904350736267521,0.004552875678296136
-6.3572374404102465,-0.05649272857584441
-0.07121978008444374,0.08633116816195982
-6.567556773275131,0.5561477343257224
-0.024380206897485903,1.2293303994891929
-0.4399958401579354,-0.5207291467564205
-5.919671913434507,-0.07508105705806219
-1.4611977666323448,2.503685390870775
-0.5871042473535091,2.378289418982637
-1.2784019447011132,1.8932102906886674
-0.3694985108652547,0.12387755862914954
-0.011796959839827805,-0.37998914950002793
0.024909560721515334,1.321599125362398
0.06289133910863569,-0.04904450509318184
-5.396934430712855,-0.37433206429015
-0.8559870889636452,1.463998680875212
-0.9240783024841565,1.7633739504554389
-0.34051823574830103,1.2150775763833783
-1.0752590406716478,1.2931684227658826
-5.285931806935944,0.291920910197201
-0.1726732086698356,0.5602544083665092
-1.1875785513308101,1.703446044934432
-0.2841912346906377,0.1251477219890815
-0.29030504749104213,-1.1677997720591657
-1.5112977341155913,-1.7106701001699727
-1.1852751256191758,2.356236385417178
-5.862114236611752,0.04147135085782904
0.05999760111416936,-0.4270917497458648
-5.820606991128689,-0.3537449574157284
-0.46506055174831284,-0.7545938500807655
-1.0533441662123038,-1.177991124297222
-1.3796927108323218,-2.3430599741650657
0.22493258962897214,-0.6980503543196976
-0.6815576136238098,0.5368354784049084
-5.919497985480798,0.31333796931316016
0.025601385703193626,0.6683262723168428
-0.06645073408621026,-0.5149198666552425
-0.8388235870154045,1.0066669787244995
-5.950401227372271,-0.07330586972544922
-0.6243963397581548,-1.2304538743727178
-1.7866851155985664,-1.4323663289367783
-5.719896500526706,-0.05662864238747147
-0.5361723621582701,-0.3015565839123532
0.029638541898156123,0.9404462223766421
0.143174891026227,0.7437337422100326
-1.0492229326484164,0.7221076129110732
-1.1642610570585215,2.090169456929565
-5.5898799004745054,-0.4433510865754517
-0.9393615406380518,1.7804175166434448
-0.11244297701882232,-0.7668737732200389
0.14557957626810705,-0.9309608717242265
-0.833454798016393,2.2072939840014056
-5.246951076562377,-0.014346219741544684
0.35699939963340466,-0.2686534846801475
-5.684364433712529,-0.035131920966020004
-5.671561274329134,-0.3094571834833979
0.28225915312051314,0.32976245022176237
0.29732629954403494,-0.8387952386661537
-6.021844084210314,0.235586548924579
-0.3391799269207209,-0.6104214501185685
-0.965037945074003,1.685034478078515
-1.5332480769766381,1.612748815058073
-5.8538344713226484,-0.9127077628649791
0.186672885370737,-0.09539473074128536
-0.7221668744866009,2.242223638096764
-1.2466005762347565,1.5384232199199208
0.6582134422442683,-0.5814669125341665
-0.7217170900866006,-0.9217934023475426
-0.9995782466072747,1.933519134352247
0.45508654621050953,0.5789907579008109
-0.8297102500021871,1.0732040025983944
-1.0826907181587264,-1.4033712170843389
-1.2425962454023554,2.172884250966692
-1.0471037287912621,-0.4133652690000813
-5.4274294149915985,0.5269544797399943
-0.8442693571433745,2.220239713049062
-1.2265513596517312,1.8616432527025888
0.136090868509054,1.1096452999939366
-0.29930124911359834,-0.050118051479966334
-6.231874360595304,-0.417673498541498
-0.5360269618976363,1.6157323345279466
-0.26192142863405476,-0.5844912514958608
-0.9936737768955937,-1.2083023910179729
-0.45409507048207765,0.9437990518427993
0.47681332769294316,-0.3626199463821016
0.1375051396721976,-0.9521529312092296
-1.0705408227532767,-1.552228355952106
0.171260734035212,0.1017686664761222
-1.023099984164592,-1.3555595464617392
-1.3713091837549491,1.3842897508322072
-1.1442972867140602,2.212970236062239
-5.58747835517962,-0.3661793685150177
0.34015762521014314,0.35222127014364163
-5.898849954993792,0.1929729786180015
-1.3068487819582042,-1.5955649131969238
-1.3896075057040418,2.69064137996689
-0.9628199791800185,-0.42273032270198935
0.09398790182040456,0.4969305962450413
-0.9351881126713183,-1.3032818744863204
-0.26443503576193444,-0.8406499454069456
0.6851533063554305,-0.7091276913994389
-0.3240094539895736,-0.298685052974859
-1.356087654837276,-1.658316392873076
-0.027018348546146532,-0.7693048269149589
-0.5547196919053671,0.7463954096087363
-5.532613167509284,-0.1015120403257066
-5.624951026676868,0.14839994016781843
-6.333755094137546,0.6439062861166732
-1.018026126109624,1.0358361799178852
-1.66912067631101,-1.640593677670447
-1.4305998058476235,-1.5072233672683693
0.049800570011856886,-0.007530363447676274
-1.9031751742736647,-1.7138458167812947
-0.08708999463391444,-0.5175485933654838
-0.596483547718631,-0.9951289441664893
0.9388540795935248,-0.6907698438829677
-0.6418665292554075,-0.5330106318606503
-1.0584178971468323,1.6055702162955339
0.05868618598304361,0.5826126516529008
-1.4572969183271158,0.7448280412556064
-5.522611389604657,-0.20953665122662135
-1.864778078204566,-2.701853333716472
0.06576865317233087,1.7940292941913594
-0.489444576982021,1.4032828980180636
-0.30534060644945576,0.7624116035404288
0.27278961381826716,-0.6427932411535733
-1.6037770143649077,1.9588392253139695
-6.421849052632661,-0.6825626657847733
-1.7067811828396464,-2.121342388939529
-1.006184365864142,1.8066332165536527
-0.17846834950842572,-0.7896387386080604
-5.633703303969431,0.08039766368343167
-0.6538930979660165,-0.9987892221812572
0.36328563065602787,0.42159488711675525
-1.3469427673438947,-1.7921393324399746
-1.2825951413583467,2.7118656912131294
-1.3402638173139978,-1.972979709825649
-0.9150750106185239,2.3183233804384322
-0.24954797531120507,1.5663921907284137
-0.008583561280937867,-0.033331969425434656
-0.4605721792632003,-1.6486069436489004
-0.675842105749756,-0.5767518566937042
-6.081926000705732,-0.5338244220545841
-5.108252314175205,1.0430987258078532
-4.80996905157997,-0.27844012347079655
-0.30705977310901383,0.8217186121099185
-0.10304133223666677,-0.8084147189839224
-0.011435888493742993,1.0120868784195176
-6.077193819383099,-0.2385367267100257
-0.17479749435855382,-0.37827355733490015
-0.4426997609625401,-0.5986183733647984
-1.7482765325373664,-1.709764430533597
-0.3171712403544303,1.4904442930612858
-0.7906039251296371,1.322648799731444
-1.0762175150009685,2.0584522824477522
-5.168725117902212,0.24599418029859588
0.0019173920499607991,0.7531648802226826
-0.34973792193020853,1.2424940054683593
-0.1573164462393394,-0.06308257307781692
-1.396102251494589,-1.193844430718714
0.37842353126497563,-0.2867680105999953
-0.6449958560524697,1.5338586346348224
-3.8074287618342635,0.2908162399324282
-0.31788335631158565,-1.010902658768953
-5.268886521732607,-0.04380236288984713
0.07601265102892513,-0.042635045942938585
-0.8546736073922797,1.501403270718302
-0.08555067584645644,0.6608935006068402
-1.5301090680071212,-1.5176617720914403
-1.196763701818845,1.8352978096153596
-4.968763520040376,1.0988546477108638
-5.6326831268040065,0.33633359808747254
-4.649868066466453,0.11871001821128603
-6.270480069187355,-0.7790080689892662
0.04834338646975511,1.0020610760898423
-1.3246278304014767,-1.8656487670082658
-0.7655717606579947,1.9411078456805115
-1.502224418199947,-1.6958197508800437
-5.498700906994504,0.09554193313066263
-1.6413858356060282,1.6032622543600978
-0.3266375487947179,-0.6732990169986058
-0.16298285725639527,0.5263487444256948
-0.5306557812665458,1.8550591401737655
-0.7420639592210058,1.2024610699067222
-5.018434306748718,0.48408104505970995
0.12014408525293957,-0.6466078668549247
-0.6124049568589758,-1.0109746932372197
-1.5386405924016986,-2.0563870619539166
-5.970519049443274,-0.3130129067015312
-5.099088970867605,0.44487144425105674
-5.1387747973259845,0.5565045781666836
0.31587180087344596,0.7356827828683865
0.011264615888692448,-0.504828279872082
-0.9164872577222347,2.296513043090225
-0.7212284442031518,1.121573672354647
-0.42629858820641436,1.1031765582190576
-5.870998621968288,-0.15521425019360463
-0.6163827594966461,-0.9440843897630331
0.09271977203381015,0.14495954293297575
-0.09693806594142287,0.35596486828703117
-0.9031491745195314,3.286551954178816
-1.7066097108788916,-1.8570022178356012
-0.8335645516427129,2.5599822578923908
-0.9458149170133963,1.7129323226980586
-1.2310084104301418,1.7933191773170722
-0.9373343362492593,2.0136248321315784
-0.9295556319317787,0.6211988477733125
-1.2678322138635183,1.5322120239290744
0.06147170234453133,-0.13211078477479027
-0.37476671784514226,-0.5217914841461924
-1.4074416804515788,2.4787514840651146
-1.2356565033556324,1.3399753883945278
-0.15714788997721207,0.2486132698179999
-1.4898540736576766,1.8702182772749936
0.05314743873131394,-0.3055917676868462
-1.1957156564258395,1.4566509881266128
-1.0157000631004922,2.0790648591576066
-1.7637795869298378,-1.334945118757556
0.4641904356319172,0.5546276030026416
-0.12271511669343303,-0.7103399947559221
-0.047866659172414686,-1.3733376699245081
-5.780296455997159,-0.34272473948935367
-5.291125886204006,-0.18932524120364877
0.0690839120008894,-0.8289508724248704
0.0759621423281012,0.39221714401761504
-0.5175306170339621,-0.8507439473686258
-1.5888571396331361,2.343870909585079
-0.02392412293687005,0.4527657686036289
-0.9173844635499645,-1.1190003632844159
-2.0997061432703195,-1.4138821640885308
-1.5042839347926475,-2.0702967302623363
-0.9345988211214887,2.119963673929006
-5.173200933117776,-0.7402610810973318
-0.03782502324594645,1.4272835289176777
-1.076289501829137,1.7764083550906509
-1.0728677676734857,2.4538540821583563
-0.6432100208986711,-1.4209251886677952
0.09674077212020571,0.4905087583941369
-0.764522294641385,1.24064837240039
-0.2542804643361399,0.879078885194735
0.1923348230894788,-0.5879705787772207
-0.42302888152498075,0.7141285773283468
-1.1874322991992887,-1.329322645435907
-0.2014965102260567,1.0724212817336256
0.014818402704844283,-0.23478580066483573
-0.6037416933931442,-0.4773502953293152
-1.0588103793797468,1.4492434054073566
0.09943129840822196,-0.8053760600687828
-0.18341971061027287,-0.526095820882278
-0.17711731560683783,0.03157189030631044
-0.1153584345240596,1.3236247207735803
-5.5840904094500985,-0.23495430617987195
-0.001549349250322748,0.8198025523618484
-0.40675305634585474,2.404087056656396
0.47907743117939267,0.9655751006472654
-1.265363975060825,-1.2562815977207356
-0.17191173597688272,-0.3301983436500316
-1.1071730675505365,1.7179828509122743
-0.7416490275603359,1.7230878765008664
0.27934701451978927,-0.5523801572403584
-0.9803032909504712,2.072070834976937
-5.639923070011771,-0.47776337950649467
-0.018074036423288153,0.16990600317278332
-1.7706591821330435,2.463661461246261
-0.8061979234668248,1.9939637737839433
-4.110871020132108,-0.307570674773804
0.28663914539985524,-0.16473043762676196
-1.4314951635369244,2.3211966365567154
-0.9918210013096422,1.8753336105987035
-0.3923010648330448,-0.8273035997447914
0.03720647720006071,0.0333416260603641
-6.378576304404392,-0.07445638616635825
-0.21532871039426874,-0.1898852107699906
-0.40496220585347414,1.5765201046183877
-1.6944916514900625,1.802730405721318
-0.4279451259342213,0.6862260578164907
-0.5500632869932568,-0.8873504706623042
-5.514545110512993,1.1860522124059092
-0.5224068903810544,0.9528736558638049
-1.067606203507459,2.120317505750869
-0.16071043422409828,-0.8919668022742483
-0.43678871810716907,0.8797201929411448
-5.218487017725568,0.03788059258914547
-0.22011478168556775,1.2573716227677736
-0.6452205071204172,-1.4402747510670626
-0.015142377612981914,-0.6231968952052124
-0.6567473307475721,1.9998945224543803
-1.328513583050761,0.9866332215927133
-0.6545054227975129,-0.8867674041617377
0.933792948099427,-0.04249431509401802
-1.45848214809519,-2.06025575391858
-1.4340845959670263,1.8499016115740508
-4.2493892247997636,0.03376626692352955
-3.9376425966400443,0.3570109143832355
-0.6772414587427968,-1.1432177926885418
-0.6109231239225672,-0.3866857039218347
-0.16289380177739113,1.4303245170245729
0.1896707524111117,0.030286840534831178
-0.7334745606125954,2.2437499177369262
0.03895939631892609,0.7259539479699842
-1.6933188155978682,-1.5215274775218328
-5.565897460376645,0.025290172066568178
-0.6824495023917118,1.8509462480229353
0.1184414506431979,0.8436254571739963
-0.4260983334889291,-0.7058109363945999
-4.7833093080686115,-0.6349560345366803
-0.8209981536118764,2.045464861584095
-0.4211806911318517,1.8655492498785728
0.5592825209661594,-0.16425591405425974
0.405781185983284,-0.24111014957847973
-0.3079263779033359,-0.7747095743271142
-0.2709193414226471,-1.0814940591348785
-0.39680166137038386,0.26227243184981397
0.12569349745236608,-0.4100920891415279
-0.2424348730470317,0.2147612835224967
-0.8929652192532179,0.8972708660903143
-0.8122500576580517,-1.596600969323736
-0.15327603416221633,-0.3564394453947096
-1.0892031062372602,2.0726494260980117
-0.5924037887436289,-0.8666962339208503
-1.3534959781953135,2.2588835743963473
-1.0934195723230233,-1.1970659560248957
-5.36037495286457,-0.23717943875542016
-1.3149359212058007,1.8425200388121294
-0.9763509446660936,1.1865951339266574
-0.0966660710469006,0.8061836047142945
-4.12601407492308,-0.1830455205794534
-0.3233345205859415,-0.18235025500000204
-5.16470576561967,-0.3495473185665882
-0.48715559629607597,0.5785886116180975
0.28590174082943987,0.21271102901555214
-0.6797253595424159,1.9872639818153737
-0.0643631470132097,-0.8192663136323269
-1.3219386975782814,-1.3560305740120182
-0.4573879221316989,1.0027154567064058
-0.2922368375532175,1.5820310046765147
-5.960503255207795,-0.18709655079569099
-6.1037502648905715,0.2993627234138671
0.1594834133596385,-0.303913208543715
-5.652793788487224,-0.08350667089410886
0.21144972476317364,0.46740051873880495
-0.2953389339578635,0.6932077001233479
-0.45618821220348976,1.915748688090054
-0.2999139709903126,-0.7823793602378338
-0.4489869515062388,-0.900268993900487
0.3416030012811343,0.2679211467802699
-0.9324679388523912,-1.5248859428049844
-0.04357177801140999,-0.703134704815418
-1.7547446018040211,-1.875961911900725
-0.6463805264590162,-0.7787173130703527
-4.668458048157398,-0.48819038990518393
0.28195606190143613,-0.6484192530054158
-3.627189705327587,0.14736511713512393
0.6569176362796127,-0.5340467492355894
-1.2095661577477579,1.7957905208791312
-1.4713456847003095,2.3916897994340975
-4.903443406045556,0.4868490994726008
-0.4944289643495506,-0.07434291561018241
-1.3606919824489103,-1.5618490404029912
0.08733023404415043,-0.4932704651402717
0.4580479238703669,-0.17146837998455902
0.7511830414498119,0.14563774504080568
-1.11587434512425,-1.633119627540132
-0.3673705425784849,0.8448356271101907
-1.4710993641395267,2.1830803791024334
-5.172954150683382,-0.42707195672248155
-0.46338465128483114,-1.1658708931074973
-5.8381528698776295,-0.4138845063912612
-1.206013632320092,-1.640184910815825
0.33562781895567617,-0.6504330005626666
-1.0768536280127181,1.8548135842510154
-5.511308005884582,-0.5723483392006005
0.19674512597838079,-0.14038518444441933
-0.5609050832464264,-1.3031131473204458
-0.20623191396088628,1.6252490001612003
-0.2097752602967116,-0.637163948810032
-0.5908792170706125,1.4961021779603985
-5.905692208830699,0.22260290145432882
-2.0216979269150195,-2.0280677267708738
0.2329146905669493,-0.4946664354195521
-0.7920408921480075,1.4907582041446563
-0.4825546905188052,-0.7388996855731732
-0.4559550412365688,-0.3889500238638565
-0.19088908582246136,-0.6638778720703838
-0.39608784638809147,-0.4716361963266266
-1.0173682813293572,2.203433834372165
-0.8330493507040675,1.9586833496715246
-1.6192400194229952,-1.4944871265219144
-5.784156236578945,0.4998094473841182
-0.6563536471241478,0.06525515996187461
-5.210526138361472,-0.5035455630046004
-0.9658720700998517,1.5607253424962353
-0.47696022436361546,1.1336735617301354
0.32104581851449826,-1.554472368650994
-1.1391997503371338,-1.7668632829691644
-0.2464151376756402,-0.6582571581332429
-1.342727544227055,-1.2611514160296933
-0.8366430565662957,-0.7218448722062142
-6.1268058643107635,-0.08981896847165605
-1.2729422473300682,1.6044470818213348
-1.516375778181349,-1.3780409315096034
-0.08610714200530395,0.9165855964117432
0.22110886513235137,-0.7642175546473519
-0.9358528270653385,-0.8421598495419789
-0.6908684784905218,1.816545539121704
-1.3467982491416313,-1.5524035109348342
-1.2752270940305928,1.9735384441879715
-1.1520357737810172,-1.22065063058834
-4.322397085989847,-0.25819018262600074
-0.18464719899898122,1.0290086118664372
-1.2268302293406448,1.9553581764388188
-4.072171115039597,-0.18700400649969273
-0.3633098248444907,0.11530504589770113
-0.5966539869062575,-0.6099838569862153
-1.3673022358261222,-1.666211766476918
0.006868434155166227,-0.4999450168858187
-0.6368028992638083,2.320716824691788
-1.775016106386225,-1.9199859149018432
-0.08847927572982178,-0.7891677984644645
-1.0876427292012336,1.9240162543247559
-4.149888974876738,-0.4356488241090436
-1.6591410361547712,-1.4829207674639213
-1.840751001207672,-1.5831156717390464
0.2009084759716512,-0.605046735969272
-1.4841727261548847,-1.201416140754349
-1.9797205342121156,2.4243647130142976
-0.58157659635637,0.08619532276921758
-0.8565246948100943,2.265146101994413
-5.521431227331632,0.4492904178949884
-0.197106634016788,0.03696836750866294
-5.975937566579296,0.24769423683105443
-0.4239453328546517,1.1863963589999011
-1.4333048258753105,-2.1785288124629605
-1.2462355084020096,0.8449734716033217
-0.4546067057824865,1.165387987726946
-1.0981181899305805,2.0298679394630645
0.1456591439529155,0.3954592009901921
-5.1735571481382,0.10068901709882663
-0.7193350483042524,-0.504923562548512
-1.5375865275794807,2.349418440860082
-1.2026516974023904,2.122503829267216
0.028024667938484907,0.319503127452092
-0.5695857502172733,1.4541541084721266
-5.801529488872835,-0.43096903685216453
-6.344855433004943,0.43202625457591376
-0.603506594649167,-0.9806926475971379
-1.2060993899325947,1.4481774944317294
-0.27869806381481443,-0.41302662132105306
-0.3378163432265627,1.3653449165463085
-1.140344671763636,1.216075287822246
0.2846218757863776,-0.030710656317831812
-5.3491842771581135,-0.008466209138264144
0.2513313045591077,-0.2531783021348409
-0.03566380297939431,0.5826836579662045
-5.367546388968799,-0.30356368713225906
0.2264901508824565,-0.8456160453089984
-0.015605582345403135,0.34660511027717034
-1.5294737083374152,1.59777960197893
-1.1390799984788695,1.07189211260463
0.19773233654148137,-0.07115318427523928
-0.4845036712630695,0.5736277260716034
-2.2628630911219543,-1.5085753027175053
-1.0315101643655327,-0.8896948308480069
-5.840220288740747,-0.9747679024447856
-1.2521653536588198,1.1722319482854668
-0.0066726251719893895,-0.7188974588853629
-1.9749563019409835,-1.7342274015321542
-0.16097059332329888,0.4854746076909717
-0.3981865034313905,-0.31561855436280745
-5.966241359946777,-0.3308182859582913
-1.431866093613421,0.7775901323594835
-0.092049399776484,0.09151292471620426
-4.391408614017715,0.35550521915748645
-1.1238921250756952,1.9384270434093356
-0.7832929612465686,2.2317128996998776
0.3503465242634351,-1.0333249114515977
-4.280316570356783,0.35324863525872985
0.2988305342161271,-0.17228160509025378
-5.568993300173913,0.20677849909114257
-0.9885501154613083,1.690021378458993
-0.894369939115953,1.611873811846301
-1.3345306580894107,1.0848227264584347
-0.6921434534832546,-0.3810336486288358
-1.0286882960547572,-1.4355449587974753
-1.1417118016830978,0.9181783384233314
-0.9762413871021153,2.1472249434094643
-0.7513437148862664,-0.6395521707634069
-2.5860449088580917,-1.5206971752774996
-1.3399469583214256,-1.731223532960236
-0.18923678332166596,1.5834869970213
-0.14520399417744434,0.11295491756093584
-1.9888678376002176,-1.576252906303476
-1.4611404873679799,1.811963274412407
-0.5096731112736894,1.2537958138871863
-1.0490693617912181,-1.1963617945712441
-6.112000832569849,-0.5468227608640348
-5.3432838065132335,-0.19128581345842793
-0.5925498947107329,0.806600287541843
-1.3221841754236012,2.001379625490972
-1.1581931503953822,-1.1988288856242468
-0.5586670066860966,2.059646119261609
-0.43765551563344335,0.5452912540113406
-5.851130188308626,-0.44567015437065577
-0.584424871821294,-0.6671419858020815
0.24332531042586664,0.15623769895014702
-0.5110426345662694,0.6595304329359379
-0.7464983203162368,1.5296087771044091
-0.5466522897153349,-0.9920231834491102
-0.16473758864905977,0.5025476644298523
-0.6321835255185678,-0.2677852953443798
-1.4306042108972885,1.0019699992534867
-1.026617450938551,-0.5730607143717089
-0.8300839755053488,-1.7969926940231797
-1.0613799557589494,1.85376982310146
-5.439620194814783,-0.20180998035980716
-5.476122985634685,0.6677694140010746
-1.1071846412142905,1.8426236971156786
0.14946110455488135,0.3343775970449509
-1.303292592852205,1.8953940750072193
0.36599966138590806,0.4626757067198359
-1.6494025614600456,-1.7531270619405117
-0.09674899790567755,0.8101263432799829
-0.3964645342165376,-0.17299666692596027
-1.445879846606461,0.6979894685615782
-1.6183765875550802,2.2164502364401555
-0.575716680148301,-0.9272664506592255
-0.9518576343866242,2.0573709077594917
-0.3416185235326821,-0.06663436421983962
-0.9258436913817757,1.8488525408817829
-1.7112329321064623,-1.5818741424509224
-2.3163491685897593,-1.6557585646489834
-0.1676482736280988,-0.12433395114845447
-1.726457760737998,2.1517070258517803
-0.4160368333881694,-0.15095591321977803
-0.6787190295824624,-0.9247643392714301
-4.390342781000074,-0.04358151917210758
-4.204492796138698,-0.04625088496023073
-1.0908181988955776,1.963858115591018
-0.45500619506466616,1.376714599207048
-0.2521308867481922,-1.1531137597253733
-5.737393967848841,0.8780180636813907
-0.41815319676851903,0.13642124785611806
-0.414074159714317,1.6245722197952737
-0.11614229918126968,-0.3371734925819155
-5.909238273355408,0.06951757273276221
-1.2814364143623065,2.568001612239719
-1.215986726323002,-1.2906288847436294
-1.1762158908769913,1.7902296766369596
-5.287189651624087,-0.526802277131439
-0.2355600814686805,-0.7682403777297528
-1.8580444502283255,2.0414750506269663
-4.844986539022596,-0.11735924819326854
-5.6610622078003265,0.3818457068790469
-0.22878242357108886,0.4038647635378134
-5.39469410011366,0.19623804374709647
-1.4729508673377483,2.615349941549831
-0.7783482944313437,1.690108697080731
-1.544681600275348,2.584712255697546
-4.278542166321179,0.4682751453947542
-0.23803645929905906,0.41585407847931094
-0.47334666725661284,1.6611991019090235
-0.8485777965767122,1.2707924994844835
-0.829120918040015,0.6687812544590981
-0.4084034654723762,2.287648539220236
-0.04610126437081077,1.135957879175218
-0.00025394552464593894,-0.6349921938361333
-0.17313026474899867,0.23913854916435878
-5.713309804938465,-0.19250178134338128
-0.31076554458325056,0.7311931079502861
-5.5392389137170674,-0.016218812032875046
-0.9870620684546727,2.5651752133856376
-1.1589544992842309,1.762254531892156
-5.844542066821296,0.19173231393685192
-0.3155265561675486,-0.8281277032801141
-1.7158820403389137,-1.8549533317139935
-0.8376607433743402,1.4826186650967024
-0.11179930064505628,-0.18989665038856487
-1.4133432543391866,-1.2584357230945191
-1.2444917526838486,-1.4586766496948995
-5.112281178050069,-0.013914371221408576
0.13180895804637033,0.37867663636038584
-1.1687714426077394,1.929049685411149
-1.1027638360065835,1.5410684513777704
-0.6663991624497404,2.639430038301746
-0.4114237538597338,1.004776384777899
-1.001144227429669,-0.6855519268593903
-1.2654703693569729,1.9592056092610093
-5.666449606755188,-0.5451937375479969
0.17767763699672945,-0.49199183047990575
-0.4339295091703006,-0.3996619208615758
-0.23559738177656,0.1917771666547439
-1.237400134304275,2.0684787122450676
-0.21373274584533575,0.6803056448119277
-0.5182865330043644,-0.7522412681357151
-1.0744880219579978,-1.494694314384396
0.07929313182506613,1.1548292972629628
-0.6570589560764087,-1.4942083517875566
-1.3667955192697856,2.1064631452375804
-0.6667841666405973,1.4297030745461934
-1.9246466760929426,-2.081596965324597
-0.5508539680254076,1.0919973331973685
-0.793591606993886,2.163385130128743
-1.1523146950842722,-1.48233422403679
-5.2515834281227285,-0.08392298039140701
0.3476424619268071,0.15946206083732747
-0.7924038754157565,1.5183660785296875
-1.3845169912626478,1.4226716079025825
0.21664341586911434,0.8605563040154631
-5.137384765675407,0.6084003087302355
-0.9399854262888423,1.3049836892786728
-4.991348445976569,-0.045549061474793234
-0.12493442384624846,-1.3093719914339919
-0.359036404248042,0.5361898491089253
0.3769778089191548,0.014521375463732696
-0.8512555656667635,0.3696304209111031
-0.8382834338171624,-1.3540358231849028
-0.5829049988482751,-0.9061686643418572
-5.137067873106718,0.9235477049657759
-0.3055888006327899,0.2600943717908628
-0.5520341413744824,-0.4527183550679361
-0.3724549915528951,-0.453160854468585
-0.7333633240516947,1.8817018655039512
-5.850774946566265,-0.45582640517746287
-0.6541581642506505,1.8132945073855147
-1.3248802570050584,-1.7049852670610945
-0.823575675654332,-1.5412393604770838
0.19257748977689057,-0.4838452555327984
-0.8654059039339436,1.5223783758413638
-1.2533445874831612,2.277709585410151
-0.3755157031660116,-0.08750454731596738
-1.214561056431704,-1.41496285741014
-0.3997579058268631,0.1982217603098651
0.334158378673635,0.19731315114221193
-0.13839289347673966,0.5635674735515861
-0.14546552053347456,0.133033225936001
-0.5008822438324494,-1.249041047853145
-0.4086796812416706,0.09321676687633516
0.19696737578625598,0.15990311161999124
-0.5578345192915563,0.6228629495341478
-6.169910397921457,-0.02385579081571227
-0.7276227073286379,0.4257990403372654
-0.3987650730525744,-1.4208634835486982
-0.17945095002446082,0.3661099107284147
-0.03963242701000028,0.7636998015064763
0.16595445718298957,-0.7378597510449479
-5.107300118002102,-0.4483885622561752
-0.7368045136053132,-0.6152776736306458
0.32665411693409996,-0.19343751491894198
-3.788749061168884,-0.09578282839893804
-0.6206155357691246,-0.862704983866273
-0.8027714828758665,-0.685599289271984
-0.3849920631287092,0.16052532684364898
-0.6078070362899016,0.34846608557840153
-0.7163399842302703,1.8978487808942468
-1.0156299926620787,2.2630480196938523
-0.8316156307906646,0.9412929665055142
-1.1902713103795413,-1.496023790161797
0.07228149067117116,0.18117130061157152
0.28965517831988713,-0.26385042807028314
-0.21598707569370146,0.3186848574956108
-0.4769396818758624,-0.9508788591656572
-6.070927149098232,-0.23496673088303374
-0.0855468104462881,-0.2686752766519876
1.2225366353154525,0.3853116170778405
-3.0805499367070004,-1.8303209479778095
-1.2120769183230364,2.2688987757277714
0.3134430720292389,0.025866635321146702
-0.2580659236396841,1.527402646669662
-5.662007125376753,-0.2688038454798946
-0.9474904918794796,1.4313751954889307
-5.631564465443897,-0.37405558641026004
-0.5775529693597978,0.4677114146856775
-1.0287294345685072,2.3362934886670366
-0.6055624795324163,1.7983984423400972
-0.605263697121393,0.1179635969951358
-1.0601761857286964,2.750375736444846
-1.6064274463965436,3.008568259104762
-0.7053301708701388,1.5181544420029454
-0.9262216274278087,2.2828908679425757
-0.3958406911065628,-1.0255460135365322
-0.6525094145877985,2.190080846379205
0.24555872042425358,0.22669819347166098
-1.462955765054873,2.1566841931871443
-0.9682559492755256,1.5609800387049146
-1.4662711236947061,2.3872128866883378
-0.7604226344402223,-0.8728129186615982
-0.5881631243360903,1.9037748374430972
-1.673797258527641,1.0954463292636007
-0.6381936678459306,-1.2982985957195667
-1.1317324131120923,-0.42278463467300376
-0.031223558033192003,-1.0631197776570456
-0.16148727755551584,0.1931300559310045
-0.8275723065030899,2.148483057181173
-4.679587029716696,-0.1328220025814597
-0.5350610726175045,1.796412555153183
-4.346606500230373,-0.5680772823011488
0.09154759221567862,0.1938300205327683
-5.516226058536605,0.4988411177911745
-0.17320501533796795,-0.1994718351428758
-1.1817542549715787,-1.5653722222168511
0.5030133547426091,-0.12385095213644616
-1.3892506514070018,-1.4114853307075028
-1.1777445196157559,1.807236229580559
0.6401731460261056,0.2126617949970582
0.027609588447451993,-0.7118315410736098
-1.2432366218931938,1.6341696263208425
-1.101249965306748,2.215953640149879
-0.5600138280377657,-0.7829420957620601
-0.996663903909901,1.9507400610079364
-0.13297435264041368,0.6040287946825074
-1.529014367569793,2.426739477840971
0.09253329117449938,0.12407208693437068
-1.705571334819259,-1.7114759583457562
0.5233404324518866,-0.6728366199991497
-2.2836757360772144,-1.9943656610275973
-5.366153742756014,-0.34352032639406643
-0.3182093309344894,-0.45263558645075225
-1.8716373399298236,-1.4507036099523625
-0.8109289816232111,1.4318148851274324
-0.5506861560561106,-0.34623790800906384
-4.891397025451956,0.3743865998412752
-1.2634002868861003,2.0185791944348317
-0.546814576758083,0.516117474944743
-0.3357256233083331,1.243277324516961
-0.3388511621770161,0.5503101207909434
-5.065942494026055,-0.9856826467713575
-5.527779563845575,0.014219581490768397
-4.456274452797303,-0.5799930772046556
-4.945767284640062,0.5092337284036231
-0.9405748383618426,2.0279872555854914
-1.702258550757919,1.171890004152116
-0.07474410389647049,0.48714143392975995
-5.447321256493858,-0.3470427778857185
0.04302726700384583,-0.37431381979907913
0.12011473464287364,0.15449180781699243
-0.8198457751389717,2.0804874995180533
-0.8727441279981891,1.721865151604812
-0.8061771793461509,-1.5646969005435072
-1.339431200598764,1.0356466162552445
-0.40818565598288015,0.03013942411798592
-0.16648798873195578,-0.7319249687316518
-1.1037055623298822,-1.6603138854714212
-1.981329178677318,-1.771004553623616
-1.7380276137256896,2.237408736641669
-1.1416347995313163,2.260131085975234
-2.218634015872533,-1.8911861183347527
-0.5676335672124866,-0.303254492702762
-0.38952529844802886,0.6713795495812103
-4.867466866046064,0.4857658126403061
0.3799111865508494,-0.4865240386174231
-0.33594630027190153,-0.8016543586873554
-0.2972474024253926,-0.3720535690135806
0.15325012977660815,-0.22265231025267465
-1.0567694133525787,2.133284648751172
-1.0562048578631869,1.5987494883575293
-0.6924852513921897,2.2548665816376716
-1.630963546326088,1.95935198096584
-1.368142801594208,2.256893632072465
-0.6369982774772937,-0.36594553550472375
-0.25626327160342555,0.3768283404935918
-0.1440294808782224,-0.2687691888660945
-5.897237566907111,-0.39679369914477003
-1.852715813266292,-1.9185460519016257
-1.6007302789230824,2.1827013019772807
-1.5205095471501877,1.7999609496947706
-1.8811826156570632,-1.7735496101893633
-1.7929849223566867,-1.653090183438259
-0.1228630827493776,0.14090291744860187
-5.98850566058745,0.6578166888241253
-1.0376644188027928,-0.858914590371905
-5.453140523951232,-0.004957180401078795
-0.7697333502314478,1.8696184418730417
-1.1726165137746107,-1.098818579918724
-4.323897418722442,0.2996630013303796
-0.36667481588754386,-0.9201345829802199
-0.5286362052795643,1.9237822993030689
-0.7302916439644949,-1.3137829284633937
0.44643805845578394,-0.07085251031953727
-5.693661718827915,-0.1505539271294248
-0.8965343571719345,-1.1905435662482764
0.00795422978861522,0.6987517671033773
-0.555663230140623,1.9193630662661882
0.31687258617484815,-0.4949264423009169
-6.274125067431884,-0.011534455003546077
-6.218565649197048,-0.31603845977644585
-1.0470896278059558,1.464821189920237
-1.111506293453464,1.6471671215313166
-0.011001510198889671,0.906961333657928
-0.23422442977541189,-1.0443113783393887
-1.1315052507351968,-1.3876966860185
-0.7724633385579083,-0.27943738291973885
-0.24249136435370794,0.29823761143732747
-0.870679744300821,-0.5813970430797344
-2.5373247147380127,-2.373902201814332
-0.7976708889797074,1.625543569953216
-1.195713923775306,2.045285130251742
-5.97080206886395,-0.3304195978849831
0.02867819797776272,-0.07318903756019503
-1.4441662598533411,-1.679617893319125
-5.431088633520062,-0.6364556849413243
-0.012257746029728374,-0.6006516586875257
-0.83841736177726,-0.24678414369142726
-1.2597219853421513,2.552726084345533
-0.8717639182102171,-0.9376404887030999
-0.48791115774532534,0.9637162551751279
-0.16420185765395276,0.39095479294794216
-0.24926066996045826,-0.549660669120961
-5.052465554744162,0.0478671768598414
-1.0313436661755293,2.360705090057244
-5.761681663294309,-0.1953307280317771
-4.304274809457236,0.48728199201259553
-0.6314616182338775,1.869098491430045
-1.7912747345383748,-1.5967433331126017
-5.840461829412675,-0.18248270999456556
-0.19079629870707304,-0.9236222803024473
-5.966731943226654,-0.3756040372274443
-1.9205488651216833,-1.7717227882194249
-0.46054371567857905,-0.2691147573468116
-1.6504558779489564,1.1832563266235288
-1.6557892222692323,-1.7192152286484192
-0.8165678282169054,2.431621684927948
-5.923017572929742,-0.09436196509810456
-0.6188358208043417,0.7787025424945304
-0.7891816958545508,-0.8150545659173186
-1.5762667629531246,2.433361234264965
-5.090667654772062,0.3048323142503518
-1.7619446589415317,0.9102559852688155
-5.813297106697989,-0.13614662398485988
-1.6409784328145856,-0.5779099601348464
-0.6035379911342115,0.16636025272672728
-4.437893826786743,-0.06135063930339069
-2.3265739375812236,-1.8224299546333322
-1.3181845859417898,2.55135975703775
0.11788023020423634,0.2289210416697785
-0.7717123900306463,1.1691298809325714
-0.34975405906725887,1.387432631205869
-0.8059651298089231,1.3687943341620372
-0.6595144153923477,-0.150910991359069
-1.166753963688896,0.7706326026694651
-5.399480594095594,0.11522458847481319
-1.3226825571714513,2.7537892630085996
-1.0215564696811927,1.915172513136046
-0.1416739315622672,-0.3443743019769892
-0.28455549569925825,0.08802957084755597
0.13299379621043533,0.3339655040315796
-0.8563425100176515,1.6847266366268585
-0.8584365078094075,-1.157533041042667
-1.3195504513391083,-1.279798850927743
-1.6765015024657697,-1.2378208650403681
-0.6999516431610788,0.825773379952643
-1.2347900041525266,3.0370221998980576
-0.8575303089987739,1.858970463330191
-1.1087051753043398,-1.4608239541002914
-1.8804611407026504,-1.8467184078326115
-2.2432121422293636,-1.7041936407264773
-0.5968947372789742,-0.2840173909239862
-0.710504472722999,1.8490459786714537
-1.279924642836122,2.25801102945463
-1.3904975385080829,2.9278410310327194
-5.665232462827864,0.30256209983914434
-0.3324510952446912,-0.2023402252957002
-1.1605802568710746,1.3987717046571893
0.10968858021882058,0.09458408295342789
-5.763780893646996,-0.0003124832059442971
-5.41042550206597,0.7074566418433226
-1.131212807056922,-0.23925673617448406
-1.2618241191321582,-0.5454178475043189
-0.8443457119880354,-0.7884125398551217
-1.490382512095887,2.8376803528284142
-6.003753631468824,0.4561471663303667
-0.5304692148509847,0.9854796895546042
-5.360463216335736,-0.3208009618909781
-0.14475519603976558,-0.545714845714626
0.1155922138208499,0.41919932324839393
-0.08425949691890512,-0.29819028820875537
-0.9582772014402416,1.1656908399307633
-6.203164159587886,0.6822003725655058
-0.007196750783163086,-0.36380105986589895
-1.2974308011528715,2.0288462934135696
-0.5260939461981283,-1.4031149980070503
-1.5594268012575858,-1.6341981602769102
-0.1138508711651557,0.6969961093128054
-0.42373010769107067,-0.4255337493761324
-0.3769460688788586,1.022830411950526
-6.069077894114819,0.2949670557349224
-0.6251727278526946,-0.41821423767318233
0.15901025547875677,0.009383804775360242
-0.45627353954765354,-0.28587329712190623
-5.695200070041868,0.20522104677845152
-5.318838949719891,-0.46854250359336286
-6.031829961312597,-0.07379237768957618
-5.806266725339126,-0.08937825882112084
-1.5397038430863688,2.5945167444786246
-1.6700885529003828,2.387028104373287
-1.8472061728079021,-1.7227922332225851
-0.6671156841635235,1.86809028350214
-1.0933293479158437,1.1434662247747094
-1.8988682423207264,1.6753172816326711
-0.7882683610751464,-0.325703573419035
-0.8368193249188299,-0.5705812764468243
-4.945172818358016,0.040873048422407646
-1.5050967978071228,1.5236536548288004
-0.4886928803614523,1.2636740135405744
-0.940864032101091,1.9478624864715175
-5.784046587402874,-0.5827404296987306
-1.0734560534545676,1.960337725410918
-4.603321232729564,-0.611608624250206
-0.31525795930572376,-0.428303011882003
-0.6222314329728149,0.440271325339867
-1.2766807088765604,2.351271553078595
-1.2959288701619591,1.2431557498173602
-0.19919592496710928,0.08241513467425408
-4.1820721974515775,-0.018278542012713467
-0.9380202600166356,-0.732484810721786
-0.47532202343841046,-0.9372694659920248
-1.1235081717679432,1.5797294648584288
-4.52016082231454,0.29008143435567657
-0.38392708078002385,0.9931289409705769
-0.7311203091978695,1.552336129356141
-0.1033885222850455,0.28596233191976433
0.3011164354554917,-0.165063444119826
-0.6988718593254579,0.6509009278636755
-4.228349945174068,-0.8129194321927754
0.032719209573292246,-0.49004537962977723
-1.8699001339528811,1.2174415737505553
-1.4331578695760043,1.63308719434732
-1.2403154545774724,1.5751570524201888
-2.239355696008565,2.2697189943837537
-1.2025895169632732,2.6257903250020487
-4.633904938487426,-0.23290888411971938
-1.4400584645795766,2.8260852650902324
-0.8284672209166692,2.154280400448957
-1.2527064431469093,2.2732989258671936
-0.7374418993074737,-0.5215683851897358
-0.17481118291444572,-0.7799048971346737
-0.34753834110616144,0.4809855835651936
-0.9878757173558461,0.17919649420943207
-0.2970665240317712,0.967257270957327
-5.891093966535082,0.0990809179058492
-1.4433064645676956,0.6790378531337129
0.11415756236411698,0.6963450112319012
-0.3456201555369088,-0.38580518571080696
-0.4590104172464326,0.6148894169094554
-0.8384420738272641,0.37424657008840223
-0.2171839410074186,1.4935414320561082
-0.08416799154188082,1.0394950330642354
0.02204500762412387,0.037831357615153736
-1.083707292813821,1.203044876673999
0.06298077676597258,-0.19190938552491643
-0.6605636891658788,-0.4792946845185046
-0.1574979706150231,0.5192269453477781
-0.670091630372327,0.244747385616649
-0.40057133917754145,-0.7409415173921214
-2.0010017354343153,-0.9173972167266068
0.11282373882322419,0.10697376838673667
-1.5551905747503296,1.7477050759444404
-4.818907252453871,-0.4716153413125085
-1.0026691065534297,-1.4490764056881544
-0.6888712473093962,0.8376865870008621
-6.193175803067421,-0.20257815421521194
0.2722514916044617,-0.12579179036113458
-0.05821424184682856,1.0833061795716044
0.2067404838357889,-0.19144533224940688
-0.24499770306969926,-0.09402566875775004
-1.207634276513594,-1.3984871230531002
-1.994648912567329,-1.522380064737734
-4.9591734536778755,-0.05248231747193397
-1.8769801914768804,-1.5508643466762735
-0.8275614598475023,1.895001926780613
-1.2713290207695265,-1.449026924485249
-0.31752831036723506,-0.4275057875799587
-0.656330553894073,-0.7316482431205308
-0.11230404549454476,-0.196390342136459
-0.43151764911169505,0.07498087172871494
-2.0023083035956724,2.154550532168813
-1.4905061178527579,1.4623251107278197
-0.3115031425413007,0.5480475267838055
-0.9517316666363862,1.0825447207081424
-0.6105350016533002,0.9362560163297721
-0.39108838594209816,-0.7599863343497929
-0.7500657759090663,1.4595920352997025
-0.3673814891484817,-0.30623065633984103
-1.686308663195849,-1.7824115082297296
-0.8316385336323034,-1.5209773935648618
-5.745098077406203,0.43740124343751596
-0.904293674929395,1.546187767707605
-1.720343508974209,-1.1679267112743112
-0.9120323266916925,1.7403500426440879
-0.4777383740914623,0.7285393886287495
-0.6934062745420823,-0.6924548336105888
-0.1410869137951235,0.4927527731858699
-0.6385634620603797,-0.6922921545515885
-0.7255106561897909,-0.1566622244075781
-1.7829599129672506,-1.4557299958795598
-1.7203788964768476,-1.5734251324795405
0.6067741463386047,0.11183383828480835
-0.8244899366422608,-0.9780956447073349
-0.6606653921231309,1.4322217024593191
-5.779416116313021,-0.3849989047883523
-1.377185962164392,-1.2908102812812219
-0.6002344122967076,1.383504390354639
-0.5802847720955947,-0.24623651623872234
-1.3070974407465963,2.657490194169762
0.04664036260539335,-0.7089664880609012
-0.8696421022218901,1.513222583682896
-1.5249687039322892,2.0398903618016964
-1.415719224778031,1.5742141475568816
-5.927642610459927,-0.09623094019491302
-1.3334478711929516,2.8362949060632765
-5.0287460271425735,-0.08717207223127965
-5.224704396653248,-0.08399691216938016
-0.8996576475806425,0.5738094633850934
-1.6977433805744182,0.8046143869816837
-0.7234749359293688,-0.13443421320783744
-0.09731250330584612,0.06911915178187025
-0.7605185412267822,1.7537608842553372
0.021195192399167576,-0.3821940428150675
-0.9465384349240326,-1.1919919567032846
-0.5873844669205136,0.7325059425154682
-1.7949284902561564,2.380524831836077
-0.5606131699654149,-0.4252065967808228
-5.606697363907233,-0.7792980085184119
-2.4310411908989042,2.0470438451244033
-4.568158574027172,-0.1816271581545518
-5.599935139222822,-0.3445790586790803
-1.3895799022661173,1.7919399164559502
-0.15746837219998305,0.6596672153439948
-0.288460797837086,-0.3526246842905604
-0.7409553883934242,1.4381616752836524
-1.1000933757642712,1.6030926929034688
-6.053215811401663,-0.21706083861573616
-0.4880169032974426,-0.8468942053112126
-0.6007504706606737,-0.24534990431064285
-1.353832031372981,1.9460095053048716
-3.408713259573103,0.3767706665642797
-1.283401507719806,-1.5983381890237482
-1.0453942801484881,1.9680330887364377
-1.0974554404871513,-0.22834572958699448
-0.587499180821074,-0.4141512839241212
-5.892838255924301,0.3924644255060857
-1.138774790020156,1.680859559562758
-1.1073862554830445,-0.334976305702159
-6.029825121802964,0.3700660456382626
-0.20131225886953188,-0.43176537202470483
-1.3170148090576899,2.5075660264026958
-4.246818319989175,-0.7260208858977145
0.16948560648697478,0.4286776303739238
-1.3249721160175745,2.4903623545408458
-1.578287006452063,1.7615710687833812
-1.057763628381949,1.9416801856706771
-0.5722893022745416,1.6021142780629458
-0.02063559939854795,-0.19633047315611452
-5.636411612957076,0.632164633205841
-1.3310082678350947,0.7593610443494445
-0.2608778762871715,0.1612518977376712
-1.4669053324892014,2.512109861255372
-6.144324946302645,-0.1732731658572777
-0.7055859157845078,-0.4993553271838231
-0.881502461769477,1.3925055113935476
0.5407164185440633,0.7225657884244551
-0.9126601635345067,1.7723823627238533
-0.7607979803969493,1.6057026379339532
-0.30254836681639297,0.009640521519800641
-0.8658314115262118,-0.6703666748086172
-0.8191857522962874,1.27741010695847
-3.957253778627985,0.24774382748728055
-5.678252282966384,-0.4510646135007485
-0.1313056204210266,-0.3754762160456607
-4.9197931021981285,0.061858149948845226
-0.13471505955578747,-0.8612748695706555
-5.939176903253049,0.37173843480955066
-0.5287102380373393,0.15742998988723222
-0.597639528493926,1.5197519261956238
-0.5305356795321248,-1.7876194774596148
-0.9006164672546617,2.083974656968087
0.030587177425289765,0.38089381171877956
-6.482418854493444,0.5619247005958684
-1.3627919731266989,2.163801122011635
-0.2568264348626054,-0.4454375075260694
0.6013861117977285,-0.2945822474452632
-0.23723644283427842,-0.8563211933850403
-2.4540270718774044,2.124326682393188
-0.5201475844664505,-0.5121826450785254
-0.4358822219569251,-0.3016029047730724
-0.13496862384795208,-0.11015931488613082
-0.775512619550984,1.4970369712271345
-0.6604449446826133,-0.6008066756865857
0.014209327298613421,0.1587805454075892
-4.807576582215731,-0.47738472339834065
-0.9376077719427771,-0.3866081930851032
-0.5455849209112565,-0.17092852605243194
-0.9095922115781055,0.07487632255498966
-1.4835035017163134,2.348594357180804
-5.594661933524297,1.0936284864824397
0.07357119027380386,-0.5873188882045485
-0.1059658483474692,-1.1611971540294566
-0.6174736513523291,1.2086623808611507
-0.4897932749561522,1.5638979845952625
-1.8303863040538773,-1.396078615297818
-1.0367185834094983,1.2615408687622671
-6.188247585052558,-0.474319279268136
-0.53585610884746,-1.1072374257133086
-0.19957083592096472,0.3231728428380178
-0.2631513547075279,-0.3231123433140227
-1.527016828726076,-1.535447718337841
-1.0531624304755831,-1.2060960884513854
-0.594705818741182,-0.13068048426683443
-1.600888342147235,0.8417856387287622
-5.016413481004241,0.07911887652374869
-4.560411976766784,-0.08810494672626398
-0.7402103338080367,2.4735823994237913
-0.3843510712577782,-0.46649381413049246
-6.105827021472564,-0.7108689430803248
-0.29000118232897004,0.4710869120155088
-0.07983479141255648,-1.0028489895337236
-0.9683232465191037,0.005348630486341117
-1.5742949750260344,1.887936235294847
-1.3195574698647028,-1.3611689228200663
-0.6027580320619786,0.5704951214985384
-0.4701515190895406,-0.06122963779596023
-0.8656869975577175,1.8274093023902531
-0.44484867871798695,-0.18419616388384133
-1.1977348982506426,2.142917895355986
-4.6550034201473895,-0.133505776506019
-6.017763327333384,0.3006756718630821
-1.6127501303227978,2.0162788527618827
-1.5115296550244897,1.5625728676841466
-5.931533546291382,0.015658442663595323
-1.1165854918271745,0.234478035659471
-1.1584360558167004,1.8806299244917628
-1.2344571127121964,2.0242104813817736
-0.7066239390263803,-0.5506730727243592
-0.8701745313402114,-0.17099277555309778
-5.42259560294081,0.6060027540809316
-0.6524903412924031,0.2123847970600734
-6.336298467068224,0.07381087539342701
-1.4750510105782118,2.8722192753131877
-1.128477457456067,-1.167358688126682
-0.5623655213081163,-0.5669711837204902
-0.47416071657244924,0.2148536268125646
-1.1713766861699835,1.3195370780446056
-4.032194509580647,0.043388082528162404
-6.1860822337535,-0.2581734866962365
-1.386151641040372,2.1187930786885447
-0.9483582351369925,1.3529857669962142
-0.7235010753380187,-0.5060832474140949
-4.904596707047742,-0.09038504141281134
-1.6381549474037063,1.8071384538152833
-5.664663301590316,-0.16871937268549
-5.440220317925713,0.04623940179529934
-5.302097375341162,0.3704877369226467
0.13692010300037083,0.1495222570279241
-1.272824621768586,0.3306034763390666
-5.739520153900906,0.310896557097059
-1.7451574217229158,0.7526086502711828
-0.22436683821124087,0.2825181557165118
-1.6385711873411264,1.4237019824856125
-5.527213539569455,-0.5778941826061659
-0.17557041077079194,-0.1825308864367563
-2.1007099663782802,1.1230724746121643
-0.9805662053125036,1.947159586923933
-0.23224830259284746,-0.43593309289089516
-0.5983769875180821,-0.3517522610042041
-1.2901302665042669,1.8900079509197376
-1.3018655415240892,1.7929578558101023
-1.6609533155018765,1.3123424663785075
-1.9006231752752558,-1.691492954273434
-0.5546925212408039,0.5298088840472961
-5.782445390928906,0.2499570868971316
-1.5437885980222346,2.2951203733957444
-1.4771679652202905,1.7140870636624623
-1.264082304428475,-0.42682681912270715
-0.257551997388672,0.327378694073747
-1.5374439849677517,1.673655112090663
-4.275380098508368,0.6965413870096075
-0.9522350197482616,2.321208173988404
-0.767643066522765,-1.0744256486450614
-2.0668504769075926,-1.4923805362572282
-2.0334576572395022,-1.347073947567404
-0.5644695763130299,-0.1997790692989088
-1.8645375929390844,1.8561608504052483
-0.8418856689162574,1.9972120793498498
-1.1351904224649818,0.43501118907070424
-0.393131174867651,0.39459668889015487
-0.350108104202751,0.6972791969512399
-1.207959168200587,-0.6922109498009719
-0.6091471997037582,-0.37023559797023314
-1.054894331307473,1.5596591342319492
-5.854162477323698,-0.8710881886613043
-1.6450316852330755,-1.2056283506921524
-0.1371898097531384,0.08106427438848246
-0.6903181494562189,1.3189029694555547
-5.7925870352750035,-0.13162968459736957
-0.5134274287258492,2.1665813408747403
-1.3368879341058504,1.2635949807245188
-0.8316943661725364,-1.2140251759767016
-0.8028469625278571,2.0029187891352938
-5.329841619773575,-0.12523847853874123
-0.7730112096740528,1.4075177324860482
-0.21432282531671412,0.5622866476851828
-0.22747935830177599,-0.20835193170728258
-0.2492732079750246,1.0375681129970402
-0.6683445838032064,0.42811158844633024
-5.854161871226882,-0.22170703646062687
-5.658732419400526,-0.012145493541301212
-1.3419661704096064,1.9018355949480041
-0.24973629093852553,0.2912633012802051
0.24108301293871762,-0.025205066553267902
-0.5303372018082444,-0.8521687420531636
-5.20181732248733,-0.07868865858824697
-0.08289381954131655,0.32860545711083494
-0.3030137128415579,-0.023940878861007098
-0.4270903265919475,0.36394042411516764
-0.4753357176512842,0.08567683611928215
-0.6164026026028607,-0.6297884863076695
-0.2621626206399759,0.9652105056361046
-1.5802318700139633,-1.3498793102725855
-2.1405195529564933,-2.0628661894150295
-1.0788199585097769,-1.0977083729123265
-1.68495641653043,-1.5382702251031137
0.45057107085787157,-0.2316997517420319
-1.3355581350458983,1.51577233447768
-0.5792621852822027,-1.5868356046304404
-0.8247200113745679,0.4124602900006669
-0.5485809132955013,0.2219016629857656
-0.5582064199823706,-0.01673272036259355
-1.3509709856176224,0.007952820646916669
-2.073198082012478,-1.5897163986816616
-0.9827676497550225,-0.41860918311360146
-0.4807304228900262,1.7526100287760513
-0.28054332877948834,-0.20901124751279943
-0.8030869943609398,-0.9349383927369356
-6.171158824192302,-0.772333621855065
-6.079314223235917,0.2153750385753974
-0.4885220165062465,1.2807371055063186
-5.431432897669349,-0.19889139133040196
-5.126177183632043,0.021859427040821014
-0.03128249312085875,-0.25442790047082936
-5.780694361933879,0.2113512816302277
-0.7003979927193396,1.3163151550199093
-1.1722080158948662,-0.9899948245969551
-5.768518090094613,0.40096476510659046
-5.72021523411466,-0.4286939379217545
1.0082453105799944,-0.5036523458698993
0.20538377112049572,0.9316496630570668
-0.7973774878501148,-0.8830311153200185
-4.625939797715398,0.2401484892128843
-6.223244936517401,-0.3926605674713957
-1.065558759850083,0.43433231928460647
-0.5976101112728649,0.6703832153606996
-0.7497091636117412,1.0832898000812115
-5.87485354314093,-0.5127665368556233
-0.6470235131470132,1.3479293818785452
0.024822159407959572,0.45402899965061055
-1.3664836926905441,2.8586276158724884
-0.9086532450164894,1.4139023163895845
-0.686343130237406,-1.4194368976813558
-1.1560357997647897,1.60457977016419
-5.51818736213161,-0.07153133989480774
-0.4134388221331786,0.8709634063881151
-0.7258021755283066,2.015899038360105
-4.250530823220663,-0.27469297061592296
-1.4220895869472026,1.5317252754549933
-1.5657765154429832,2.1017359200103503
-5.976966602420458,-0.1257388627104245
-1.36601434667834,-1.0177066668591226
-0.9845897864825054,1.9197697451531843
-2.6103334326005574,-1.5467077831581815
-1.3261327870885082,-1.386666759776384
-0.7369731439159959,-0.5329570793955465
-5.383250580106928,-0.2525025497139065
-5.96691649573186,-0.6198884316219216
-0.13623850421175412,-0.05658868671228635
-1.2251467665568063,2.1444668468910577
-1.4648580476869182,1.846868756230657
-0.7855541761237503,-0.07936117705083846
-1.1391191591118184,-1.1529712327604404
-5.848216005064872,0.0669681849602904
-1.1516826364474015,-0.24348745641734054
-1.6188704476373594,2.232998066345337
-1.706589343816918,-1.3105101467089686
-0.5685780503231476,1.0801752860655327
-0.7599832216106652,1.1759445363061154
-6.023177681102184,-0.4984088920790828
-1.210321939971904,2.3369995290042107
-5.7757625488367825,0.00583334436368419
-1.0028697519285494,0.02936573396195032
-1.0039618564832815,0.02554708459034874
-4.265746623841411,-0.32816668111387165
-0.17491519969856723,-0.01625676280748249
-1.7660236569340224,-0.9062510795594978
-1.0837166737040358,0.14937907049337357
-1.5385448965993715,1.994647513442212
-2.002206080399167,-1.2048659240179247
-6.125213347256935,-0.009296709969492521
-1.185873890093004,1.5330568797564097
-1.4757849768843077,-1.0800284551600645
-1.9115200893897164,-1.456323358032825
-0.6238759905391512,0.5933852695647298
-1.8302679108516942,2.54574438207243
-1.3992213849953936,1.6682612152544698
-4.565085460111632,-0.8476572966917565
-1.3765508041086174,-1.475301952820222
-0.9142075368620173,-0.28043449304474966
-0.3519440072712763,-0.6640858893107728
-0.45982839969830774,-0.0977757802289197
-5.895003187660103,0.1703947167481807
-1.0187946146290034,-0.5909825152882762
0.06095243258057346,0.6386070110593298
-1.4402223963635545,1.2405592344849277
-5.185040733033508,-0.2527924040271599
-1.5029079500205655,-1.3095597981731726
-0.7619183518130795,-1.1373564842282757
-4.195645217408527,-0.4367044532513717
-0.982664211545416,2.0821639607699813
-0.0569282655366917,1.3100692568650112
-1.9558012856224016,-1.5854359788936452
-1.5813992456313393,2.4151362785405635
-2.061204379974489,1.5951829882375075
-5.960488658477422,-0.800134207029056
-0.36809825062017326,-0.1386427776677836
-5.174190506148084,0.48065483662387104
-0.8463742356567047,0.9221659193828157
-2.1552909354624568,-1.8702367731433138
-1.903983954239539,1.8092315419666536
-2.1285329341153956,2.6246494943927976
-5.753725789477903,0.0456572220979424
-1.2976559786000035,1.4368726282252096
-5.594140189767477,0.4530993010570145
-6.118798372604384,0.07381997858640799
-0.5182098748014469,-0.34199328032784476
-1.712743011683508,2.462903327497156
-0.29748331927902527,-0.051178063263473544
-1.899245278328788,-1.7478619127525017
-0.42869599892991933,0.3366850753070508
-0.5809212175609977,-0.3977033034676152
-1.1625555258528655,-0.25662434534457834
-0.11076742777086597,-0.5809864223441449
-1.26480349201203,0.8299486986990335
-5.107225338554484,-0.40988892243698966
-0.6134203052415785,-0.7976038369702914
-1.1894265951063423,-0.886653306093159
-5.680760687714385,-0.15270802323549384
-1.5354518265505854,-1.3818079080747105
-0.34965421942314534,-0.20864809464956857
-0.8275797078187788,-0.19703266608162223
-5.881478086124955,-0.49718734607997317
-0.4340940775896854,0.2592492734470048
-1.209602520194412,1.8207697681183592
-1.3249666792281218,-1.3548223754145956
-2.5100847345873913,-1.6373323249734053
-0.4185139614312365,-0.2423459651255077
-5.806438653175526,0.32663430125595816
-1.284481678711855,1.2110181671448108
-5.656779373564738,-0.23963149248162724
-0.6811474233333359,-1.0759664644296638
-0.25185165725153486,1.9306901232529752
-0.03406528294951608,-0.1394284933353929
-0.28314360505050523,0.07861003213977853
-1.958635155533174,1.673025395534113
-1.623756114636906,1.596635456279026
-0.8118722331491364,1.5434713836056255
-2.7952429213336845,-1.9693431857142827
-1.1163090761888577,2.2598040649465796
-0.3263944482648281,-0.6973893715575421
-0.786850973039278,-0.5610620695620793
-4.214848954917393,0.13955279606402146
-1.3835817815365195,2.2126744679394266
-0.5227269657099053,-0.3868433260497941
-0.7599397026369126,-0.6707843879022859
-6.228337055798019,-0.2911845498557696
-2.0892734435188114,-1.743006499396305
-0.13054945680026225,0.12389696512944116
-1.0473114012379743,-1.2218025913490036
0.2578609237919732,-0.3705848275578425
-1.8101786083173135,1.8895746545377639
-0.30151937254080247,-0.5443388346561605
-0.9960237472401267,0.6444098317623392
-0.13328158678358382,0.3644857843363664
-1.0381308119579837,1.385040959168081
-0.596970091940494,-0.7351381379501879
-5.667195871713249,-0.4627085615669946
-0.7337909235134914,0.05089314932085097
-1.2292961783155991,-1.3186784114021113
-5.580967365646631,0.19623498239043063
-1.3192335004452458,2.624283740091957
-1.1646094766716122,2.0138134216249557
-2.526160525414718,-1.518697890627805
-0.6733263910858771,-0.6986239686339334
-4.67295459475557,0.11536771141026632
-6.247668156814346,0.448719122070297
-1.7258287942300818,1.8784415083729074
-0.8561160529076793,2.3894550087782087
-2.0514984407492873,-1.9230559715558357
-0.6836319143160602,1.3298969039297162
-1.9968606754320082,-1.551408780638514
-1.314214083569731,2.2545843618112635
-0.659406210380381,-0.33977179023130066
-1.456450445594163,1.2090298411076092
-5.560188831871249,0.1293674732313445
-0.9894045875759382,-0.5373115736054013
-0.9134072984920029,2.2414926330356475
-0.5397079313912371,0.47825450171378076
-6.209788152088761,0.032964061702569804
-0.4068044859392287,-0.49560116205073335
-1.3349051983926283,1.4671367451979997
-0.7872944416556292,-0.47301388325125165
-2.117039362442421,-0.6365198526688869
-0.6355777574861337,-0.4902690117683772
-0.676756459248298,-0.474198023794843
-1.9120926104453015,2.170634132779398
-0.4001356296872791,-0.4036406994971552
-1.016108561309313,1.6851351166513713
-1.084505232523334,1.8292252399004258
-1.6650789449244625,-1.4996827045529795
-1.030534070353989,2.062640966408949
-0.3946214176948896,0.5547862784548503
-1.3916128997850619,2.500403251760907
-0.39811035329862493,-0.5360165822234622
-1.66706486427089,2.134273429438456
-4.411377918097659,0.22446394182165133
-1.0587229326177372,-0.8604207698727695
-1.1734244450320426,1.9889395418369922
-5.124015519986033,0.24108916072281836
-1.5507706243190376,1.49433572798362
-5.964551246959759,-0.16616365652421636
-2.0946021141296045,1.3611445714656352
-1.368355805927421,0.955561838441675
-2.9126052171129118,-2.095629931443324
-1.3494422645198432,1.7417278708712536
-5.77916995141725,-0.6432751574154912
-1.4739863512872755,1.5349285006658233
-0.7833881468414611,-0.6106496154548527
-0.4776916104027009,-0.43018174227956335
-1.508323526329321,2.4227348640242097
-1.0412414782303607,-0.3497614023371557
-6.093949507005419,-0.14140605235253825
-6.150787732306134,0.00931767629650972
-5.978160130138162,0.2934474511006732
-1.2134477517077733,1.7311283941937914
-6.159834928764887,-0.41542694522498175
-2.3802967453665644,-1.8785709131850437
-1.657158110568323,0.029303063457182785
-1.6218505409386295,1.686951107777417
-0.6603408931835578,0.7219905239270815
-6.369234675361943,-0.03587031419652715
-0.755773513671048,-0.33023288536177126
-5.08037925323295,-0.8658232944248505
-0.29371298202928187,0.21629730621162208
-1.3930751974828237,2.1735488670911156
-1.0769323301549343,1.229795685790694
-0.8035857707608562,1.741133447997339
-2.336093885695057,-1.9686946333072068
-1.4672187961743974,-1.2428185028294625
-0.5229915742741557,0.46555189796131025
-1.5621591747212442,2.6903301985530703
-1.457193173603671,1.4913731520970894
-1.5367384924637877,2.208723404852834
-1.16384178382708,2.534500625481564
-6.081457972587964,0.08023550616553092
-0.7856702763397674,-0.6485971645704777
-0.8757160054714834,0.11321698933423514
-1.600601682158324,2.5898571431099415
-0.6069284692563554,0.0632874588562799
-0.3358017855696279,-0.3492712811487938
-1.1504458181680577,-1.2085157884377224
-0.8869814558515527,-0.6469703188441474
-1.1533488135385717,-1.2153172487091992
-1.0932209259955161,0.8580008953697209
-6.2028934259547,0.16703570412167193
-6.262067152009643,-0.42745163710522843
-0.9918447494846547,-0.0008819827489124156
-4.884861499520064,0.7880622815739488
-1.2217228754456504,-0.8691931818787098
-1.4343973717726182,2.6779964448445837
-0.4755461678847774,0.8102700896423534
-1.3692758517464312,-1.1700727122434684
-1.214458506567823,-0.17818524888043039
-4.896813032406715,-1.013526580772426
-5.845677972936824,-0.6656029113975037
-5.490204215470362,-0.20407574635412204
-0.9937914365692857,0.30115963830427045
0.21302978467737246,-0.12100797388593718
-6.487636712351081,-0.038114398481192586
-1.1504770930813708,1.693826313228264
-1.5941965636043218,1.37469783407828
-0.9765193973213618,0.9064128888778866
-0.36392294123783,0.5892923234235464
-0.507206120309411,0.01572032904490585
-6.064611523175185,-0.4620753676736948
-5.493048079127855,0.46072179826521714
-0.5600054943814549,-0.5948283796576368
-0.4590787425914671,0.2095749648724174
-5.727649136069799,-1.2226816467365498
-5.102541982819178,0.5063878226050789
-1.3487849312382345,2.5508818192702787
-0.8656939214348376,-0.39139188673011827
-1.1008066571995228,0.03880271589608437
-1.0339361034690617,-0.46191139884996985
-0.9664778199406023,2.2906720859673824
-0.7256810423825424,-0.7678045824936067
-1.5858818614324466,1.8286881471620877
-0.8642838674137969,0.5645325287377587
-4.302965064795775,-0.3098437066936474
-4.833112651561762,-0.059657099585982865
-0.8930360058105923,-0.04208393837867271
-0.8624418258776256,0.3459912866376942
-0.040941318834372256,-0.09152766198812329
-1.5493534980747596,2.220574923533853
-1.0162401226284572,1.7795971660696193
-0.476260896098085,0.8925162430616758
-1.2967037892845334,2.042484778405089
-1.6466379644521485,2.2074356108952755
-1.1747303996018446,0.8531173034695643
-1.390104316100171,1.2043405159521663
-0.8625371278588311,-0.9787358101378958
-0.6708285456605002,-0.5742200771727297
-1.1340209744792404,-0.3269808169543584
-1.4057709678328303,2.055534012192891
-0.0788028800791344,-0.09162425540047286
-0.8965393859053445,1.6483444396600622
-0.3216873957451676,0.8382218253152907
-1.485431556327159,1.7603033346368646
-1.2343083015443952,1.8299961902183575
-6.0075585913378555,-0.018129216100867457
-1.015419883829811,2.6762215410022576
-1.3788899202151101,-0.688335078966797
-1.5970659679588617,1.903867804524144
-0.501701591220214,0.4423427928637994
-1.0528539615229875,-1.689487220302176
-0.4827898589434509,0.49400312104288024
-5.87539522362214,0.10557717829259851
-0.8379221949654254,-0.7684272864911537
-1.1165215118238438,-0.5275662490248889
-2.0125315732409708,2.7090951349247163
-4.562174567077772,-0.31695978344293263
-2.0941543107605396,-2.053877423406257
-5.84600821835893,-0.41801338352940676
-5.019749201553624,0.20767343933448587
-1.3112643257938565,0.8421614513146427
-0.009399220556122046,0.11903644909391348
-2.041449876862697,2.5361700015489843
-2.033253583237628,1.1291572611962972
-1.3200243304655364,2.342578246238465
-0.9227104267945743,1.3167123128844478
-6.188459803753146,-0.36831440023942164
-4.208941953760995,0.45262558909710104
-0.7423591895510776,0.9941509309972286
-1.4207426761273976,-1.307793364602675
-1.4352078577439853,1.7328629304343288
-1.1534138359752655,-0.6444332719216205
-0.8683922674867848,1.2340233312927444
-0.7921158668090351,-0.6364798040563593
-1.5064797464204052,1.588651851255425
-1.1676135763449758,0.6388161920662758
-2.0489639805030024,2.471938087479873
-0.8923635996089113,-0.9389012727974144
-1.1160108397503852,-1.2858357333995496
-0.37425897379656453,1.0986775985535182
-1.7838681244333716,2.5496956652523957
-1.3486193752535693,-0.9699936931511599
-2.03542810217739,0.5127609945506552
-0.6657919099167645,0.24758036561666807
-6.033498533435271,0.07341229166043757
-1.7689842967368619,2.108289803641881
-0.4195418666355504,0.8763897808768966
-1.2350299148209862,2.2247245068204737
-2.278420389595998,-1.2255677265778453
-5.844976175871286,0.2357352671237621
-0.5692735134514327,0.14232512638983866
-5.350984756094222,0.6008049229582704
-5.57600083703455,-0.040491391533903694
-0.9320117568132977,0.9822700379504544
-0.9866319803012142,1.4856880886087604
-1.0506646660346044,-1.0863855419489252
-0.826977569422988,0.38218597905191504
-1.367285890748593,-1.0640513140548165
-2.088926947763666,1.5375262023892533
-1.4913454783874474,1.3671916867530838
-0.17587358133573983,1.0424493029299031
-1.6557375389044953,-0.9819552076645852
-0.5297535399266102,0.6976246000422709
-4.118728868848687,0.17432217821344725
-5.43315092354976,0.17327822750939173
-5.765158472748224,-0.05451871918631393
-0.5336470136801239,0.42783203650917256
-4.213997615568666,-0.46444066038687404
-0.4130302719462934,-0.1886870295290247
-1.9960419728675955,-1.294944932751482
-0.8123751939907925,-0.5376737018251974
-4.73466314272029,0.2649408561373269
-1.288594664891301,2.0013735099335754
-0.537843778964831,-0.8039451198511953
-0.6439443273730501,1.1862810350029411
-1.0202267685493038,1.483974195854
-0.9880936351191989,1.7213827280641905
-0.7492854631604465,1.6779470524038176
-0.6334505788264724,-0.18885978630018607
-0.43181846464732854,-0.38637824248967584
-2.096491181824188,1.5736761488218214
-0.812437651539032,-0.2270086792004743
-1.7874897473611469,-1.1567605216679366
-0.15663353900791005,-0.3399876547397898
-0.6859723362665593,-0.29955673909991765
-1.4498574801729323,1.098836789222075
-1.5008354518334557,-2.1623287767165427
-1.3336517877028897,1.3416331063831826
-1.2018382995357464,1.607365064634964
-0.40409324318505585,-0.4759290945163876
-5.48521101329867,-0.13453015874466367
-0.7859983872361426,-0.7669474533138624
-5.423911541999242,-0.127988289711439
-0.5483057914862045,-0.1800187361819413
-2.199433926288089,-1.4573814735544084
-0.7176544737727215,-0.76556109050257
-1.438769373152858,2.055941445263429
-0.2681307724958984,-0.14879629367507585
-0.8282680994138811,1.035240633336729
-0.9339578928735749,-0.9890080194128154
-1.4453537265512868,-1.389137357197969
-5.858948506166315,0.6602937864299974
-0.8653794548950443,0.04776170065615371
-1.3654065480630464,1.6977441592423743
-1.3162482926289887,1.0324261092622558
-1.9264000884237829,-1.4473015441224495
-5.4769346732838455,-0.8060879363001368
-1.3784161140522653,1.8326283503882137
-1.063223772301251,0.3407385006088633
-0.4868890633396895,0.40290456266911456
-1.1848622990869977,1.9037937293487044
-0.43313788141959875,0.8363260156911776
-2.0547417740945466,-1.3528021121719827
-0.9827372559476629,0.455403769159145
-0.8882553530590475,-0.022358143819348024
-5.205485261069138,0.4887765629857637
-1.5811790294534578,1.8121137986896088
-0.8672021086415995,0.9333541570801184
-1.9510752519892054,2.1364602937213126
-1.1404782576892831,-0.6436540771461216
-0.8994952793411616,-0.9225405553003799
-0.8011208731140931,1.0663286073328726
-1.9011462939414363,1.7794104965782265
-1.5866876548177753,2.3653880777918688
-2.1835877901241303,2.0394032726431663
-1.4057646931676282,1.6749025349192421
-0.9765401720821757,-0.09344987645552316
-1.264209608798383,0.93992408006253
-5.849511255205142,-0.5243848127123079
-1.1254988085265785,-0.8477277867934726
-1.1659603752777852,1.6667351123560261
-6.293077586879491,-0.07696352320436568
-5.894168979097943,-0.36148986928587357
-4.694729229409047,0.4587291191917067
-1.8018164202057085,1.5030120275645813
-0.7967192116566021,-0.30731639839536007
-5.510551330019843,0.2821315979609023
-1.289232859763044,-0.7487301576658795
-1.2763023470390435,2.289434719476557
-1.6730665395998672,-1.4871669139382224
-1.4128721954623453,-0.9088718538935339
-0.7355839620427412,0.2969321584574433
-5.93475036546919,-0.5393618755046603
-0.6926992523250054,0.31128416793869546
-4.542748619894524,0.32861526597966
-0.4877873601803305,-0.3919244306758551
-0.4709180666581991,-1.2392755922506626
-1.2038915903646101,0.799978944960576
-5.528245474799328,-0.9643379656901463
-0.8760963880131275,0.33343332589990415
-0.18528326871141218,-0.05961176766774911
-0.5727953329569025,0.7416137326245842
-1.2783688485892768,0.9172865209716817
-1.1531526536194903,1.8936672458134753
-2.133781600372447,-1.3552239633117014
-0.726895814753649,0.5594938023591347
-1.1408804302814775,0.5108312226093851
-6.146254654667382,0.18359164038381476
-0.545797890367261,1.1438369369401034
-1.3905367589010031,2.3688824984068684
-0.5659525945436603,0.2110247534567831
-0.6796473868267668,0.5276785991453484
-1.4242183445385557,-0.6446141823842111
-1.6376022713711336,2.525306637389357
-0.08281833550606633,-0.485700725030079
-1.039150900561289,1.987040061508023
-1.3435508476323814,1.4030738372984255
-1.600606367561885,1.4677962986811306
-0.5380014207988654,-0.9520321653706724
-0.8306915706177938,1.4694943768884772
-2.172914399355303,-1.3173193321287067
-1.1154835024057945,0.3262549061472998
-1.7641261750465345,-1.1547641494297918
-2.023422494547086,-1.3566084747572797
-5.810750572981587,-0.12273473873577344
-1.48660872329601,2.3777282057419837
-0.8399466891730715,0.605536937280096
-6.165673561216129,0.003925441167366559
-5.581378179167211,-0.32234809809931025
-1.8698219855382163,-1.467794839339577
-6.393858184340443,-0.26037895077946854
-5.908954523990898,0.263443080489174
-5.932643351125089,0.01077125357410805
-0.18692025846699767,-0.0996859539736384
-1.196536719797831,1.0723278037833428
-2.227018829257232,-1.2130188701411457
-1.3658947643965573,2.89583144953384
-2.1830798152449153,-1.1247728864177389
-1.5863622575888137,1.3588682366834308
-1.6923510764595313,0.8808393230677298
-1.1680671310398283,-0.4937094576315289
-2.0650026300701714,1.5442814178002366
-0.8546119219586448,-0.7556264728530107
-1.696624141840887,0.8335434633184563
-1.9218641395595704,2.4488501934967686
-1.6849867300695267,1.5239869575496587
-2.2759235842834453,-1.662019311112046
-0.9428480103553647,1.0740909904812987
-1.311845291794669,0.5399213849197584
-2.018843986023222,1.648147235391359
-4.389342528549018,0.021918254519955837
-0.8909247246116097,0.7800012676542487
-5.4396630449620424,0.35709123199514625
-1.6638830467369365,-1.1481479975274869
-2.053068848169212,2.3523991164874927
-1.4930257238719482,-1.3294684850888125
-0.954834197582025,-0.4340689461783754
-1.3230495933165214,1.8725374218658162
-0.4082237585625427,-0.08174887044676288
-6.4574028701901875,-0.5717095406245708
-1.0167432101957532,1.7308358351872835
-5.472974594949051,-0.17813053523006447
-1.457088498901837,-0.5474105024005991
-5.524446052861238,-0.23687583144302912
-1.9006065679679218,-1.2656928418503695
-0.5647374665064082,0.565635726395453
-4.445863310700465,0.4090463237118909
-0.7336913392661311,0.21939453892474603
-5.921520883364982,-0.33678228772980046
-1.2652020636428118,1.8365913626926587
-0.9150842281421078,0.6954152529853536
-0.74878694496046,0.1570869770897394
-1.2452864663629502,-1.2550378889973934
-0.700723145928299,0.3231753512992365
-1.5337885925062078,2.3727860409579153
-0.8047783465749029,-0.786620569112377
-1.4700984905216687,1.8775629631980004
-0.8560294782858123,1.182537484410301
-0.7380539268809346,0.24792384414950092
-5.3905198793548985,-0.07295904074160149
-0.6460960502977362,0.32504447463524155
-1.8883694909269921,-1.3425317887603978
-3.4775361076802715,-2.0979870364841164
-0.11315653116366303,0.3695735684140757
-4.820814109431872,-0.010629827993910523
-1.1499294052727929,1.5502611297312405
-4.373584558604423,-0.33689513982728525
-0.8060038229344163,1.0684997564599221
-1.9632567854456262,2.46591194911505
-6.211211187332191,-0.2854130914549701
-1.68989535672087,1.5321748328077998
-2.1147072714409805,2.2117882579221377
-5.773634680091795,-0.005262677350918431
-1.4579974940333875,1.5701226371151842
-5.638125443525331,-0.2474861409932426
-0.3153002270457633,-0.18282837457362786
-1.0442373623301093,1.50011283787873
-2.069931993174658,-0.9345045968054309
-1.541103512408751,-0.866885170529998
-1.1122959625078095,1.8164226143089153
-1.6634380628882155,2.2175827770463354
-3.5665341820454364,0.026889461555293703
-1.5196800623990443,-0.9334068604663072
-0.8425726149368737,0.4974533111384485
-5.799770168954548,-0.20195825481322893
-6.1077451381794186,-0.32588350627922424
-5.091134487709214,-0.11599696131321884
-1.2153940390529587,2.0094440004036107
-1.5487646955786754,2.0882176945258792
-1.9400283780830405,-1.1471152657354369
-5.496432221228239,-0.6569342229298524
-3.9849556007267357,-0.08814064623231864
-1.5714201581277685,1.864795988072893
-1.187829508353428,0.8225303769876571
-4.2603787294552715,-0.1532636496224054
-1.913392287006878,-0.920837728192734
-1.866344699982577,-1.303237376126583
-1.3943557993078948,-0.7351333929349293
-1.3720941980186874,1.295743584042725
-1.6970948036761357,-1.3775774332278834
-0.5087103417854866,-0.1886784185082543
-1.3322978066280655,-0.22514557389774628
-2.1561420539832046,1.5855462926719437
-1.027811870650538,1.2377359303679514
-1.3427119054037477,2.4587285308057654
-5.073181739460486,-0.003547379672390727
-4.16021081499203,-0.42835373603027715
-1.5249383353751764,1.3272450394863402
-1.3916626091838156,-0.8087859076220845
-5.675075852709908,-0.2892288726463172
-1.6720932307308976,2.544954009098309
-6.033346761969024,0.2228109899943621
-0.9054751273822623,-0.6772749655872834
-0.441809067660017,0.3599190614705901
-5.0565355350548264,0.44312402978824245
-3.8640259240180974,-0.28504613162667486
-1.375313011440307,1.865038445371746
-5.880815587780066,0.045535530793262884
-1.5248514552486054,1.5269337225888482
-1.854183031089542,-1.1416964894114083
-0.5022948211859098,0.0661522763819168
-1.5322709387688853,2.308770609012863
-0.33502332559727777,0.08357300890322662
-1.526643191505581,1.4790761173983225
-2.3255617186157913,-1.7177573946299587
-1.1773394905590249,2.1271861944349433
-0.6080852248645869,-0.16860095653421367
-1.666561636616389,1.9984620538088298
-6.032734956180226,0.19539448975765483
-1.6723667909322952,2.310383867167038
-1.5921203512721094,2.509745731028471
-5.6032597813428815,-0.3280878650989641
-1.5672753969409905,2.0621080046155886
-1.708363837235907,1.4426119320626407
-0.9024312302064097,1.5984643470302011
-1.6646261266451943,-0.26678131033215274
-1.3988581005886727,1.2104373568619986
-6.073594092205974,-0.7237232472428302
-2.760604469599143,1.4453660733694427
-5.617102532778549,0.31991898192501367
-1.4874619076658055,1.3215370152159056
-1.1287843146677752,0.5129324577036286
-1.2814063241087577,2.503837532442012
-1.4240130628181715,1.629680020547568
-5.75018886115305,-0.48922867724702646
-1.2897204050822342,0.5764639019846004
-5.882908505214052,-0.04325582962185526
-0.82574732782049,-0.5046178448266966
-1.7733576268164177,2.4598162443346787
-1.9894115014034734,1.7386857258761226
-6.275729554834291,-0.05840164706345634
-0.9937016418128057,1.0205269323872888
-4.423364549090118,-0.018411034812222796
-0.3183483620155906,0.046525561129805666
-1.467111592337002,0.11054479141369611
-1.078737681992149,0.49822476515768604
-1.6743139427028404,1.8580854608301705
-5.654426461599317,0.08528263915389009
-1.5996729917204298,2.6776183502722333
-1.3358502099888652,0.7688577409745595
-0.6082550601426097,0.529964822053538
-2.315892483651496,-1.0158082322196857
-1.6630385918957893,2.015195362425033
-1.891063157677491,1.529047865147454
-5.830835974821665,-0.32181609672849976
-1.0042316213951907,2.2629745035711606
-6.183874938603779,0.0571525174507342
-1.1898030978887961,-0.07576286530207696
-2.027667290463719,2.0310444317252125
-1.8463579359747422,-1.5080415718544635
-2.2136667851527205,1.865129319013901
-1.0398847873206065,-0.4656840837877798
-6.023411010356854,-0.10029554337286324
-1.8887400001475343,-0.9543085364992594
-4.701045212194433,-0.019212444690488578
-1.7195537583796816,1.3428782810321662
-6.231537646161516,-0.4192127570534889
-0.5444780126826335,0.23108205688379002
-1.210001783484587,1.1786172339429548
-4.84807756535651,-0.04318342063106423
-0.899442638818738,0.4288278646514617
-6.294801220163208,0.03734899624359647
0.7056486551976455,-0.7867866315849887
-1.632414007593058,2.293623084511124
-0.8758601214149315,0.21678649497109398
-0.9354318183422772,-0.14685704416767925
-1.1115488324397034,0.9304635255429281
-0.5176630807890813,0.023392484392224206
-0.8075467207334066,0.5028904129622336
-1.0514738576083158,0.11253814946076172
-0.7164000252973625,-0.03619760235939569
-5.913299099402201,-0.3876303745981009
-0.10296827487484327,-0.32832647610241317
-1.7393420087533595,2.0372304443860436
-1.6746722596168668,1.4237987814901256
-1.2950481284139361,0.5198455040926859
-5.614799810578876,-0.21468959246217714
-6.045610958426213,-0.2979731056828001
-1.360728965997248,2.0064356680741207
-0.7444819114238378,0.704452222762287
-1.666475019834018,1.307001534850518
-1.1327751064248466,-0.47014327509925735
-6.175842825575824,-0.3311592924563247
-5.321572780719253,0.3610382412947109
-1.2134823713599627,1.3262652994620912
-1.7172569793330126,-1.3632555915546247
-1.722796759306197,2.2967193669877557
-1.9176521771456594,2.5874688973451763
-0.8566440291238401,-0.4507225884654473
-6.524848381576076,0.27593001066694073
-5.986486951483817,0.5841062120617841
-1.0304725255881426,0.11377939625893585
-5.641490690796308,-0.7396227095410389
-1.2415726947129175,1.7794476514154418
-4.489822939615894,-0.686418655519931
-1.7018303734897382,1.0296102264723903
-0.5281408583459188,0.08498818843133742
-1.4712754269521175,1.7376111075790612
-4.707474626783816,0.4506105114094425
-1.1169284280366791,-0.09725546894438952
-1.9402887128726418,1.2822901055804548
-5.791132892247855,-0.10762820339564301
-6.316416234807161,-0.4124639575246118
-1.4098590920526777,2.4384461827078456
-1.9535772877931896,-1.1860019866539557
-1.9973079335604047,-1.0411037000877807
-6.006937689068424,-0.12187265906966399
-2.0606969650635514,-1.079448847892823
-1.656167988132788,0.7606531468910522
-2.4558117879102137,-1.6096705883775007
-2.715389240374287,1.988039291184878
-1.1486349497233188,0.23218742726684027
-1.599929326904809,1.7627035383400678
-5.5472524394814196,0.1547959928769958
-1.2153583820505602,-0.7525892657268618
-1.495668979806875,-0.7960269097190602
-0.9276186998869392,0.29364069747400345
-1.607349625497172,1.7313126276984954
-6.2895552635340755,-0.019759113709237965
-0.6868210037806433,-0.5635081344876265
-0.642934330533079,-0.681133839950903
-1.184213924725748,-0.6178806190977628
-1.2815989845175784,1.9687793663315885
-4.659511459282861,0.18271557726489118
-1.1788065265045753,1.6462038475233953
-0.4728163226002993,-0.39071547025999964
-1.262654585020552,-0.7211922469832563
-1.1695113681871974,-0.06207691688258804
-2.3150798464643745,-1.5851621799015239
-1.6088704227365664,1.4833322571639727
-1.7183139285034366,2.3768318059264852
-1.5986324166161359,2.5390134763979333
-0.9731130486410783,-0.031001537719193593
-1.1073153817650596,0.3008278089971536
-0.8117078836104716,0.5334405984569249
-4.990452463549968,-0.15865973214333617
-2.0238679690473584,-1.1912332771139371
-0.8868916766571346,-0.7849761414453283
-0.6893725450599327,0.10374845665459993
-0.9078263695726786,-0.016148658289771755
-2.3049386011078234,-1.9844076124093502
-0.18033643371987426,-0.7302299198476327
-2.115667418409994,-1.7937067040371508
-5.550829197132837,-0.5962951629179895
-0.908641360197816,1.671252990393039
-1.0061590814787496,1.0617236262750354
-0.5056508067334122,0.9020461949067039
-2.1240926018719333,-1.312307507782561
-6.120194581793818,0.3721514357547992
-1.181394774116579,-1.0402517665342972
-0.4502902893328664,0.5376025437639752
-6.428695295967992,0.2607886250535891
-1.529016624310157,-0.25755449420287396
-5.604260586184433,-0.3709909324563956
-1.1483461357060671,1.0124113113731046
-1.0914924491479212,-0.5499580037095992
-1.5381634919083067,-0.9369382320835902
-2.0891819953106134,1.502509211498154
-1.5414587613869126,1.031035851105973
-1.0858924538901726,-0.9978270256226361
-1.4745466877790445,0.46236355732558915
-0.91067679686816,0.7969941551835462
-0.8569104750132978,-0.3229545802077525
-6.2433913326072,-0.06205914511776218
-1.34106490857766,1.758026168148661
-5.1567582820452,0.5713389535263873
-1.053616068829435,0.2786367851555141
-5.522394253956216,-0.1684828152525603
-0.9877190448418333,0.9402776682464021
-2.1465795901014335,-1.632906193483452
-6.232425353511132,0.41627095113656476
-0.15245056428431727,-0.06933330450989665
-1.2266923171709527,1.7319555437425214
-5.958562323975773,-0.6976204629849898
-6.223292872288483,-0.43782013336857173
-1.5645985698957243,-1.214729658703792
-0.8600419125967569,0.999482581023071
-1.8332936892320366,1.2051796564095645
-2.0665825014810433,-1.2676617115185855
-6.244811714269685,-0.5783255407622881
-1.16854616905408,-0.26579405893244223
-0.8805576265507276,0.4710380266336205
-6.075982133791893,-0.6132950501247338
-2.1345212472581925,1.7786961282497264
-2.056016281455596,2.190772608371191
-1.6819650221246047,0.974108456991994
-2.5358249880520507,-1.2176513687614277
-1.1170881004373572,1.1213546051298224
-0.748034977379213,-0.7443661162007115
-0.7681022237166252,-0.11814012762933895
-6.142158164101512,-0.2867051559837437
-0.7153351571514597,1.584417025994361
-0.7320264528995591,0.848861822553556
-2.1637203520446455,2.46153753690254
-6.0235366539499555,-0.01958171764621033
-1.9938191721779996,1.2254945226778324
-1.3813077922611292,-0.7205442314009866
-1.0306274852722226,0.03250886864690564
-2.0578911430277977,2.2547709331013532
-1.0630344604615154,-0.010775585073802444
-1.2722269901219005,1.1004559394230864
-1.6309186705566474,1.8312334021871015
-1.1429650055262226,-0.4356727388720866
-1.9313301515539103,0.852524270497205
-1.0122763863464468,-0.11798351353787756
-5.3238676233034425,0.15644903059627172
-1.620480052092637,1.5420560679207385
-0.7321582683771494,0.4552342872358549
-1.606902661611384,1.6900610851794127
-1.0910308027538536,0.8790714658764639
-0.751338064665181,-0.009857702651343196
-1.224899812287498,1.5183360731664541
-6.376993273614359,0.37471253875467603
-1.759712741295286,2.6765560742172996
-2.357595312671418,-0.8594391460718754
-0.6568347544090074,1.1186546074462567
-1.475064247466754,-1.416158420474833
-1.5958080065662634,2.840612418815164
-1.5266014034753619,0.525596737358608
-0.2714709694771303,0.13314333144911386
-6.172068289971312,0.004458361137156328
-0.9318813541653995,-0.09084242705113442
-1.8963068336228632,-1.1600287794867867
-1.870395946330894,1.9951271618273485
-1.1514797414259539,-0.5134466280753446
-1.0601656366537897,0.9793728243413544
-1.0722790877181714,0.1751816952958965
-2.1495901572900564,-1.2235929915428194
-0.795410162131561,0.16443486342735628
-2.0583624511747867,1.7125570940762582
-1.4256736409032136,-0.45769740641037426
-1.814021566775084,0.27207089179448657
-5.769009935969508,0.2687525485037076
-1.2739418937325317,-0.17025092452386334
-6.3610489099451915,-0.3833415520709544
-1.637410410250353,2.7871941836594925
-6.214098100383774,0.3080644190320797
-0.8988770991196205,0.1497258158883473
-1.704445617230392,1.865484185137097
-0.9891824265089791,1.4933805345544164
-1.0549326778934534,0.6466790917260042
-1.3237214053701307,1.0647006396382852
-2.4583760083509594,-0.6409914695120634
-1.0266830118529024,0.2658971999821313
-1.018770190301238,0.26601492942823357
-2.3140629018171777,-1.1062004003233636
-1.6187314446543635,1.9704373408014026
-1.5192982160838164,-0.34211384702860004
-2.3456807227944294,-1.3036007531334588
-0.8293082529759845,-0.6019942235109946
-0.4515036986234312,0.8685843904604711
-1.3681107329683488,1.1046404532041947
-5.358594624303255,-0.5444108287319273
-2.6636089991086247,2.055836246933234
-1.2593734124060778,0.48304274188923657
-1.8159101534471929,1.70800063852447
-1.9152383790679561,2.090841561607105
-1.2355614062602105,1.040023915624127
-5.383394444079556,-0.054149065500636764
-1.1460200244566552,-0.7881329153261631
-1.063571311628802,0.2128503074998316
-1.5689247609388817,1.4267300316454545
-0.9920597916330163,0.43577568002671546
-1.853337331741094,1.9825178011774858
-0.600477609391383,0.1488002010118068
-2.204678358071774,-1.6698813141354727
-5.469034410352513,0.2560025683409498
-1.101809358975239,-0.7288682603562316
-0.6212404697936907,-0.1872511037421119
-1.1276853262822666,-0.48770812033461725
-1.2708072315103343,-0.916226115030855
-2.1523156109006005,-1.425365435074623
-5.84453835925163,0.06515948913275274
-1.0069290614368964,-0.9776510185846756
-0.8942594520711825,-0.15749242115511203
-1.7348227900426678,-0.39167977372778945
-5.977766754573447,-0.07836292725965867
-2.200323220351035,1.0016702966287188
-5.657801757529374,-0.4103759328183508
-1.2010318801439879,0.95851962390173
-1.566727277863652,2.0901494183126443
-0.7523427086198243,0.4082068869513387
-1.0080009354541877,-0.20692700106177686
-1.946740782378506,1.5394115157813768
-1.5512766159005147,-0.3562642892959017
-0.713507525639927,0.5336122340022783
-1.1188083045949373,-0.13430164402948852
-1.5485268129322782,1.5361864480127516
-6.205669091848927,0.4195113922859922
-1.8733744134083554,2.170634351789729
-2.435293646053249,-0.8240290784315382
-1.8529493621521644,1.7762225171476573
-1.544083041614367,0.3147758506437574
-1.9940382050062244,2.373315874688474
-5.2086172808701265,-0.1832293871866792
-1.7282688083562172,1.6241931392371738
-2.123340541028985,1.6317437896951357
-1.8654759770203049,2.634552134831828
-1.7644524958728511,0.39523688299688214
-6.3155955670747534,0.1413186658066745
-1.2279446542641697,-0.37772158022362584
-1.8515470470204431,2.317135018402833
-1.6310522758707804,1.2695031409830437
-1.8821505998791552,2.322256925978107
-5.8186260077341405,-0.165445300851735
-1.5239904258188472,-0.21912313410727433
-2.079325274542456,-1.160986589989971
-2.0282646516533043,-0.6770097449118297
-2.3046581102989814,-1.079767720069318
-0.6218594675609721,-0.06055966927273104
-4.693890626042422,-0.21599024123580843
-0.7552049488971739,0.13697340514869977
-4.827089406997721,0.19196732834584124
-1.628068813513813,1.7969355210509488
-1.5042896623949176,0.7584419862826877
-0.9278655821057799,0.33289592274450797
-1.5388322154615561,0.22460357644204898
-2.061239601390149,-1.268241523390909
-0.7937319220617125,-0.10029964288534567
-0.9203165992231632,0.030791861958783636
-1.9338243598606815,1.6487836778657723
-1.4534588886270632,2.353010502121612
-0.7819749516485406,-0.3880895205873217
-2.4819881765188097,2.2498816976714333
-1.9607062990746473,1.4653748510341644
-1.3956890415272718,0.64605036129439
-1.2870243279462534,-1.0737770163774427
-2.2451562770807416,2.2480217866704266
-5.737129983305435,0.4613058495162488
-1.467626344431334,0.07806642682757621
-5.5438375348108995,-0.34499323768792406
-6.0383345027783,-0.0049675650336451545
-5.2354041746206414,0.509750027050521
-5.889576725270345,0.25590159733843
-5.783510711117247,0.20382414128132698
-6.443736836935487,-0.7759410254699385
-1.7572536220470094,1.6958030155205044
-5.0927760193894285,0.16677839411287318
-5.796913809666258,0.1607590769065269
-2.119993356169076,-0.8565499212960933
-1.8379757001583383,-1.5908161191932277
-0.9092876103877635,-0.28099500441588515
-1.35738387146094,-0.42165886625635746
-0.7436526891999492,0.754393382234105
-2.4332487037479713,-0.9196712028017828
-1.1640287044995603,0.052478491760450635
-1.3918224957583394,-0.16953644057694325
-1.7397315966218796,1.8238135340539412
-1.9269576335957224,2.516525312535792
-1.5425109717205108,-0.16303820723232698
-6.034518782420247,-0.3334872534443703
-2.4012396520424866,-0.9299623291020948
-0.6957657744224754,-0.9759972835379426
-5.807742035256234,0.1702428620439196
-1.8920101634358184,1.6512475815634107
-1.3518762826484656,-0.654267154544628
-0.7586412580495824,0.30072805720491613
-0.8740075444111824,1.5212302917484302
-6.2860917910134635,0.3120256386656325
-5.727848271346475,-0.2572491029387441
-1.2138335722350473,0.20558517743266166
-1.4385538095708406,0.2176491049209607
-1.3967555296891252,0.649007186419261
-1.8116341870857153,-0.4089421821793647
-0.9870676262301031,0.19647550875726794
-1.5414458432097455,-0.2752279446165215
-1.829283344123955,2.1063132314571362
-1.7910672867883681,1.899334931937773
-1.3451164319946454,1.125627782702082
-2.321393831573213,1.8749492087784874
-1.7039113757110875,-1.0866573878267047
-1.3239412247910414,-0.5243844925315296
-0.672230407312649,0.5725304239013052
-1.4009474675654099,1.7685390647504466
-2.1001067735354413,2.240999930732929
-1.275754688568422,0.09396058731183066
-1.3376585135978893,-0.07410013632767265
-1.1550784984568883,1.0005472541966285
-6.252746714401298,-0.46825176465097823
-1.4317313258356519,1.7608332756449832
-2.488548466450913,-1.350127583683834
-6.012939616236217,0.25781240197418265
-5.924575115181861,-0.20346712022035135
-1.2684367633683493,0.5801281058072503
-1.2365491809988762,0.06989699575124786
-0.8942318020741219,-0.9495851861348423
-6.112638093186443,0.09004498803619139
-1.5980671556510628,0.9438908904887148
-5.6619964480907585,-0.26041384021944675
-6.071187459722906,-0.41105443926693863
-1.4321526541670568,-0.40003468652798396
-6.007784587051026,0.6262651769803547
-0.7601016530353933,-0.04760519026382606
-5.702936962395416,0.7687896986997672
-1.0935556828236268,0.5529956334516596
-2.214267043823947,-1.2131484788541151
-1.4736386405319792,1.2727128393094798
-5.314335761882285,-0.5274923552886983
-6.299463239915686,0.05877878894169268
-1.7977363405791633,-0.4508338004177792
-1.3439771656314214,-0.7033731674372437
-1.4843859469055325,1.5371217494700016
-6.494862830946665,-0.19815116804813904
-2.321824194754682,2.0675417752404788
-1.9459691605791811,1.4097085311129351
-0.5871905861436186,-0.13127417123904728
-1.5672846856202536,0.8911417532716233
-6.236239826514445,-0.5331273544796779
-1.6215021308961854,1.1839059359868245
-1.4639506801312312,1.318581248844179
-2.343977693630458,-1.2505421068458813
-1.9124515470457335,-1.1240124787003583
-5.598584564976207,-0.09335515676706899
-6.177695673868032,-0.03177399277924064
-1.5763836866093839,-0.33703455658698006
-1.9669581915604848,1.9578505247149078
-2.0235214533964876,-1.0476675538356741
-0.8250638240344149,0.9847924162774416
-1.8686196198566587,-0.8209222970381835
-1.0601796872568952,-0.22755929758528273
-1.067155683033016,0.47677013122229217
-5.8061519631083085,0.151787226576931
-1.783138716969517,2.259032450346011
-1.2754696623026607,0.19782056989290994
-1.4202657178995655,0.18869826996359118
-2.4883859702430833,1.893212806390908
-0.8453024907431695,0.38000685876110873
-0.4525015444894289,0.5658117956512382
-5.935058375177927,0.2173872705543521
-2.2122540721881427,1.3203435856407324
-5.3255409764805695,-0.5816697944330305
-1.3857282994331195,0.3143241680808779
-4.6179275765858865,0.1625056815081011
-1.078777545469551,0.4258504177126669
-6.054906258977852,0.1386024544912468
-0.9204429643456644,0.23948329776756672
-1.6624742854460464,-0.31456879345962735
-1.1318649471090398,0.18321966044040863
-1.838459742084699,-0.4120229035548282
-2.4233178243814697,1.6323633142087657
-1.2397988402203513,0.5219579835370777
-1.466932059121157,-0.3198116992116414
-1.3581467853352827,0.5524953658586239
-5.576741863090383,-0.8699323963908748
-1.066500965803363,0.09664187675048895
-5.729865056362068,-0.12987297769947892
-1.3001256737802502,0.3628762498089403
-1.6908803865529587,-0.2601842295895225
-1.406810059515464,-0.08203215173551955
-1.056268000524729,0.15886034885488112
-2.5053730473087885,-1.4434047272729316
-1.6803970910077584,1.7248358422220045
-1.5469310126069526,-0.2768582232297395
-2.8678090015433226,-0.8613262831336408
-1.3820744297875258,0.1863425611648245
-1.4302411846504588,0.4730817712400435
-2.1781918868085306,-0.15488987624213377
-5.860508627180583,0.6595396090513532
-1.4279662063261698,0.2609812928062478
-0.9248850503248953,0.23840769610118526
-1.8147278277532282,-0.46918741613514825
-1.6660228653405669,1.9539683154182703
-2.5424364159806285,1.9893278595648307
-6.164732864566375,0.4488962075411072
-2.4768331222405897,-0.8762597276763814
-4.624246724774137,-0.2558814930147813
-1.303440473015444,0.19439769585043085
-1.2106597182086969,0.13388464294359156
-6.159394030206781,-0.03722674733153382
-1.0667686000069896,-0.9000767726242078
-1.230917351868352,0.38015071990757887
-1.2359625376696979,0.0779000989696871
-1.1706297629241342,0.24253514080551833
-1.6972340032337732,1.277861456859862
-1.5684652293586319,1.436854479207458
-1.4088670466637023,-0.2515568340960879
-2.237339123627305,-0.5297758432924512
-1.2449404316225439,0.060124870397883216
-2.1603860575574303,-0.04123751334571393
-6.36925618317038,-0.27108817017501285
-1.704125068541922,0.35245869459955476
-1.866908139506577,0.03777996612878787
-1.320565339182942,1.1800488207957631
-6.3447550261719945,0.5106454840523302
-1.4997954488104612,0.17733407587794442
-3.328055206464708,2.0746446747609792
-3.3214002997702523,-0.7466398635656384
-1.7488988177302442,0.1300517472446153
-2.82758261695016,0.8850366175591207
-2.3671015944574423,2.3967967746840886
-2.1473564490073374,1.646963516162015
-1.7021095759823017,-0.20389542701734978
